author,title,description,url,publishedAt,content
Passant Rabie,Ships Stuck in the Strait of Hormuz Could Cause an ‘Invasive Superspreader Event’,Scientists warn that thousands of stranded vessels may lead to the spread of invasive species around the world.,https://gizmodo.com/ships-stuck-in-the-strait-of-hormuz-could-cause-an-invasive-superspreader-event-2000792824,2026-07-30T14:20:36Z,"The Strait of Hormuz has been closed since February 28, stranding more than 1,500 vessels in the narrow waterway. Aside from the impact on the global supply chain, the idle ships could also have a de… [+3339 chars]"
https://www.facebook.com/bbcnews,US renews strikes on Iran as Trump threatens to attack Pickaxe Mountain,The US president's threat to target a key Iranian nuclear site came ahead of the 11th consecutive night of attacks.,https://www.bbc.co.uk/news/articles/cdrv0p37k8jo,2026-07-22T03:05:08Z,"The United States launched strikes on Iran for the 11th consecutive night late on Tuesday, as Tehran warned the US against targeting its nuclear facilities.
US Central Command (Centcom) said the wav… [+3661 chars]"
By Samia Nakhoul,"Analysis-After Hormuz, Iran turns to Red Sea gateway as new pressure point","By Samia Nakhoul BEIRUT, July 14 (Reuters) - Having choked off shipping through the Strait of Hormuz, Iran is now signaling it could play its most dangerous...",https://www.yahoo.com/news/world/articles/analysis-hormuz-iran-turns-red-141711447.html,2026-07-14T14:17:11Z,"By Samia Nakhoul
BEIRUT, July 14 (Reuters) - Having choked off shipping through the Strait of Hormuz, Iran is now signaling it could play its most dangerous card yet: using Yemen's Houthi allies to … [+5039 chars]"
DAVID McHUGH,Mideast oil producers step up plans to bypass the Strait of Hormuz,"Before the war in Iran, roughly 15 million barrels of Persian Gulf oil were shipped each day through the Strait of Hormuz.  Within a few years, much of that...",https://www.yahoo.com/news/world/articles/ml--iran-bypassing-hormuz-072947409.html,2026-07-23T07:29:47Z,"Before the war in Iran, roughly 15 million barrels of Persian Gulf oil were shipped each day through the Strait of Hormuz. Within a few years, much of that oil could bypass the strait.
As Iran's cho… [+5752 chars]"
DAVID McHUGH,Mideast oil producers step up plans to bypass the Strait of Hormuz,"Before the war in Iran, roughly 15 million barrels of Persian Gulf oil were shipped each day through the Strait of Hormuz.  Within a few years, much of that...",https://www.yahoo.com/news/world/articles/mideast-oil-producers-step-plans-072947409.html,2026-07-23T07:29:47Z,"Before the war in Iran, roughly 15 million barrels of Persian Gulf oil were shipped each day through the Strait of Hormuz. Within a few years, much of that oil could bypass the strait.
As Iran's cho… [+5736 chars]"
https://www.facebook.com/bbcnews,Trump says US strikes hit Iran in 'honour' of American soldiers killed,"Iran responded with attacks in Syria and Jordan, as two ships reportedly exploded in the Strait of Hormuz.",https://www.bbc.co.uk/news/articles/cly52xzjd3qo,2026-07-20T06:31:55Z,"President Donald Trump says the latest strikes by the US hit Iran ""very hard"", adding that the attacks were ""in honour"" of three US soldiers killed in recent days - two in Jordan, one in Iraq.
In th… [+2200 chars]"
"By Jonathan Saul, Parisa Hafezi, Timour Azhari and Chen Aizhu","China in touch with Yemen's Houthis to allow ships to sail through Red Sea, sources say","By Jonathan Saul, Parisa Hafezi, Timour Azhari and Chen Aizhu LONDON/DUBAI, July 28 (Reuters) - China has held direct talks with Yemen's Houthi movement to e...",https://www.yahoo.com/news/world/articles/china-touch-yemens-houthis-allow-172748379.html,2026-07-28T17:27:48Z,"By Jonathan Saul, Parisa Hafezi, Timour Azhari and Chen Aizhu
LONDON/DUBAI, July 28 (Reuters) - China has held direct talks with Yemen's Houthi movement to enable its tankers to sail through the sou… [+3324 chars]"
Reuters,"Oil down more than 4% on profit taking, report of China-backed push to end US-Iran fighting","HOUSTON, July 24 (Reuters) - Crude oil futures prices were more than 4% lower on Friday as traders booked profits and after sources said that China had initi...",https://finance.yahoo.com/news/oil-prices-slide-but-head-for-weekly-rise-on-middle-east-escalation-084515480.html,2026-07-24T17:07:46Z,"HOUSTON, July 24 (Reuters) - Crude oil futures prices were more than 4% lower on Friday as traders booked profits and after sources said that China had initiated a push to resume stalled peace talks … [+2916 chars]"
"By Parisa Hafezi, Samia Nakhoul and Jonathan Saul","Exclusive-Iran tells Houthis to close Red Sea gateway if US hits power network, sources say","By Parisa Hafezi, Samia Nakhoul and Jonathan Saul DUBAI, July 16 (Reuters) - Iran has asked Yemen’s Houthi movement to stand ready to close the Red Sea oil r...",https://www.yahoo.com/news/world/articles/exclusive-iran-tells-houthis-close-115441161.html,2026-07-16T11:54:41Z,"By Parisa Hafezi, Samia Nakhoul and Jonathan Saul
DUBAI, July 16 (Reuters) - Iran has asked Yemen's Houthi movement to stand ready to close the Red Sea oil route if the United States strikes Iranian… [+4714 chars]"
"By Elwely Elwelly, Ahmed Elimam and Eman Abouhassira",Trump vows to punish Iran for Houthi attacks in Red Sea; oil surges over $100,"President Donald Trump promised ""major military punishment"" for Iran and its Houthi allies on Thursday after the Yemeni fighters struck two Saudi oil tankers...",https://www.yahoo.com/news/world/articles/trump-vows-to-punish-iran-for-houthi-attacks-in-red-sea-oil-surges-over-100-133244120.html,2026-07-24T00:21:05Z,"By Elwely Elwelly, Ahmed Elimam and Eman Abouhassira
DUBAI, July 23 (Reuters) - U.S. President Donald Trump promised ""major military punishment"" for Iran and its Houthi allies on Thursday after the … [+5769 chars]"
https://www.facebook.com/bbcnews,Houthis claim attack on oil tankers after US launches more strikes on Iran,"The Houthi attacks would be the first in the Red Sea since the Iran-backed group announced a ""maritime embargo"" against Saudi Arabia.",https://www.bbc.co.uk/news/articles/cpw9xzx9r4ko,2026-07-23T02:33:04Z,"Yemen's Houthis say they have attacked two Saudi oil tankers in the Red Sea after the US launched its 12th consecutive night of strikes on Iran. 
Iranian state media said two people had been killed … [+2744 chars]"
https://www.facebook.com/bbcnews,Why limited war with the US may suit Iran better than peace,Iran may believe it can control its conflict carefully enough to keep pressure on the US while avoiding an all-out war.,https://www.bbc.co.uk/news/articles/c78gnyq3wvdo,2026-07-30T17:26:01Z,"Meanwhile, Saudi Arabia, the UAE, Qatar and other oil and gas exporting countries in the region could gradually resume normal exports while Iran remained economically isolated.
A limited conflict co… [+1600 chars]"
https://www.facebook.com/bbcnews,US launches 'powerful' strikes on Iran after attempted attack on American troops,"The US military called the strikes ""a powerful response"" to Tuesday's firing by Iran on US bases in Jordan.",https://www.bbc.co.uk/news/articles/c74gwdzywmeo,2026-07-30T01:16:55Z,"The US military says it has begun launching strikes against Iran in retaliation for an attempted surprise attack on American forces in the Middle East.
Centcom said on X the strikes were ""a powerful… [+2492 chars]"
Joe Hernandez,How a fertilizer shortage caused by the Iran war could affect U.S. food prices,"The closure of the Strait of Hormuz disrupted shipments of fertilizer and natural gas, a key component in fertilizer manufacturing. It's unlikely to cause major price hikes for U.S. grocery shoppers.",https://www.npr.org/2026/07/03/nx-s1-5877344/fertilizer-shortage-food-prices,2026-07-03T09:00:00Z,"When the war with Iran started, one of the top economic concerns globally was the slowdown of oil shipments. But there was another critical export that got stuck in the region when hostilities began:… [+6993 chars]"
"By Nayera Abdallah, Eman Abouhassira and Timour Azhari","Houthis impose Saudi naval blockade, opening new front in US-Iran war","DUBAI/RIYADH, July 20 (Reuters) - Yemen's Iran-aligned Houthis said on Monday they were imposing a naval blockade on Saudi Arabia, a move that opens a new fr...",https://uk.news.yahoo.com/us-launches-iran-strikes-ninth-015151599.html,2026-07-20T13:52:32Z,"By Nayera Abdallah, Eman Abouhassira and Timour Azhari
DUBAI/RIYADH, July 20 (Reuters) - Yemen's Iran-aligned Houthis said on Monday they were imposing a naval blockade on Saudi Arabia, a move that … [+5523 chars]"
By Timour Azhari and Parisa Hafezi,Oman presents Iran with Gulf-backed plan for voluntary fees to use Hormuz,"DUBAI, July 28 (Reuters) - Oman has presented Iran with a plan backed by Gulf states to manage the Strait of Hormuz, including collecting voluntary fees for...",https://uk.news.yahoo.com/gulf-states-back-plan-let-104804717.html,2026-07-28T17:57:12Z,"By Timour Azhari and Parisa Hafezi
DUBAI, July 28 (Reuters) - Oman has presented Iran with a plan backed by Gulf states to manage the Strait of Hormuz, including collecting voluntary fees for using … [+5478 chars]"
FATMA KHALED,Yemen's Iranian-backed Houthis say they will block Saudi shipping at Red Sea gateway,Yemen's Iranian-backed Houthi rebels on Monday announced they are imposing a maritime embargo against Saudi Arabia in retaliation for a blockade on Yemen and...,https://www.yahoo.com/news/world/articles/yemens-houthis-announce-maritime-embargo-122121844.html,2026-07-20T12:21:21Z,CAIRO (AP) Yemen's Iranian-backed Houthi rebels on Monday announced they are imposing a maritime embargo against Saudi Arabia in retaliation for a blockade on Yemen and a recent attack on Sanaa Inter… [+4188 chars]
The Associated Press,Jordan intercepts Iranian missiles as U.S. and Saudi Arabia strike militias in Iraq,"Jordan intercepted five missiles launched from Iran, the country's military said, hours after the U.S. military said it had knocked down an Iranian missile barrage launched against American forces.",https://www.npr.org/2026/07/29/g-s1-136063/us-saudi-arabia-iran-iraq,2026-07-29T09:07:03Z,"CAIRO Jordan's air defenses intercepted five missiles launched from Iran early Wednesday, the country's military said, hours after the U.S. military said it had knocked down an Iranian missile barrag… [+5142 chars]"
https://www.facebook.com/bbcnews,Houthi attacks raise fears of wider Middle East conflict and more global economic damage,The Iran-backed group in Yemen has threatened to target Saudi vessels in a vital shipping route.,https://www.bbc.co.uk/news/articles/cvgve0vxy1yo,2026-07-23T17:06:08Z,"Yemen's Houthi fighters claim to have attacked shipping in the Red Sea - a move that threatens to further escalate the already volatile situation in the Middle East.
By forcing ships to turn back fr… [+2425 chars]"
The Associated Press,US attacks Iran over ship being hit in Strait of Hormuz; Tehran lashes out again at Gulf Arab states,"The United States attacked Iran early Sunday morning over an Iranian attack on a vessel in the Strait of Hormuz. Iran apparently responded with strikes targeting Bahrain, Qatar and the United Arab Emirates.",https://www.npr.org/2026/07/11/g-s1-133212/us-iran-vessel-attack-strait-hormuz-gulf,2026-07-12T01:32:36Z,"DUBAI, United Arab Emirates The United States attacked Iran early Sunday morning over an Iranian attack on a vessel in the Strait of Hormuz, setting the container ship ablaze and forcing its crew to … [+3516 chars]"
SUZAN FRASER and JOSEPH KRAUSS,Here's why new fronts seem to be opening up across the Middle East,A look at why so many fronts seem to be heating up at once in the Middle East.,https://www.yahoo.com/news/world/articles/ml--iran-us-new-fronts-explainer-170141335.html,2026-07-30T17:01:41Z,"ANKARA, Turkey (AP) Houthi rebels in Yemen said they attacked Saudi oil facilities. The Saudis blamed militias in Iraq and joined the United States in bombing them. Iran fired missiles at Jordan. Dro… [+5332 chars]"
Jane Arraf,U.S. and Iranian attacks continue as tensions mount on a key waterway in the Red Sea,"The attacks overshadowed diplomatic efforts in Pakistan, one of the conflict's mediators, where a senior Iranian official held talks potentially aimed at reviving a collapsed ceasefire between the United States and Iran.",https://www.npr.org/2026/07/22/nx-s1-5902843/us-iran-updates,2026-07-22T10:46:01Z,"The U.S. military launched more airstrikes on Iran early Wednesday as Iran hit back against U.S. military targets in the Gulf and Jordan.
The attacks overshadowed diplomatic efforts in Pakistan, one… [+4888 chars]"
Al Jazeera Staff,Iran and Oman exchange proposals to manage Strait of Hormuz,"Omani proposal is based on the Strait of Malacca model, where ships that use the strait provide voluntary fees.",https://www.aljazeera.com/news/2026/7/28/iran-and-oman-exchange-proposals-to-manage-strait-of-hormuz,2026-07-28T21:01:19Z,"Iran and Oman have exchanged proposals regarding the future management of the Strait of Hormuz, as points of contention continue to exist between the two nations whose territorial waters border the s… [+3372 chars]"
The Associated Press,Can the U.S. and Iran take the off-ramp?,"The U.S. military has paused its airstrikes on Iran after nearly two weeks of intensifying bombing, while diplomatic efforts have pushed forward to try to avert a return to all-out war.",https://www.npr.org/2026/07/27/g-s1-135611/can-the-u-s-and-iran-take-the-off-ramp,2026-07-27T05:57:59Z,"WASHINGTON The U.S. military has paused its airstrikes on Iran after nearly two weeks of intensifying bombing, while diplomatic efforts have pushed forward to try to avert a return to all-out war.
B… [+6393 chars]"
The Associated Press,U.S. launches strikes after Iran fires on civilian vessel in Strait of Hormuz,"Iran says it again considers the Strait of Hormuz closed after its military struck a ship using an ""unauthorized route."" In response, the U.S. military announced a third round of strikes this week.",https://www.npr.org/2026/07/11/g-s1-133212/us-iran-vessel-attack-strait-hormuz,2026-07-12T01:32:36Z,"DUBAI, United Arab Emirates Iran said the Strait of Hormuz was closed once again after a warning shot fired by its military struck a vessel using an unauthorized route in the critical waterway, furth… [+5359 chars]"
"By Humeyra Pamuk, Gram Slattery and Tala Ramadan","US military says it is carrying out fresh strikes on Iran, after Trump says accord is 'over'","By Humeyra Pamuk, Gram Slattery and Tala Ramadan ANKARA/DUBAI, July 8 (Reuters) - The U.S. military said on Wednesday it was launching fresh strikes on Iran...",https://www.yahoo.com/news/politics/articles/trump-says-interim-accord-to-end-iran-war-is-over-warns-of-new-us-strikes-134814826.html,2026-07-09T01:01:28Z,"By Humeyra Pamuk, Gram Slattery and Tala Ramadan
ANKARA/DUBAI, July 8 (Reuters) - The U.S. military said on Wednesday it was launching fresh strikes on Iran aimed at keeping the critical Strait of H… [+5101 chars]"
NPR Staff,The U.S. is set to reinstate a blockade over the Strait of Hormuz,"The U.S. military announced it will begin its blockade of Iranian ships over the Strait of Hormuz on Tuesday, as Iran vowed to assert its own control over the critical international waterway.",https://www.npr.org/2026/07/14/nx-s1-5893257/us-iran-updates,2026-07-14T09:56:45Z,"The U.S. military announced it will begin its blockade of Iranian ships over the Strait of Hormuz on Tuesday, as Iran vowed to assert its own control over the critical international waterway.
CENTCO… [+6405 chars]"
"Analysis by Brett H. McGurk, CNN",Iran weaponized the Strait of Hormuz. Now its neighbors are building around it,"For the first time in decades, the Middle East is investing seriously in a future in which the Strait of Hormuz may no longer be indispensable.",https://www.cnn.com/2026/07/24/politics/middle-east-energy-map-redrawn-pipeline-projects-mcgurk-vis,2026-07-24T08:00:25Z,"Brett McGurk is a CNN global affairs analyst who served in senior national security positions under Presidents George W. Bush, Barack Obama, Donald Trump and Joe Biden.
Wars often end somewhere diff… [+9402 chars]"
BEN FINLEY,The US military says it's thwarted an Iranian missile attack on American troops,"Iran launched multiple ballistic missiles at American forces in the Middle East on Tuesday, shattering a brief pause in fighting as mediators tried to get bo...",https://www.yahoo.com/news/world/articles/saudi-arabia-says-shot-down-215248145.html,2026-07-28T21:52:48Z,"WASHINGTON (AP) Iran launched multiple ballistic missiles at American forces in the Middle East on Tuesday, shattering a brief pause in fighting as mediators tried to get both sides back to negotiati… [+4562 chars]"
By Jonathan Saul and Renee Maltezou,"Some ships refusing US-military guided Hormuz transits after attacks, sources say","By Jonathan Saul and Renee Maltezou LONDON/ATHENS, July 15 (Reuters) - Shipping companies are avoiding using a U.S. military-guided transit scheme through th...",https://www.yahoo.com/news/world/articles/ships-refusing-us-military-guided-154218357.html,2026-07-15T15:42:18Z,"By Jonathan Saul and Renee Maltezou
LONDON/ATHENS, July 15 (Reuters) - Shipping companies are avoiding using a U.S. military-guided transit scheme through the Strait of Hormuz after a wave of Irania… [+4938 chars]"
JON GAMBRELL,US and Iran escalate strikes across Mideast,The United States and Iran exchanged strikes aimed at infrastructure and military targets on Saturday as their battle over the Strait of Hormuz intensified....,https://www.yahoo.com/news/world/articles/ml--iran-us-041126104.html,2026-07-17T04:11:26Z,"DUBAI, United Arab Emirates (AP) The United States and Iran exchanged strikes aimed at infrastructure and military targets on Saturday as their battle over the Strait of Hormuz intensified.
The regi… [+6619 chars]"
JINTAMAS SAKSORNCHAI and ANTON L. DELGADO,Seafarers attacked in the Strait of Hormuz sue shipping company in Thailand,Three former crew members of a Thai cargo ship struck in the Strait of Hormuz in March filed a lawsuit Friday against the vessel’s operator over labor rights...,https://www.yahoo.com/news/world/articles/seafarers-attacked-strait-hormuz-sue-071856930.html,2026-07-10T07:18:56Z,BANGKOK (AP) Three former crew members of a Thai cargo ship struck in the Strait of Hormuz in March filed a lawsuit Friday against the vessel's operator over labor rights violations and unfair dismis… [+3056 chars]
Chris Panella,Trump says the Iran ceasefire is finished. Both sides have been trading fire throughout.,"Fighting only slowed. Throughout the ceasefire, Iran attacked commercial vessels, US forces, and Gulf states, and the US responded with force.",https://www.businessinsider.com/trump-iran-ceasefire-is-over-shooting-didnt-fully-stop-2026-7#article,2026-07-08T16:33:55Z,"Despite an ongoing ceasefire as the US and Iran attempted to broker a deal, both sides have kept up military strikes.US Army Photo
<ul><li>Trump said the US-Iran ceasefire is over and threatened mor… [+5602 chars]"
JON GAMBRELL,"US and Iran vie for Strait of Hormuz, waterway key to global energy supplies, in latest attacks","The United States and Iran each asserted Monday they controlled the Strait of Hormuz after a weekend of attacks stretching across the wider Middle East, furt...",https://www.yahoo.com/news/politics/articles/us-ends-latest-round-airstrikes-024503851.html,2026-07-13T02:45:03Z,"DUBAI, United Arab Emirates (AP) The United States and Iran each asserted Monday they controlled the Strait of Hormuz after a weekend of attacks stretching across the wider Middle East, further threa… [+5664 chars]"
Reuters,"Iran fires missiles at commercial ships in Strait of Hormuz, Axios reports","July 6 (Reuters) - Iran's Revolutionary Guards fired at least two missiles at commercial ships transiting through the Strait of Hormuz on Monday night, Axios...",https://ca.news.yahoo.com/iran-fires-missiles-commercial-ships-020424601.html,2026-07-07T02:23:48Z,"July 6 (Reuters) - Iran's Revolutionary Guards fired at least two missiles at commercial ships transiting through the Strait of Hormuz on Monday night, Axios reported, citing two U.S. officials.
Two… [+2023 chars]"
jepstein@businessinsider.com (Jake Epstein),"2 US troops were killed during an Iranian missile and drone attack, the Pentagon says","The US service members were killed in Jordan on Friday after American and partner forces came under Iranian missile and drone fire, the Pentagon says.",https://www.businessinsider.com/us-troops-killed-iran-war-attack-pentagon-2026-7#article,2026-07-18T18:04:43Z,"Two US service members were killed in Jordan on Friday after American and partner forces came under Iranian missile and drone fire, the Pentagon said on Saturday.
Another US service member is missin… [+1640 chars]"
BY SAMY MAGDY,British military says cargo ship reports attack in the Red Sea off Yemen,"A cargo ship came under attack Sunday off the coast of Yemen in the Red Sea, the British military said, the latest maritime attack off the conflict-torn Arab...",https://www.yahoo.com/news/world/articles/british-military-says-cargo-ship-090250437.html,2026-07-05T09:02:50Z,"CAIRO (AP) A cargo ship came under attack Sunday off the coast of Yemen in the Red Sea, the British military said, the latest maritime attack off the conflict-torn Arab country.
The United Kingdom M… [+1463 chars]"
Thomas Wright,The Ticking Clock on the Strait of Hormuz,"Trump said it himself in June—military force won’t open the waterway, and energy reserves are quickly winding down.",https://www.theatlantic.com/international/2026/07/iran-war-hormuz-strait/688062/,2026-07-25T11:00:00Z,"Back in June, at the closing press conference for the G7 summit in Évian-les-Bains, Donald Trump explained why he had called a halt to hostilities with Iran. Continued bombing would not reopen the St… [+6590 chars]"
"By Jana Choukeir, Enas Alashray, Ahmed Tolba and Menna AlaaElDin",US and Iran target infrastructure as strait shipping comes under further attack,"By Jana Choukeir, Enas Alashray, Ahmed Tolba and Menna AlaaElDin DUBAI/CAIRO, July 17 (Reuters) - The United States on Friday launched a seventh straight nig...",https://www.yahoo.com/news/world/articles/escalation-fears-mount-as-us-hits-bridges-and-iran-strikes-desalination-plant-150747882.html,2026-07-18T01:08:36Z,"By Jana Choukeir, Enas Alashray, Ahmed Tolba and Menna AlaaElDin
DUBAI/CAIRO, July 17 (Reuters) - The United States on Friday launched a seventh straight night of attacks on Iran, which in turn stru… [+4952 chars]"
JON GAMBRELL,Tehran threatens to halt all Mideast energy exports after US reimposes its blockade on Iran,"The U.S. military early Wednesday reimposed a blockade on Iranian ports over Tehran’s attacks on ships trying to pass through the Strait of Hormuz, sparking...",https://www.yahoo.com/news/world/articles/tehran-attacks-jordan-us-reimposes-032534368.html,2026-07-15T03:25:34Z,"DUBAI, United Arab Emirates (AP) The U.S. military early Wednesday reimposed a blockade on Iranian ports over Tehran's attacks on ships trying to pass through the Strait of Hormuz, sparking new strik… [+6331 chars]"
By Asif Shahzad and Mubasher Bukhari,"Pakistan, Iran explore path towards new talks with US in a China-initiated push, sources say","(Changes story date to July 24) By Asif Shahzad and Mubasher Bukhari ISLAMABAD, July 24 (Reuters) - Pakistan is exploring a path towards a resumption of stal...",https://www.yahoo.com/news/articles/pakistan-iran-explore-path-towards-151520155.html,2026-07-24T17:15:48Z,"(Changes story date to July 24)
By Asif Shahzad and Mubasher Bukhari
ISLAMABAD, July 24 (Reuters) - Pakistan is exploring a path towards a resumption of stalled U.S.-Iran talks over ending their ne… [+3814 chars]"
Reuters,"India's MRPL seeks crude via tender avoiding Red Sea and Hormuz, document shows","NEW DELHI/SINGAPORE, July 27 (Reuters) - India's state-owned Mangalore Refinery and Petrochemicals Ltd is seeking to import oil via a spot tender and has, fo...",https://sg.finance.yahoo.com/news/indias-mrpl-seeks-crude-via-085826025.html,2026-07-27T08:58:26Z,"NEW DELHI/SINGAPORE, July 27 (Reuters) - India's state-owned Mangalore Refinery and Petrochemicals Ltd is seeking to import oil via a spot tender and has, for the first time, asked suppliers to avoid… [+1276 chars]"
Ece Yildirim,Iran Claims It ‘Destroyed’ Amazon’s Central Data Infrastructure In Bahrain,This marks the fifth time Iranian forces have claimed to target Amazon facilities in the Middle East.,https://gizmodo.com/iran-claims-it-destroyed-amazons-central-data-infrastructure-in-bahrain-2000788439,2026-07-21T17:45:34Z,"Iranian forces destroyed Amazon’s central data infrastructure in Bahrain, according to state-aligned media reports.
Iran’s Islamic Revolutionary Guard Corps claims to have targeted and destroyed the… [+2890 chars]"
Jude Sheerin,US launches 'powerful' strikes on Iran after attempted attack on American troops,"The US military called the strikes ""a powerful response"" to Tuesday's firing by Iran on US bases in Jordan.",https://www.bbc.com/news/articles/c74gwdzywmeo?xtor=AL-72-%5Bpartner%5D-%5Byahoo.north.america%5D-%5Bheadline%5D-%5Bnews%5D-%5Bbizdev%5D-%5Bisapi%5D,2026-07-30T01:33:59Z,"The US military says it has begun launching strikes against Iran in retaliation for an attempted surprise attack on American forces in the Middle East.
Centcom said on X the strikes were ""a powerful… [+2752 chars]"
Cyril Widdershoven,The Red Sea Is Becoming Saudi Arabia's Biggest Oil Bottleneck,"Saudi Arabia's East-West Pipeline bypasses Hormuz, but a closure of Bab el-Mandeb leaves Yanbu exports facing severe logistical constraints, with the Suez Ca...",https://finance.yahoo.com/energy/articles/red-sea-becoming-saudi-arabias-190000674.html,2026-07-24T19:00:00Z,"For years, Saudi Arabia's strategic answer to any disruption in the Strait of Hormuz has been remarkably straightforward. If volumes via the Persian Gulf were threatened, the answer was to pump west … [+9982 chars]"
"Analysis by Abbas Al Lawati, CNN",Iran chose to restart the fight after the US stopped – and showed a new appetite for risk,Iran has brought days of relative calm in the Middle East to an end after launching what the US called a “surprise” attack in a striking change to the patter...,https://www.cnn.com/2026/07/29/middleeast/why-iran-chose-to-restart-the-fight-us-intl,2026-07-29T17:00:25Z,"Iran has brought days of relative calm in the Middle East to an end after launching what the US called a ""surprise"" attack in a striking change to the pattern of fighting.
Rather than responding to … [+5680 chars]"
David Brennan,"Iran live updates: Kuwait attacked, Bahrain sounds sirens after night of US strikes","President Donald Trump announced ""major combat operations"" against Iran on Feb. 28, with massive joint U.S.-Israeli strikes.",https://abcnews.com/International/live-updates/iran-live-updates-kuwait-attacked-bahrain-sounds-sirens/?id=134907987,2026-07-20T07:30:53Z,"United States forces conducted another wave of attacks against Iran Sunday evening, marking the ninth consecutive night of strikes, according to U.S. Central Command.
""The strikes will continue degr… [+405 chars]"
Max Zahn,Gas prices top $4 a gallon as Iran war escalates,"After declining for weeks, gas prices are rising again.",https://abcnews.com/US/gas-prices-top-4-gallon-iran-war-escalates/story?id=134913938,2026-07-20T15:49:37Z,"Gas prices in the United States topped $4 per gallon on average Monday as an escalation of the Iran war renewed fears of a global oil shortage.
Prices at the pump have jumped 13 cents per gallon, or… [+2442 chars]"
https://www.facebook.com/bbcnews,Saudi Arabia and Houthis exchange fire as US attacks tanker in Hormuz Strait,US military says it disabled a tanker that was attempting to evade the American blockade on Iranian ports.,https://www.bbc.co.uk/news/articles/cj9d27v70j1o,2026-07-25T04:48:40Z,"Saudi Arabia launched airstrikes on Houthi targets in the Yemeni port city of Hodeida and a nearby island on Friday, after the Iran-backed group announced a maritime blockade and attacked Saudi ships… [+3673 chars]"
Al Jazeera Staff,Saudi Arabia announces maritime defence alliance to secure vital waterways,Fourteen nations sign up to alliance to protect vital trade and energy routes amid escalating hostilities.,https://www.aljazeera.com/news/2026/7/30/saudi-arabia-announces-maritime-defence-alliance-to-secure-vital-waterways,2026-07-30T19:57:43Z,"Saudi Arabia and 13 other countries have announced the creation of a maritime military coalition to safeguard freedom of navigation through the Bab al-Mandeb Strait, the Red Sea and the Gulf of Aden.… [+3568 chars]"
Reuters,Houthis say they targeted Saudi east-west oil transport,July 27 (Reuters) - Yemen's Iran-aligned Houthis said on Monday they targeted a number of sensitive crude oil supply and transport sites linking eastern Saud...,https://www.yahoo.com/news/world/articles/houthis-targeted-saudi-east-west-143354773.html,2026-07-27T14:33:54Z,July 27 (Reuters) - Yemen's Iran-aligned Houthis said on Monday they targeted a number of sensitive crude oil supply and transport sites linking eastern Saudi Arabia to the critical Red Sea oil expor… [+957 chars]
Jason Ma,The world is looking ahead toward a post-Iran oil market that offsets most Hormuz volumes in a few years as ships reject a U.S.-backed alternate route,Goldman Sachs estimated that enough Mideast pipeline capacity could be added to insulate 75% of the pre-war Gulf exports by the end of 2028.,https://finance.yahoo.com/energy/articles/world-looking-ahead-toward-post-175103429.html,2026-07-19T17:51:03Z,"Iran's chokehold over the Strait of Hormuz remains firmly in place, but global oil markets could nearly eliminate their dependence on the contested waterway in a few years.
Despite more than a week … [+3188 chars]"
The Associated Press,Tehran targets Bahrain and Kuwait after US strikes,"The regional crossfire raised the risks that an interim agreement to halt fighting in the war could break down, putting the Middle East again at risk of a wider conflict.",https://www.npr.org/2026/07/08/g-s1-132460/us-iran-attacks,2026-07-08T05:36:30Z,"DUBAI, United Arab Emirates The U.S. military attacked Iran early Wednesday after it said Tehran struck three ships in the Strait of Hormuz, part of an American effort that also revoked the Islamic R… [+4699 chars]"
"Elise Spenner, Chris Boccia",How the US-Iran ceasefire and MOU broke down -- a timeline,US-Iran cease-fire teetered on the edge when the US completed a second round of strikes in retaliation for Iranian strikes on commercial vessels in the Strait of Hormuz.,https://abcnews.com/Politics/us-iran-ceasefire-mou-broke-timeline/story?id=134622392,2026-07-09T23:36:11Z,A ceasefire struck between the U.S. and Iran to pause its full-scale conflict teetered on the edge of total collapse Wednesday when the U.S. completed a second round of strikes in retaliation for Ira… [+4723 chars]
JON GAMBRELL,US bombing of Iran expands as American troops killed and Tehran retaliates against the Gulf states,The United States conducted a new round of airstrikes early Monday targeting Iran after announcing the death of another American service member.  Iran respon...,https://www.yahoo.com/news/world/articles/iran-launches-attacks-latest-round-034421338.html,2026-07-20T03:44:21Z,"DUBAI, United Arab Emirates (AP) The United States conducted a new round of airstrikes early Monday targeting Iran after announcing the death of another American service member. Iran responded by lau… [+3337 chars]"
"Katie Bo Lillis, CNN","With bombing campaign unlikely to change Iran’s posture according to US intel, Trump faces limited options","Two weeks into a renewed bombing campaign against Iran, with US forces taking casualties and allies wary of the conflict escalating further, President Donald...",https://www.cnn.com/2026/07/23/politics/iran-war-trump-options-hormuz,2026-07-23T13:27:58Z,"Two weeks into a renewed bombing campaign against Iran, with US forces taking casualties and allies wary of the conflict escalating further, President Donald Trump insists that Iran is ""desperate"" to… [+7556 chars]"
Chris Panella,The US Navy's new sea drones have gone from rescuing downed airmen to blowing up Iranian targets,"Last month, the US Navy's Corsair sea drones made by Saronic rescued downed US airmen. More recently, they were used in an explosive attack on Iran.",https://www.businessinsider.com/us-navy-sea-drones-rescuing-airmen-attacking-iran-2026-7#article,2026-07-13T19:44:52Z,"From rescuing downed airmen to first combat uses, sea drones are seeing use in Iran.US Central Command
<ul><li>The US Navy has been using Saronic Corsair sea drones in new missions.</li><li>In June,… [+4157 chars]"
David Brennan,"Iran live updates: Kuwait, Jordan report attacks after latest US strikes on Iran","President Donald Trump announced ""major combat operations"" against Iran on Feb. 28, with massive joint U.S.-Israeli strikes.",https://abcnews.com/International/live-updates/iran-live-updates-kuwait-reports-attacks-after-latest/?id=134704698,2026-07-13T09:15:29Z,"Iranian Foreign Ministry spokesperson Esmaeil Baghaei said during a press conference on Monday that the memorandum of understanding between the U.S. and Iran ""has entered a crisis stage,"" following t… [+1765 chars]"
Julia Simon,The Iran war has pushed some countries away from oil and toward clean energy,"The new round of bombing in the Middle East has underscored the precarity of relying on fossil fuels. The war is speeding up the global transition to EVs, solar, and batteries, experts say.",https://www.npr.org/2026/07/09/nx-s1-5872786/iran-war-evs-solar-energy-transition,2026-07-09T09:00:00Z,"A new round of bombing has begun in the Middle East. More than four months after the beginning of the U.S.-Israeli war with Iran, one thing is clear: some countries are not going back to fossil fuel … [+5625 chars]"
Max Zahn,Oil prices climb and stocks fall after exchange of strikes in Middle East,"Oil prices climbed and stocks tumbled in early trading on Wednesday after President Donald Trump said he thinks an agreement with Iran is ""over"" amid Middle East strikes.",https://abcnews.com/Business/oil-prices-climb-stocks-fall-after-trump-iran/story?id=134578723,2026-07-08T14:09:20Z,"Oil prices climbed and stocks tumbled in early trading on Wednesday after President Donald Trump said he believes an agreement with Iran is ""over"" amid an exchange of strikes in the Middle East.
Bre… [+1787 chars]"
Joshua Keating,We’re running out of ways to get oil out of the Middle East,"There was a backup plan for getting oil out of the Middle East. We may need another one.  On July 20, the Iran-backed Yemeni rebel movement known as the Houthis declared a “blockade” against their long-time enemy Saudi Arabia, and a short time later attacked …",https://www.vox.com/politics/497014/houthis-saudi-iran-mandeb-hormuz-strait,2026-07-28T22:41:35Z,"The Bab el-Mandeb Strait is a vital trade route linking the Red Sea, Gulf of Aden, Arabian Sea, Suez Canal, and the Mediterranean. | Gallo Images/Orbital Horizon/Copernicus Sentinel Data 2026


Ther… [+11186 chars]"
"Francesca Chambers and Michael Collins, USA TODAY",Iran’s ‘surprise attack’ ends U.S ceasefire. What it means for the war,"Pause in fighting between U.S. and Iran halted after Tehran launched what the Trump administration is calling a ""surprise attack"" on American forces.",https://www.usatoday.com/story/news/world/2026/07/29/trump-promises-a-beating-for-iran-surprise-attack-whats-next/91089835007/,2026-07-29T16:20:28Z,"WASHINGTON A pause in fighting between the U.S. and Iran came to a screeching halt after Tehran launched what the Trump administration is calling a ""surprise attack"" that American forces based in the… [+3490 chars]"
Chris Panella,The US military is striking Iran day and night in this new round of fighting,US forces fired precision munitions against coastal defense systems and cruise missile sites on Wednesday.,https://www.businessinsider.com/us-striking-iran-day-and-night-new-round-of-fighting-2026-7#article,2026-07-15T18:10:33Z,"CENTCOM said it fired precision munitions against coastal defense systems and cruise missile storage and launch sites.US Central Command
<ul><li>US forces are conducting strikes on Iran day and nigh… [+4097 chars]"
JOSEPH KRAUSS,The US and Iran have blown past red lines as they lurch back toward all-out war,"A week after the United States and Iran signed a preliminary deal aimed at ending the war, an Iranian drone slammed into a cargo ship sailing through the Str...",https://www.yahoo.com/news/politics/articles/us-iran-blown-past-red-093545840.html,2026-07-18T09:35:45Z,"A week after the United States and Iran signed a preliminary deal aimed at ending the war, an Iranian drone slammed into a cargo ship sailing through the Strait of Hormuz.
There were no casualties o… [+5027 chars]"
Al Jazeera,Oil surges past $100 in a first since May as Middle East conflicts rage,Oil prices rise for a fifth day after Yemen's Houthis say they struck Saudi Arabian oil tankers in the Red Sea.,https://www.aljazeera.com/news/2026/7/23/oil-surges-past-100-in-a-first-since-may-as-middle-east-conflicts-rage,2026-07-23T17:05:18Z,"The widening conflict in the Middle East has pushed the price of benchmark Brent crude past $100 for the first time since May, the highest in nearly two months.
Oil prices increased for a fifth day … [+2671 chars]"
Al Jazeera Staff,Sudan faces escalating hunger crisis due to war and Hormuz disruption – WFP,"Renewed conflict and tensions in the Strait of Hormuz have slowed fertiliser shipments, worsening hunger in Sudan.",https://www.aljazeera.com/news/2026/7/14/sudan-faces-escalating-hunger-crisis-due-to-war-and-hormuz-disruption,2026-07-14T17:22:58Z,"Sudan risks facing a deepening hunger crisis due to ongoing conflict, aid funding cuts, and rising agricultural costs driven by the global disruption caused by the Iran war, a senior World Food Progr… [+2773 chars]"
Yves Smith,"Iran War: Trump Lashes Himself to Strait of Hormuz Mast With Renewed Blockade, Intensified Attacks on Iran; Oil Crunch Worsens as Iran Halt Fujairah Shipments, Houthis Threaten to Close Bab el-Mandeb",Today's Iran war news: Trump is indeed making himself Herbert Hoover 2.0 with his latest escalation.,https://www.nakedcapitalism.com/2026/07/iran-war-trump-lashes-himself-to-strait-of-hormuz-mast-with-renewed-blockade-intensified-attacks-on-iran-oil-crunch-worsens-as-iran-halt-fujairah-shipments-houthis-threaten-to-close-bab-el-mandeb.html,2026-07-14T10:57:25Z,"[Today’s Iran war post launched before complete because reasons. Please return or refresh this page at 8:00 AM EDT for a final version]
Trump is doubling down on the Iran conflict despite the fact t… [+15363 chars]"
Rogé Karma,The Great Chinese Oil Mystery,America’s greatest rival is single-handedly averting a global energy crisis. No one knows how the country is doing it—or why.,https://www.theatlantic.com/economy/2026/07/china-iran-usa-oil-prices/688086/,2026-07-29T11:00:00Z,"When Iran shut down the Strait of Hormuz, experts warned that oil prices could hit $150 or $200 a barrel within a few weeks. The great mystery of the Iran war is why that hasn’t happened—why, nearly … [+7371 chars]"
Reuters,US says it struck 140 Iranian military targets Saturday,"July 11 (Reuters) - U.S. forces completed a third round of strikes this week against Iran, the Central Command said late on Saturday in a post on X.",https://ca.news.yahoo.com/us-says-struck-140-iranian-042645882.html,2026-07-12T04:26:45Z,"July 11 (Reuters) - U.S. forces completed a third round of strikes this week against Iran, the Central Command said late on Saturday in a post on X.
They hit approximately 140 Iranian military targe… [+1070 chars]"
Caolán Magee,Can the Suez save Asian oil consumers after Houthis shut Bab al-Mandeb?,"About 6 million barrels of crude per day that pass through the strait to Asia are now at risk, experts say.",https://www.aljazeera.com/news/2026/7/22/can-the-suez-save-asian-oil-consumers-after-houthis-shut-bab-al-mandeb,2026-07-22T12:36:06Z,"Two tankers carrying Saudi crude to Asia have reversed course in the Red Sea after Yemens Houthis announced a blockade of Saudi ports, raising fears that disruptions to another of the worlds most imp… [+11167 chars]"
Alex Kimani,Standard Chartered: Oil Markets Must Now Price Two Middle East Chokepoints,"Oil prices retreated on hopes of renewed U.S.-Iran nuclear talks, but analysts warn the pullback could be short-lived as geopolitical risks now extend beyond...",https://finance.yahoo.com/energy/articles/standard-chartered-oil-markets-must-230000860.html,2026-07-26T23:00:00Z,Oil prices gave up earlier gains on Friday after reports that Pakistan is trying to broker a return to U.S.-Iran nuclear negotiations. China is strongly backing the effort as the conflict and the clo… [+4614 chars]
https://www.facebook.com/bbcnews,Iran threatens to block more trade routes as US launches fresh strikes,US President Donald Trump vowed to strike Iran's bridges and power plants next week if the country does not return to talks.,https://www.bbc.co.uk/news/articles/c9323zgq6wvo,2026-07-15T11:08:59Z,"Iran has threatened to block further trading routes in the region, as the US launched a fresh wave of strikes on military targets.
Iran's Revolutionary Guards said the Strait of Hormuz would remain … [+1449 chars]"
Max Zahn,Oil prices surge after Trump vows retaliation for Iranian attack,"Global oil prices climbed 7% on Wednesday, crossing above $90 a barrel.",https://abcnews.com/Business/oil-prices-surge-after-trump-vows-retaliation-iranian/story?id=135185546,2026-07-29T17:21:57Z,"Global oil prices surged on Wednesday after an Iranian attack elicited a vow of reprisal from President Donald Trump, ending a brief calm that had renewed hope among investors of a negotiated resolut… [+2578 chars]"
Jordan Blum,How global energy markets built the ‘Amazon of oil’ logistics to keep prices from spiraling,Nations and companies can more easily and quickly divert petroleum shipments to hot spots thanks to modern technology.,https://finance.yahoo.com/energy/articles/global-energy-markets-built-amazon-070800462.html,2026-07-09T07:08:00Z,"Businesses and governments managed to keep energy prices from skyrocketing as much as feared during the Iran war by leaning into a ""just-in-time"" delivery system that harnesses innovations in digital… [+4304 chars]"
Kayla Epstein,"Iran and US trade strikes, shattering brief lull in fighting","US Central Command says it intercepted ""multiple"" ballistic missiles fired by Iran.",https://www.yahoo.com/news/us/articles/iran-and-us-trade-strikes-shattering-brief-lull-in-fighting-004230626.html,2026-07-29T01:07:55Z,"Iran has launched ""multiple"" ballistic missiles in an ""attempted surprise attack"" on American forces in the Middle East, the US military said, shattering a lull in the fighting.
The attack occurred … [+2066 chars]"
Sean Seddon,UK 'ready to defend itself' after Iran says bases are 'legitimate targets',An Iranian military group has issued a warning to the UK over allowing US forces to use British bases for strikes on Iran.,https://www.bbc.com/news/articles/c1w1e2542wno?xtor=AL-72-%5Bpartner%5D-%5Byahoo.north.america%5D-%5Bheadline%5D-%5Bnews%5D-%5Bbizdev%5D-%5Bisapi%5D,2026-07-24T04:19:59Z,"The British government has said it ""stands ready 24/7 to defend itself"" after Iran said UK bases used by the US were considered ""legitimate targets"".
The UK has allowed the US to launch ""defensive"" … [+3920 chars]"
Veer Sharma,"Oil Price Today (July 27): Crude oil dips 5%, below $95 as US pauses strikes on Iran. What are experts saying?","Brent crude futures dropped $4.89, or 5.05%, to $91.89, after briefly falling below the key $90 support level earlier in the session. US West Texas Intermediate crude stood at $84.64 a barrel, down $4.67, or 5.23%. The decline comes after crude prices surged …",https://economictimes.indiatimes.com/markets/commodities/news/oil-price-today-july-27-crude-oil-dips-5-below-95-as-us-pauses-strikes-on-iran-what-are-experts-saying/articleshow/132650946.cms,2026-07-27T02:12:07Z,"Oil prices fell over 5% on Monday after the US and Iran paused strikes over the weekend, following two weeks of attacks. The pause has raised hopes that diplomacy could help ease the conflict and eve… [+3869 chars]"
By Andrew Gray and Lili Bayer,"NATO leaders including Trump to affirm 'ironclad commitment' to collective defence in Ankara, summit text says","By Andrew Gray and Lili Bayer BRUSSELS, July 3 (Reuters) - NATO leaders including U.S.",https://www.yahoo.com/news/politics/articles/nato-leaders-affirm-ironclad-commitment-132630989.html,2026-07-03T13:43:30Z,"By Andrew Gray and Lili Bayer
BRUSSELS, July 3 (Reuters) - NATO leaders including U.S. President Donald Trump are set to affirm an ""ironclad commitment"" to collective defence under the alliance's Ar… [+1926 chars]"
By Kanishka Singh,"US military says it completed latest strikes on Iran, marking 6th consecutive night of attacks","By Kanishka Singh WASHINGTON, July 16 (Reuters) - The U.S. military said late on Thursday it completed its latest wave of strikes on Iran that were carried o...",https://www.yahoo.com/news/politics/articles/us-military-says-completed-latest-023024185.html,2026-07-17T02:30:24Z,"By Kanishka Singh
WASHINGTON, July 16 (Reuters) - The U.S. military said late on Thursday it completed its latest wave of strikes on Iran that were carried out at President Donald Trump's direction … [+2049 chars]"
Al Jazeera Staff,ASEAN diplomats voice ‘serious concern’ over Iran war and energy crisis,Southeast Asian countries are highly affected by oil supply shortages caused by Iran war and Strait of Hormuz closure.,https://www.aljazeera.com/news/2026/7/21/asean-diplomats-voice-serious-concern-over-iran-war-and-energy-crisis,2026-07-21T13:43:48Z,"Southeast Asian nations are deeply concerned about the impact of blockades of key maritime trade routes in the Middle East, their top diplomats have said.
Foreign ministers from the Association of S… [+3367 chars]"
"By Rick Noack, Mubasher Bukhari and Asif Shahzad",Analysis-Pakistan worries about being drawn into US-Iran conflict after Houthis attack Saudi Arabia,"By Rick Noack, Mubasher Bukhari and Asif Shahzad ISLAMABAD, July 16 (Reuters) - Attacks on Saudi Arabia by Yemen's Iran-aligned Houthis this week have frustr...",https://www.yahoo.com/news/world/articles/analysis-pakistan-worries-being-drawn-140958867.html,2026-07-16T14:09:58Z,"By Rick Noack, Mubasher Bukhari and Asif Shahzad
ISLAMABAD, July 16 (Reuters) - Attacks on Saudi Arabia by Yemen's Iran-aligned Houthis this week have frustrated Pakistan and threaten to draw Islama… [+5363 chars]"
https://www.facebook.com/bbcnews,US launches new wave of strikes against Iran after promising to 'hit them hard',Explosions have been reported by Iranian state media in parts of the country's south.,https://www.bbc.co.uk/news/articles/cz75zjj5wp8o,2026-07-08T20:56:36Z,"The US has launched a new round of strikes on Iran after President Donald Trump signalled he'd ""hit them hard again tonight"" following an overnight exchange of attacks on Tuesday.
Explosions have be… [+1627 chars]"
Yves Smith,"Iran War: Trump TACOs on Strait of Hormuz Fee as Blockade Starts but Again Threatens to Attack Iran Energy and Critical Infrastructure as Iran Warns of Closure of Bab el-Mandeb, Destruction of Gulf State Energy Production",Today's Iran war news: Trump's continued ferocity is way out of line compared to what the US can achieve. So what might transpire?,https://www.nakedcapitalism.com/2026/07/iran-war-trump-tacos-on-strait-of-hormuz-fee-as-blockade-starts-but-again-threatens-to-attack-iran-energy-and-critical-infrastructure-as-iran-warns-of-closure-of-bab-el-mandeb-destruction-of-gulf-st.html,2026-07-15T10:57:02Z,"[Today’s post yet again launched before complete. Please return at 8:00 AM EDT for a final version]
The Iran war front seems deceptively quiet despite the intensification of risks and in particular,… [+11356 chars]"
"Alia Chughtai, Marium Ali",Mapping the latest US strikes across Iran,"US attacks kill dozens in Iran as Iranian forces target regional bases, pushing a fragile ceasefire closer to collapse.",https://www.aljazeera.com/news/2026/7/15/mapping-the-latest-us-strikes-across-iran,2026-07-15T17:38:54Z,"The United States military has launched hundreds of air attacks across Iran over the past week, killing at least 35 people and wounding 300, according to Iranian health officials.
The US, which has … [+4052 chars]"
"By Dmitry Zhdannikov, Robert Harvey and Ahmad Ghaddar","Analysis-World absorbs historic Iran war oil supply loss, but depleted stocks bring risks","By Dmitry Zhdannikov, Robert Harvey and Ahmad Ghaddar LONDON, July 6 (Reuters) - The world has absorbed with surprising ease the loss of over a billion barre...",https://finance.yahoo.com/energy/articles/analysis-world-absorbs-historic-iran-073926094.html,2026-07-06T07:39:26Z,"By Dmitry Zhdannikov, Robert Harvey and Ahmad Ghaddar
LONDON, July 6 (Reuters) - The world has absorbed with surprising ease the loss of over a billion barrels of oil supply since the Iran war began… [+5357 chars]"
By Nayera Abdallah and Jana Choukeir,"Iran, US escalate in Gulf but release of American signals path to climb down","By Nayera Abdallah and Jana Choukeir DUBAI, July 16 (Reuters) - Iran and the United States exchanged intensified fire on Thursday in a week-long escalation t...",https://www.yahoo.com/news/world/articles/iran-warns-strait-hormuz-red-075143851.html,2026-07-16T12:13:14Z,"By Nayera Abdallah and Jana Choukeir
DUBAI, July 16 (Reuters) - Iran and the United States exchanged intensified fire on Thursday in a week-long escalation that has all but torn up last month's truc… [+5537 chars]"
"By Enas Alashray, Tala Ramadan and Yomna Ehab","US launches multiple strikes on Iran, which retaliates against US targets in region","By Enas Alashray, Tala Ramadan and Yomna Ehab CAIRO/DUBAI, July 15 (Reuters) - The U.S. launched two waves of attacks on Iran's coastal defenses and missile...",https://www.yahoo.com/news/world/articles/us-strikes-iran-again-as-tehran-warns-of-existential-war-with-america-233825670.html,2026-07-16T02:36:22Z,"By Enas Alashray, Tala Ramadan and Yomna Ehab
CAIRO/DUBAI, July 15 (Reuters) - The U.S. launched two waves of attacks on Iran's coastal defenses and missile sites on Wednesday after reimposing a nav… [+5488 chars]"
Eve Hughes - BBC News NI,'I fear for wee families' - home heating oil jumps £100 in three weeks,The Consumer Council for Northern Ireland says the price rise is in direct response to the US-Iran conflict.,https://www.bbc.com/news/articles/cly9npzw3y3o?xtor=AL-72-%5Bpartner%5D-%5Byahoo.north.america%5D-%5Bheadline%5D-%5Bnews%5D-%5Bbizdev%5D-%5Bisapi%5D,2026-07-27T11:38:54Z,"Agnes, pictured with her granddaughter Abbie, said the price of gas is now ""on par"" with home heating oil [BBC]
The price of home heating oil has risen again after a period of respite.
Consumer Cou… [+6418 chars]"
Mohammad Mansour,How new Yemen tensions could complicate the global energy crisis,"If the fighting in Yemen expands, and the Houthis try to block the Bab al-Mandeb, the world economy faces a new shock.",https://www.aljazeera.com/economy/2026/7/14/how-new-yemen-tensions-could-complicate-the-global-energy-crisis,2026-07-14T11:22:29Z,"A sudden military escalation in Yemen has shattered a fragile, informal four-year truce, threatening to expand an ongoing geopolitical conflict into the Red Sea and sever one of the worlds most vital… [+6046 chars]"
Abdulla Banndar Al-Etaibi,The Strait of Hormuz is now at the centre of Iranian and US calculus,The fate of the strait is directly linked to what happens next to the world economy.,https://www.aljazeera.com/opinions/2026/7/8/the-strait-of-hormuz-is-now-at-the-centre-of-iranian-and-us-calculus,2026-07-08T16:48:31Z,"On Tuesday, two tankers were attacked as they transited the Strait of Hormuz via a passage in Omani waters. Gulf countries responded by sharply condemning the attacks and blaming Iran. The United Sta… [+7568 chars]"
Megha Bahree,"As oil soars, experts watch Red Sea tankers for clarity on Houthi blockade","Houthi attacks for now are shaping who moves Saudi crude, not whether it moves, analysts say, even as oil prices soar.",https://www.aljazeera.com/economy/2026/7/24/as-oil-soars-experts-watch-red-sea-tankers-for-clarity-on-houthi-blockade,2026-07-24T03:34:10Z,"As oil prices hit $100 a barrel on Thursday, experts say they are watching to see which vessels Yemens Houthis allow to pass through in the Red Sea as that will indicate how the crude market trends.… [+4179 chars]"
Caolán Magee,"After Strait of Hormuz and Red Sea, has Iran war now reached Caspian Sea?",Iran condemns what it calls a 'hostile and criminal' Ukrainian attack on commercial vessel. How will it affect the war?,https://www.aljazeera.com/news/2026/7/26/after-strait-of-hormuz-and-red-sea-has-iran-war-now-reached-caspian-sea,2026-07-26T10:45:23Z,"A Ukrainian strike on an Iranian commercial vessel in the Caspian Sea could open a new front in a growing overlap between the wars in Ukraine and the Middle East.
Iran said one of its sailors was ki… [+7789 chars]"
Sinéad Baker,"After its first naval drone strike, the US is now teaming up with the maker of Ukraine's battle-tested Maguras to build out its fleet",A new US-Ukrainian partnership aims to bring combat-proven autonomous maritime technology into American production.,https://www.businessinsider.com/us-battle-tested-ukraine-naval-drones-2026-7#article,2026-07-22T16:07:48Z,"The maker of Ukraine's battle-tested Magura drone is starting work in the US.Vitalii Nosach/Global Images Ukraine via Getty Images
<ul><li>The maker of Ukraine's Magura drones is partnering with a U… [+3645 chars]"
By Kanishka Singh and Jasper Ward,"US military says it completed latest strikes on Iran, marking 7th consecutive night of attacks","By Kanishka Singh and Jasper Ward WASHINGTON, July 17 (Reuters) - The U.S. military said late on Thursday it completed its latest wave of strikes on Iran tha...",https://www.yahoo.com/news/articles/us-military-says-completed-latest-023955394.html,2026-07-18T02:39:55Z,"By Kanishka Singh and Jasper Ward
WASHINGTON, July 17 (Reuters) - The U.S. military said late on Thursday it completed its latest wave of strikes on Iran that were carried out at President Donald Tr… [+2048 chars]"
Megan Fahrney,"Fueling issue at Boston Logan Airport causes cancellations, delays","Complications with the fueling system at Boston Logan Airport Sunday night caused flight cancellations and delays, according to the Massachusetts Port Authority.",https://abcnews.com/US/fueling-issue-boston-logan-airport-causes-cancellations-delays/story?id=134513234,2026-07-06T19:26:17Z,"Complications with the fueling system at Boston Logan International Airport Sunday night caused a ground stop for several hours, resulting in flight cancellations and delays, according to the Massach… [+1770 chars]"
"Esther Castillejo, Eric Noll, Riddhi Sarkar",America 250: David Muir climbs up to the Statue of Liberty's torch,"""World News Tonight"" anchor David Muir climbed up to the torch of the Statue of Liberty as part of ABC News' coverage of America's 250th birthday.",https://abcnews.com/US/america-250-david-muir-climbs-statue-libertys-torch/story?id=134390363,2026-07-04T02:05:00Z,"""World News Tonight"" anchor David Muir kicked off ABC News' celebration of America's 250th birthday by climbing up through Lady Liberty's right arm to reach the torch, standing over 300 feet in the a… [+4009 chars]"
Reuters,"China suppressing Taiwan 'everywhere', vice president says of PNG pressure","TAIPEI, July 17 (Reuters) - Taiwan faces an extremely difficult diplomatic situation because China is suppressing the island ""everywhere"", Vice President Hsi...",https://www.yahoo.com/news/articles/china-suppressing-taiwan-everywhere-vice-065131937.html,2026-07-17T06:51:31Z,"TAIPEI, July 17 (Reuters) - Taiwan faces an extremely difficult diplomatic situation because China is suppressing the island ""everywhere"", Vice President Hsiao Bi-khim said on Friday after Papua New … [+1939 chars]"
Jack Brewster,Traveling to Hawaii this week? What Hurricane Fausto means for your trip,"Hurricane Fausto is expected to pass near Hawaii early this week. Here's what travelers should know about the forecast track, dangerous surf and flights.",https://www.yahoo.com/news/weather-news/article/traveling-to-hawaii-this-week-what-hurricane-fausto-means-for-your-trip-154919797.html,2026-07-26T15:49:19Z,"Hurricane Fausto is on track to pass near Hawaii early this week. Forecasters expect it to weaken before it arrives, but the storm is worrying for anyone with a trip to the islands. Here is what trav… [+2299 chars]"
rshahidi@insider.com (Roya Shahidi),The 20 US cities where people are the most stressed,"Some cities in America are more stressed out than others, an analysis by WalletHub shows.",https://www.businessinsider.com/most-stressed-us-cities-ranked-2026-7#article,2026-07-23T13:02:01Z,"Whether it stems from receiving an unexpected bill or struggling with your workload, stress is often perceived as a personal matter.
But stress levels can also be shaped by more systemic factors suc… [+6266 chars]"
Julia Desmazes,Designing an Ethernet Switch ASIC,Designing the world's first open source Ethernet switch ASIC. An unmanaged cut-through 3-port 100Mbps switch fabbed on Global Foundries 180 nm.,https://essenceia.github.io/projects/ethernet_switch_asic/,2026-07-20T21:35:33Z,"AI disclosure: All bugs are 100% human made.
It seems I have just built the worlds first open source switch ASIC and I am getting it back from the fab mid november.Switch floorplan render with area … [+32445 chars]"
Jennifer Pattison Tuohy,Schlage’s Sense Pro unlocks the door so I don’t have to,"The Schlage Sense Pro is a beautiful smart lock. Sleek, discreet, and simple to use, it's Schlage's smartest lock to date. Thanks to ultra-wideband (UWB), it unlocks as I walk up to my front door; I don't need to enter a code or tap my phone or press my finge…",https://www.theverge.com/tech/963100/schlage-sense-pro-review-apple-home-key-uwb-handsfree-unlock,2026-07-09T15:50:06Z,"<ul><li></li><li></li><li></li></ul>
The $399 smart lock ditches keys for ultra-wideband hands-free unlocking. Its magical, but its Apple-only for now.
If you buy something from a Verge link, Vox M… [+11914 chars]"
Joey Sneddon,Ubuntu’s desktop icons extension completes its GTK4 port,"The Desktop Icons NG (aka DING) GNOME Shell extension Ubuntu uses to put icons on your literal desktop, has been busy – it finished its port to GTK4, patched memory leaks and improved a few of its lesser-known features. The GTK4 port landed in v51.0.0, releas…",https://www.omgubuntu.co.uk/2026/07/ubuntu-desktop-icons-extension-gtk4-port,2026-07-19T22:04:24Z,"The Desktop Icons NG (aka DING) GNOME Shell extension Ubuntu uses to put icons on your literal desktop, has been busy it finished its port to GTK4, patched memory leaks and improved a few of its less… [+2887 chars]"
LAURAN NEERGAARD,Study shows a blood test can help identify healthy people at high risk for Alzheimer's disease,"A blood test may predict if apparently healthy older adults are likely to develop Alzheimer's symptoms in the next five or 10 years, researchers reported Wed...",https://www.yahoo.com/news/science/articles/med--alzheimers-blood-test-040519903.html,2026-07-15T04:05:19Z,"WASHINGTON (AP) A blood test may predict if apparently healthy older adults are likely to develop Alzheimer's symptoms in the next five or 10 years, researchers reported Wednesday.
That information … [+4228 chars]"
FERNANDA PESCE and ISABEL DEBRE,"As quake rescue effort winds down, Venezuelans are left alone to recover their dead","When the high-rise where Noel Márquez lived with his family crashed to the ground and burst into flames in Venezuela's twin earthquakes, Márquez, who happene...",https://www.yahoo.com/news/world/articles/quake-rescue-effort-winds-down-174428831.html,2026-07-06T17:44:28Z,"LA GUAIRA, Venezuela (AP) When the high-rise where Noel Márquez lived with his family crashed to the ground and burst into flames in Venezuela's twin earthquakes, Márquez, who happened to be at his g… [+6747 chars]"
info@thehackernews.com (The Hacker News),Dysphoria IoT Botnet Adds Blockchain C2 and Victim Relays After JackSkid Disruption,"Dysphoria, an Internet of Things (IoT) botnet line tracked by CNCERT and XLab, has adopted blockchain-based name services and infected-device relays after a March law-enforcement operation against JackSkid infrastructure. The researchers say the design makes …",https://thehackernews.com/2026/07/dysphoria-iot-botnet-adds-blockchain-c2.html,2026-07-27T17:16:28Z,"Dysphoria, an Internet of Things (IoT) botnet line tracked by CNCERT and XLab, has adopted blockchain-based name services and infected-device relays after a March law-enforcement operation against Ja… [+4223 chars]"
ALLAN OLINGO,"As East Africa’s oceans change, coastal women build new livelihoods","The unfinished restaurant is still little more than concrete walls and wooden beams.  As her daughter sweeps away the last piles of sand, 54-year-old Nuru Mo...",https://www.yahoo.com/news/world/articles/east-africa-oceans-change-coastal-053243307.html,2026-07-06T05:32:43Z,"MALINDI, Kenya (AP) The unfinished restaurant is still little more than concrete walls and wooden beams. As her daughter sweeps away the last piles of sand, 54-year-old Nuru Mohammed directs women ha… [+5496 chars]"
Ramsey Khalifeh,Staten Island Ferry to shut down for hours on July 4 due to Navy celebration,"Don't count on the Staten Island Ferry this Fourth of July
 

The Coast Guard made the call to shut down the nation's busiest ferry while tall Navy ships cruise through the harbor as part of America's 250th anniversary celebration. [ more › ]",https://gothamist.com/news/staten-island-ferry-to-shut-down-for-hours-on-july-4-due-to-navy-celebration,2026-07-02T16:17:20Z,"Staten Islanders looking to catch the ferry might not be cheering this July 4 as the city celebrates the countrys 250th birthday with a display of flyovers, fireworks and tall ships in the harbor.
T… [+1857 chars]"
James Rodriguez,The number of young Americans living with their parents is at a record high,A record share of young Americans live with their parents. But millennials' path from basements to homeownership may offer some hope for Gen Z.,https://www.businessinsider.com/gen-z-young-adults-living-at-home-parents-millennials-record-2026-7#article,2026-07-08T08:23:01Z,"Getty Images; Alyssa Powell/BI
The kids aren't all right.Gen Zers are graduating into a daunting job market. The housing market is a mess. Typical milestones — getting married, having children, buyi… [+11516 chars]"
BadChemical,TP-Link Kasa cameras leaked home GPS via unauthenticated UDP for 6 years,"Independent IoT security research, vulnerability disclosures, and PoCs focusing on firmware analysis, hardware interfaces, and cryptographic flaws. - BadChemical/IoT-Vulnerability-Research-Public",https://github.com/BadChemical/IoT-Vulnerability-Research-Public/blob/main/TP-Link_Kasa_EC71/Kasa_EC71.md,2026-07-17T21:42:43Z,"Author: Christopher Childress (BadChemical)Status: Patched, CVE-2026-9770 (RSA/IAM) and CVE-2026-13230 (GPS) remediated in 2.4.1.
Vendor: TP-Link Systems Inc. / KasaProduct: Kasa Spot EC71Firmware V… [+29336 chars]"
Laerke Christensen,"Did anti-migration buoys close port in Laredo, Texas?","In July 2026, anti-migration buoys broke loose as the Rio Grande flooded in Texas, closing the port in Laredo.",https://www.snopes.com//fact-check/texas-flooding-anti-migration-buoys-laredo/,2026-07-23T10:00:00Z,"Claim:
In July 2026, anti-migration buoys broke loose as the Rio Grande flooded in Texas, closing the port in Laredo.
In July 2026, after heavy rain caused deadly flooding in Texas communities alon… [+6552 chars]"
https://www.facebook.com/bbcnews,Port of Dover works to avoid summer travel chaos,It is hoped the long queues and delays seen over the May bank holiday will not be repeated.,https://www.bbc.co.uk/news/articles/cp8l8zdn7k6o,2026-07-14T16:42:13Z,"The Port of Dover has done ""absolutely everything"" to prepare for the summer getaway amid fears of more delays from new EU border checks, its boss said.
Doug Bannister, chief executive of the Kent p… [+1575 chars]"
Glenn Taylor,Appeals Court Sides With FMC in Evergreen Detention Fee Dispute,The six-year legal battle over $510 in detention fees could reshape how ocean carriers bill truckers and shippers during port closures.,https://wwd.com/sourcing-journal/logistics/fmc-evergreen-detention-fees-dispute-appeals-court-trucking-port-of-savannah-1239063282/,2026-07-10T18:18:15Z,"A federal appeals court has closed the book on a six-year fight over a few hundred dollars in shipping fees, but the ruling carries immense consequences for how ocean carriers can bill trucking compa… [+4610 chars]"
"Analysis by Tim Lister and Nic Robertson, CNN",Saudi Arabia is getting dragged into a war it has tried desperately to avoid,"Saudi Arabia has spent five months trying not to get dragged into a regional conflict, keeping open channels of communication with Tehran even as Iranian dro...",https://www.cnn.com/2026/07/29/middleeast/saudi-arabia-iran-iraq-yemen-war-houthis-intl,2026-07-29T05:50:36Z,"Saudi Arabia has spent five months trying not to get dragged into a regional conflict, keeping open channels of communication with Tehran even as Iranian drones targeted its oil industry.
Now it app… [+9452 chars]"
Al Jazeera,Ukraine hits oil and military facilities near Russia’s St Petersburg,Kyiv's drones disrupt St Petersburg internet and flights as Russian strikes halt a gas facility in central Ukraine.,https://www.aljazeera.com/news/2026/7/4/ukraine-hits-oil-and-military-facilities-near-russias-st-petersburg,2026-07-04T10:29:19Z,"A wave of Ukrainian long-range drones has struck the St Petersburg region overnight, hitting an oil terminal and a Baltic Sea port in one of the largest deep-strike operations targeting President Vla… [+2924 chars]"
Trefis Team,"Lockheed Martin Stock Has A Record Backlog, So What's The Market Worried About?","The defense giant's order book is overflowing with years of future work, but turning those large contracts into profitable growth is the real test for invest...",https://www.trefis.com/articles/608743/lockheed-martin-stock-has-a-record-backlog-so-whats-the-market-worried-about/2026-07-24,2026-07-24T18:36:50Z,"Image by kikkuru0606 from Pixabay
The defense giant's order book is overflowing with years of future work, but turning those large contracts into profitable growth is the real test for investors tod… [+4529 chars]"
Al Jazeera Staff,Saudi Arabia seeks international coalition against Houthis in Red Sea,"Riyadh seeks partners to safeguard shipping in Red Sea as strikes on energy tankers expand, pushing oil prices higher.",https://www.aljazeera.com/news/2026/7/29/saudi-arabia-seeks-international-coalition-against-houthis-in-red-sea,2026-07-29T23:34:26Z,"Saudi Arabia is seeking to build an international coalition to protect shipping in the Red Sea from attacks by Yemens Houthis, people familiar with the deliberations have told the Reuters news agency… [+2255 chars]"
Mick Chan,"Senawang-Port Klang bypass to encourage freight by rail, aid connectivity between industrial areas and port",File image; Honda Malaysia using rail-based transport for delivery of parts between Thailand and Malaysia The proposed Senawang-Port Klang bypass rail line is expected to complement the existing transportation network while strengthening connectivity between …,https://paultan.org/2026/07/21/senawang-port-klang-bypass-to-encourage-freight-by-rail-aid-connectivity-between-industrial-areas-and-port/,2026-07-21T02:21:52Z,"File image; Honda Malaysia using rail-based transport for delivery of parts between Thailand and Malaysia
The proposed Senawang-Port Klang bypass rail line is expected to complement the existing tra… [+1397 chars]"
Saumya Roy,An embattled coal terminal could be a lifeline for US coal,West Oakland residents push legislation to block a coal terminal that could lead to air pollution in their area.,https://www.aljazeera.com/economy/2026/7/21/an-embattled-coal-terminal-could-be-a-lifeline-for-us-coal,2026-07-21T17:06:36Z,"California, United States Margaret Gordon had seen her grandson racked with asthma in the early 1990s in West Oakland in California. Fumes from the trucks carrying freight from the nearby port, among… [+7938 chars]"
,Running Doom on Our Custom CPU and Going Viral,I get kidnapped by the MIG while adding DDR3 to our CPU,https://www.armaangomes.com/blogs/doom/,2026-07-21T03:54:16Z,"DOOM
# DOOM Doom is a video game made by id Software that released in 1993. It was a revolution in gaming that spread across the world and defined the modern FPS. Its popularity has given rise to th… [+17954 chars]"
Jim Vorel,Texas Gets Hoisted by Its Own Razor-Bladed Border Buoys,"Some of the one-ton buoys covered in razor blades have drifted hundreds of miles in flood waters, and are being sold for scrap in Mexico.",https://www.jezebel.com/border-buoys-razor-blades-texas-mexico-flooding-washed-away-sold-scrap-aluminum,2026-07-21T15:20:40Z,"A few years ago the state government of Texas, seemingly in an effort to discover the most cruel and inhumane method it could legally employ to discourage border crossings on the Rio Grande River, ti… [+6673 chars]"
Afam Onyimadu,Your internet isn't the problem — Windows is throttling your wired connection,Windows was managing my wired connection wrong.,https://www.makeuseof.com/your-internet-isnt-the-problem-windows-is-throttling-your-wired-connection/,2026-07-13T23:01:15Z,"I leaned toward a wired connection to solve my internet issues, so it was frustrating when my Ethernet connection began stuttering during calls and games. This was particularly painful because speed … [+6287 chars]"
,Canadian who was held in ICE facility for months back in detention despite judge's ruling rights were violated,"Winnipeg-born Clayton Herman says a mail delay is the reason he’s back in U.S. Immigration and Customs Enforcement custody, just five weeks after a federal judge in California ordered his immediate release.",https://www.cbc.ca/news/canada/manitoba/clayton-herman-canadian-ice-detention-9.7287520,2026-07-29T10:00:00Z,"A Winnipeg-born man says a mail delay is the reason he's back in U.S. Immigration and Customs Enforcement custody, just five weeks after a federal judge in California ordered his immediate release. … [+6367 chars]"
"tom.bedford@hotmail.co.uk (Tom Bedford) , Tom Bedford","Marshall has redesigned its home speaker range with useful tweaks and two new options, but there's a big thing missing","Marshall has unveiled the Acton IV and Stanmore IV speakers, with some tweaks over the old models, but there's no Woburn IV in sight.",https://www.techradar.com/audio/marshall-has-redesigned-its-home-speaker-range-with-useful-tweaks-and-two-new-options-but-theres-a-big-thing-missing,2026-07-07T12:05:00Z,"<ul><li>Marshall unveils Acton IV and Stanmore IV speakers</li><li>Redesigned bass port, repositioned cables and tweaked speaker array</li><li>Sadly, there's no Woburn IV in sight yet</li></ul>
It's… [+2670 chars]"
"Zachary Folk, Forbes Staff, 
 Zachary Folk, Forbes Staff
 https://www.forbes.com/sites/zacharyfolk/",Could Bab Al-Mandeb Be The Next Strait Of Hormuz? Iran Reportedly Asked Houthis To Prepare Closure,Iran’s Houthi allies have already prepared drones and missiles for strikes in the strait.,https://www.forbes.com/sites/zacharyfolk/2026/07/16/could-bab-al-mandeb-be-the-next-strait-of-hormuz-iran-reportedly-asked-houthis-to-prepare-closure/,2026-07-16T13:45:44Z,"Iran asked their Houthi allies in Yemen to prepare to close the Bab al-Mandeb Strait should the U.S. attack Irans power infrastructure, Reuters reportedrenewing concerns that oil shipping through ano… [+3888 chars]"
John Power,"After Iran war upheaval, global shipping eyes return to status quo","Industry known for its resilience is likely to emerge from war relatively unchanged, analysts say.",https://www.aljazeera.com/economy/2026/7/7/after-iran-war-upheaval-global-shipping-eyes-return-to-status-quo,2026-07-07T08:31:05Z,"The United States-Israel war on Iran has inflicted the greatest disruption to merchant shipping since the back-to-back shocks of the COVID-19 pandemic and Russias invasion of Ukraine.
Since the star… [+7378 chars]"
Julianne Geiger,Dubai Is Already Planning for the Next Strait of Hormuz Crisis,"The Strait of Hormuz reopened less than a month ago, but Dubai is already planning for the next closure. DP World is reportedly in talks to build a new multipurpose port and container terminal in Fujairah on the UAE's east coast, creating another shipping rou…",https://oilprice.com/Latest-Energy-News/World-News/Dubai-Is-Already-Planning-for-the-Next-Strait-of-Hormuz-Crisis.html,2026-07-13T17:30:00Z,"The U.S. Army's decision to…
The 2026 Statistical Review shows…
By Julianne Geiger - Jul 13, 2026, 12:30 PM CDTThe Strait of Hormuz reopened less than a month ago, but Dubai is already planning for… [+1714 chars]"
Al Jazeera Staff,Saudi condemns Houthi blockade: How will the rest of the world be impacted?,Saudi Arabia has condemned the Houthi naval blockade that could impact oil flow to importers of Saudi oil.,https://www.aljazeera.com/news/2026/7/21/saudi-condemns-houthi-blockade-how-will-the-rest-of-the-world-be-impacted,2026-07-21T14:37:47Z,"Saudi Arabia on Monday condemned allegations by Yemens Iran-aligned Houthis that Riyadh was imposing a siege on the Yemeni people, after the group announced it would impose a maritime blockade on Sau… [+7691 chars]"
Al Jazeera Staff,Iran accuses US of striking critical infrastructure as war intensifies,The conflict has been escalating since US President Donald Trump declared 10 days ago the peace deal with Iran is over.,https://www.aljazeera.com/news/2026/7/18/iran-accuses-us-of-striking-critical-infrastructure-as-war-intensifies,2026-07-18T12:59:26Z,"A seventh consecutive night of attacks by United States forces on targets across Iran has left 10,000 people without water after a desalination plant was hit, with Iran retaliating by launching anoth… [+2940 chars]"
"Chris Bell, Knock",Files over tools: how we built our agent with a virtual filesystem and bash,"A look at how we architected the Knock Agent with bash, a virtual file system, and the management API.",https://knock.app/blog/how-we-built-the-knock-agent-virtual-filesystem-and-bash,2026-07-09T13:19:02Z,"In March 2026, we shipped the Knock Agent: an AI agent for managing all your customer messaging resources in Knock. It can create and update workflows, templates, and audiences, help segment users, a… [+12206 chars]"
Shola Lawal,Why is Saudi Arabia forming a coalition to protect the Red Sea?,The alliance aims to defend shipping from attacks by Iran-backed Houthis in Yemen.,https://www.aljazeera.com/news/2026/7/30/why-is-saudi-arabia-forming-a-coalition-to-protect-the-red-sea,2026-07-30T10:18:53Z,"Saudi Arabia has announced a mission to form an international alliance to guard the Red Sea from attacks on shipping by Iran-backed Houthis in Yemen.
Dozens of countries have been invited to join th… [+7432 chars]"
"Jennifer J. Bussell, Ryan P. Badman, David Márton, Ethan S. Bromberg-Martin, L. F. Abbott, Kanaka Rajan, Richard Axel",Representations of the intrinsic value of information in mouse orbitofrontal cortex,Mice are motivated to seek information of no extrinsic value. Recording neural activity in orbitofrontal cortex reveals a representation of the value of information that is distinct from the value of physiological reward.,https://www.nature.com/articles/s41593-026-02377-y,2026-07-30T00:00:00Z,"Subjects
All experimental and surgical protocols were performed in accordance with the guide of Care and Use of Laboratory Animals (NIH) and were approved by the Institutional Animal Care and Use Co… [+63247 chars]"
,Strikes on infrastructure by Iran and U.S. raise fears of escalation in war,"The United States struck bridges in Iran, and Tehran responded by hitting a power and desalination plant in Kuwait on Friday, as the two sides risked further escalation by expanding their targets to include infrastructure.",https://www.cbc.ca/news/world/iran-us-insfrastructure-attack-9.7274603,2026-07-17T20:10:00Z,"The United States struck bridges in Iran, and Tehran responded by hitting a power and desalination plant in Kuwait on Friday, as the two sides risked further escalation by expanding their targets to … [+5704 chars]"
,Strikes on infrastructure by Iran and U.S. raise fears of escalation in war,"The United States struck bridges in Iran, and Tehran responded by hitting a power and desalination plant in Kuwait on Friday, as the two sides risked further escalation by expanding their targets to include infrastructure.",https://www.cbc.ca/news/world/iran-us-war-infrastructure-attack-9.7274603,2026-07-17T20:10:00Z,"The United States struck bridges in Iran, and Tehran responded by hitting a power and desalination plant in Kuwait on Friday, as the two sides risked further escalation by expanding their targets to … [+6039 chars]"
Mansur Mirovalev,‘Freeze the conflict’: Drones slow Kazakh oil flow amid Russia-Ukraine war,"Kazakh oil exports halted after drone attacks disrupt supplies, posing risks to the economy and energy markets.",https://www.aljazeera.com/news/2026/7/26/freeze-the-conflict-drones-slow-kazakh-oil-flow-amid-russia-ukraine-war,2026-07-26T17:13:55Z,"Sitting next to Russian leader Vladimir Putin, Kazakhstans President Kassym-Jomart Tokayev on Saturday cautiously weighed in on the Russia-Ukraine war, now in its fifth year.
If I may offer my humbl… [+5732 chars]"
WALLA! MONEY,"ORACLE bet goes awry: 21,000 fired...","ORACLE bet goes awry: 21,000 fired...

 
 
 
 (Second column, 6th story, link)

 

 

 
 Related stories:TESLA, ALPHABET sink as AI spending spooks investors...
Short sellers profit as SPACEX slides...",https://www.jpost.com/business-and-innovation/tech-and-start-ups/article-903442,2026-07-23T18:07:37Z,"The global race for dominance in artificial intelligence is turning into one of the most expensive and turbulent corporate competitions in history. Tech giants Amazon, Microsoft, Alphabet, and Meta a… [+2840 chars]"
Rei Padla,Xtra’s Muse 2 Pro Puts a 1-Inch Dual-Lens Gimbal in Your Pocket,"Xtra’s dual-lens pocket gimbal, the Muse 2 Pro, now carries a Q3 2026 launch target for the US, later than the summer window some buyers first expected. Rather than issue a formal delay notice, Xtra firmed up the date on its early-access page. The company fra…",https://the-gadgeteer.com/2026/07/19/xtras-muse-2-pro-puts-a-1-inch-dual-lens-gimbal-in-your-pocket/,2026-07-19T13:40:06Z,"If you buy something from a link in this article, we may earn a commission. Learn more
Xtras dual-lens pocket gimbal, the Muse 2 Pro, now carries a Q3 2026 launch target for the US, later than the s… [+5624 chars]"
Rei Padla,USB-C Hub Deals Still Worth Grabbing: 5 Picks Under $45,"If your laptop has more USB-C ports than USB-A ports and your desk looks like a cable octopus, you aren’t alone. Right now, in early July 2026, is actually a great time to grab a USB-C hub or dock, because prices on the models worth buying have mostly held st…",https://the-gadgeteer.com/2026/07/09/usb-c-hub-deals-still-worth-grabbing-5-picks-under-45/,2026-07-10T04:37:44Z,"If you buy something from a link in this article, we may earn a commission. Learn more
If your laptop has more USB-C ports than USB-A ports and your desk looks like a cable octopus, you arent alone.… [+7757 chars]"
Glenn Taylor,Houthi Warning on Saudi Ports Could Have Carriers Again Rethinking Red Sea,"The expanded threat is expected to hit energy shipments harder than the container trade, but could prompt ocean carriers to reconsider recent returns to the...",https://wwd.com/sourcing-journal/logistics/houthis-saudi-arabia-ports-ocean-carriers-container-market-energy-iran-war-1239077182/,2026-07-21T17:38:44Z,"The Houthis have warned shipping companies not to load or discharge cargo at Saudi Arabian ports or risk being targeted for an attack ""in any location.""
In the wake of the message, two oil tankers a… [+4606 chars]"
Robin John,5 upgrades to plug into a spare PCIe slot that aren't a graphics card,Don't let your precious PCIe slot go to waste.,https://www.makeuseof.com/upgrades-to-plug-into-spare-pcie-slot-that-arent-graphics-card/,2026-07-19T13:00:12Z,"I spent years thinking of PCIe slots as GPU real estate and nothing else. The big one holds the graphics card, and the rest just sit there collecting dust behind the tempered glass. Then I actually r… [+5858 chars]"
V  Sajeev Kumar,Cochin Port union calls for re-development of Willingdon Island,Willingdon Island has been facing severe trade stagnation and employment crisis for years following the closure of the Rajiv Gandhi Container Terminal after the setting up of Vallarpadam Container Transhipment Terminal,https://www.thehindubusinessline.com/economy/logistics/cochin-port-union-calls-for-re-development-of-willingdon-island/article71271471.ece,2026-07-27T05:24:34Z,"The Cochin Port Employees Organization has urged the port authorities to take immediate measures for the redevelopment and renovation of Willingdon Island.
Willingdon Island has been facing severe t… [+1939 chars]"
Richard Connor,Germany: Low Rhine River levels could push economy into stagnation,"Record-low water levels on the Rhine are forcing cargo vessels to run with sharply reduced loads, driving up transport costs. Economists warn the disruption could wipe out Germany's already weak summer growth.",https://www.dw.com/en/germany-low-rhine-river-levels-could-push-economy-into-stagnation/a-78148371,2026-07-28T16:38:00Z,"Persistently low water levels on the Rhine River could shave as much as 0.2% off Germany's economic output in the third quarter, the Kiel Institute for the World Economy said on Tuesday.
Prolonged d… [+3095 chars]"
,"Zig Creator Calls Spade a Spade, Anthropic Blows Smoke",Programming language drama ensues as tech bros oversell the end of software engineering.,https://raymyers.org/post/zed-creator-calls-spade-a-spade/,2026-07-13T08:39:39Z,"I harass the sea with my tiny boat and am called a pirate, you do it with a great fleet and are called a king.
Anthropic is actively campaigning to end software engineering. They need you to believe… [+18124 chars]"
,Persona 4 Revival Game Introduces Characters in New Trailer,"Game launches for PS5, Xbox X|S, Xbox PC, PC via Steam on February 18",https://www.animenewsnetwork.com/news/2026-07-02/persona-4-revival-game-introduces-characters-in-new-trailer/.239151,2026-07-02T07:45:58Z,"Atlus revealed a trailer for Persona 4 Revival, a remake of its original 2008 role-playing game, on Tuesday introducing the characters. The remake will feature a new English voice cast.
The game wil… [+1217 chars]"
Yashraj Sharma,"Iran attacks five Gulf nations, shuts Hormuz after US bombing: All to know","Tehran hits back at several GCC countries, following the most intense US bombing since an MoU was signed last month.",https://www.aljazeera.com/news/2026/7/12/iran-attacks-five-gulf-nations-shuts-hormuz-after-us-bombing-all-to-know,2026-07-12T09:13:26Z,"Iran has mounted attacks on Gulf states and declared the Strait of Hormuz closed after the United States conducted its third round of strikes in a week, in a serious escalation as the ongoing conflic… [+7044 chars]"
https://www.facebook.com/bbcnews,Why has British Steel been nationalised?,The UK's only remaining plant making virgin steel has been taken into public ownership after years of uncertainty over its future.,https://www.bbc.co.uk/news/articles/c5y66y40kgpo,2026-07-17T09:57:02Z,"There are 1,160 businesses in the UK steel industry, directly supporting 40,000 other firms, according to government figures., external
Tata Steel at Port Talbot in Wales was once the UK's largest v… [+1163 chars]"
Richard Speed,Iran-linked crews are probing more flavors of US industrial kit,CISA widens alert beyond Rockwell controllers as intruders target internet-facing devices across critical infrastructure,https://www.theregister.com/security/2026/07/23/iran-linked-crews-are-probing-more-flavors-of-us-industrial-kit/5277003,2026-07-23T14:30:00Z,"The US Cybersecurity and Infrastructure Security Agency (CISA) has expanded the scope of its alert on Iranian-affiliated hackers attacking critical infrastructure, including water and energy faciliti… [+2095 chars]"
Yves Smith,Iran War: Iran Stance Hardening in Connection with Funerals for Supreme Leader and Other Martyrs; Strait of Hormuz Dominance Struggle Continues; More on Oil Price Anomalies,Today's Iran war update: Why things are not as quiet as they might seem.,https://www.nakedcapitalism.com/2026/07/iran-war-iran-stance-hardening-in-connection-with-funerals-for-supreme-leader-and-other-martyrs-strait-of-hormuz-dominance-struggle-continues-more-on-oil-price-anomalies.html,2026-07-06T10:53:21Z,We are in yet another low kinetic action period in the Iran conflict where pressures are continuing to build. The massive funeral ceremonies for Ayatollah Ali Khamenei and the other martyrs in the Ir… [+23280 chars]
Tyler Lacoma,"I Tested the Smart Lock of the Future, Built by a Century-Old Lock Maker",The Schlage Sense Pro combines multiple new smart lock technologies and a cutting-edge design to make it one of the most impressive available.,https://www.cnet.com/home/security/i-tested-the-smart-lock-of-the-future-built-by-a-century-old-lock-maker/,2026-07-02T10:00:00Z,"This year, I've tested out many smart locks that promised to have made the next big leap forward, and I haven't been impressed. Embedded solar panels feel awkward and fragile. Facial recognition has … [+8837 chars]"
Yves Smith,"Iran War: US Sixth Wave of Escalation Strikes Hits Bridges, Civilian Infrastructure, More Promised Next Week; Iran Hits Bahrain Refinery, Signaling Ability to Destroy Gulf Energy Assets; Closure of Bab el-Mandeb Strait Expected","Today's Iran war news: Trump continues to escalate, with more threatened for next week, apparently out of anger as opposed to with a plan.",https://www.nakedcapitalism.com/2026/07/iran-war-us-sixth-wave-of-escalation-strikes-hits-bridges-civilian-infrastructure-more-promised-next-week-iran-hits-bahrain-refinery-signaling-ability-to-destroy-gulf-energy-assets-closure-of-ba.html,2026-07-17T09:18:18Z,"[Today’s Iran War post launched largely complete. However, I expect to make some refinements and add any late-breaking items, so please return or refresh this page at 8:00 AM EDT
There is still a re… [+17009 chars]"
Menzie Chinn,Escalation Possibilities,"M. Yacoubian at CSIS today: A further intensification of the war may be in the offing. Following a July 16 National Security Council meeting that reportedly considered several military options, the United States has deployed more fighter jets to the region, p…",https://econbrowser.com/archives/2026/07/escalation-possibilities,2026-07-20T23:16:11Z,"M. Yacoubian at CSIS today:
A further intensification of the war may be in the offing. Following a July 16 National Security Council meeting that reportedly considered several military options, the … [+2354 chars]"
Nina Zdinjak,Outdoor giant now closing 91 stores in Chapter 11 bankruptcy,"True boat lovers reject the popular saying that the two happiest days of a boater's life are the day they buy the boat and the day they sell it. For them, ha...",https://www.thestreet.com/retail/west-marine-closing-91-stores-chapter-11-bankruptcy,2026-07-24T16:17:00Z,"True boat lovers reject the popular saying that the two happiest days of a boater's life are the day they buy the boat and the day they sell it. For them, happiness is putting the boat in the water a… [+11093 chars]"
Al Jazeera Staff,Trump says US to deliver ‘beating’ to Iran after bases again targeted,US president promises major escalation a day after new Iran attacks and his White House meeting with Netanyahu.,https://www.aljazeera.com/news/2026/7/29/trump-says-us-to-deliver-beating-to-iran-after-bases-again-targeted,2026-07-29T15:43:05Z,"United States President Donald Trump has pledged a major escalation against Iran after the latest Iranian attacks on US military sites in the Middle East.
Trump made the threat in an expletive-laden… [+4005 chars]"
Waleed Ibrahim,Iraqi PM visits Turkiye to boost ties despite complex challenges,"Discussions to focus on 'strategic cooperation', as well as issues related to security, water and the economy.",https://www.aljazeera.com/economy/2026/7/28/iraqi-pm-visits-turkiye-to-boost-ties-despite-complex-challenges,2026-07-28T13:55:52Z,"Iraqi Prime Minister Ali al-Zaidi is leading a high-level delegation to Turkiye, in his first visit to the neighbouring country since taking office in May.
Accompanied by ministers and senior offici… [+5514 chars]"
Gary Leff,American Airlines Lounge Food Workers Strike At Phoenix Airport As Airline Touts Better Club Dining,"Food and beverage workers at American Airlines’ Phoenix Admirals Clubs walked out amid a contract fight with Compass Eurest, just as American promotes upgraded lounge dining. The airline says customer impact should be minimal - which says as much about the lo…",https://viewfromthewing.com/american-airlines-lounge-food-workers-strike-at-phoenix-airport-as-airline-touts-better-club-dining/,2026-07-08T15:58:38Z,"The workers who deliver food and beverage service at the American Airlines Phoenix Admirals Clubs have walked out during their union’s first contract fight over wages, pension, and scope.
These bart… [+2527 chars]"
Lance D Johnson,Strait of Hormuz closure tests Iran-Oman alliance as US-Israeli war escalates into regional crisis,"The contentious waters of the Strait of Hormuz have become the epicenter of a widening confrontation that threatens to redraw the geopolitical map of the Middle East. When Iran announced the closure of this strategic waterway on July 12, 2026, it was a calcul…",https://www.naturalnews.com/2026-07-16-strait-of-hormuz-closure-tests-iran-oman-alliance.html,2026-07-16T06:00:00Z,The contentious waters of the Strait of Hormuz have become the epicenter of a widening confrontation that threatens to redraw the geopolitical map of the Middle East. When Iran announced the closure … [+6255 chars]
cakehonolulu,"Linux on the Atari Jaguar. No, really.",The challenges around porting Linux to an old videogame console by Atari,https://cakehonolulu.github.io/linux-for-jaguar/,2026-07-06T18:35:54Z,"What in the tarnation is an Atari Jaguar?
Released in North America in November of 1993, the Atari Jaguar promised to be the new cool kid in the block thanks to it's (Highly debated) 64 bits of pure… [+11919 chars]"
Nwafor,NPA introduces new truck movement rules to tackle Apapa Port gridlock,By Godwin Oritse The Nigerian Ports Authority (NPA) has introduced new guidelines to regulate truck movement into and out of the nation’s seaports as part of efforts to address congestion around the Apapa port corridor. The new measures include the introducti…,https://www.vanguardngr.com/2026/07/npa-introduces-new-truck-movement-rules-to-tackle-apapa-port-gridlock/,2026-07-15T13:40:49Z,"By Godwin Oritse
The Nigerian Ports Authority (NPA) has introduced new guidelines to regulate truck movement into and out of the nation’s seaports as part of efforts to address congestion around the… [+1457 chars]"
olufemiajasa,"Mile 2-Apapa highway gridlock: Police, LASTMA, FRSC, others helpless","RESIDENTS, motorists and business owners along the Berger/Kirikiri corridor, yesterday, blamed the worsening traffic congestion on the Mile 2-Apapa expressway on the proliferation of container terminals in the area, saying the facilities have become the major…",https://www.vanguardngr.com/2026/07/mile-2-apapa-highway-gridlock-police-lastma-frsc-others-helpless/,2026-07-07T03:00:11Z,"***Residents, motorists blame container terminals for worsening traffic jam 
***Terminal operator cites limited space, port restrictions
***Were working with stakeholders to curb Mile 2 traffic NPA… [+6841 chars]"
Al Jazeera,Trump says US will become ‘guardian’ of Strait of Hormuz and collect tolls,Iran rejects any US control over strait as both sides trade attacks in major threat to negotiations to end their war.,https://www.aljazeera.com/news/2026/7/13/trump-says-us-will-become-guardian-of-strait-of-hormuz-and-collect-tolls,2026-07-13T14:43:01Z,"United States President Donald Trump has said the US will restart its naval blockade of Iran and become the guardian of the Strait of Hormuz, amid the ongoing escalation with Iran that threatens to d… [+3876 chars]"
Marium Ali,Strait of Hormuz: What has happened since the US-Iran MoU on June 17?,"More than 500 ships have passed through the strait since June 17, but many remain stuck.",https://www.aljazeera.com/news/2026/7/9/strait-of-hormuz-what-has-happened-since-the-us-iran-mou-on-june-17,2026-07-09T15:34:54Z,"More than three weeks after the United States and Iran signed a memorandum of understanding (MoU) to end their war and restore shipping through the Strait of Hormuz, the future of passage through the… [+5264 chars]"
,Shipping OpenStrike: A Counter-Strike-Shaped FPS on a 2004 Handheld,"OpenStrike is out — classic BSP maps, bots, tracers, and a Solid JSX HUD holding a locked 60 FPS on a real Sony PSP: 333 MHz, 32 MB, no shaders. A field guide for JavaScript developers to how it works: rules and HUD in TypeScript on QuickJS, a bundler for 199…",https://pocketjs.dev/blog/shipping-openstrike/,2026-07-11T18:20:49Z,"Today we are releasing OpenStrike a single-player, Counter-Strike-shaped FPS that plays the classic GoldSrc-era maps: bots, tracers, recoil, round flow, and a JSX HUD. The round rules are TypeScript.… [+16665 chars]"
Robbyant,Lingbot-map: A 3D foundation model for reconstructing scenes from streaming data,A feed-forward 3D foundation model for reconstructing scenes from streaming data - Robbyant/lingbot-map,https://github.com/Robbyant/lingbot-map,2026-07-17T00:07:49Z,"Robbyant Team
teaser.mp4
LingBot-Map has focused on:
<ul><li>Geometric Context Transformer: Architecturally unifies coordinate grounding, dense geometric cues, and long-range drift correction with… [+20223 chars]"
Punch Newspapers,"Exporters count losses as 1,000 containers remain trapped","Nigerian exporters face billions in losses as over 1,000 export containers remain trapped at Apapa Port due to vessel shortages. Find out more about the cr

Read More: https://punchng.com/exporters-count-losses-as-1000-containers-remain-trapped/",https://punchng.com/exporters-count-losses-as-1000-containers-remain-trapped/,2026-07-08T00:12:02Z,"Fresh indications currently suggest palpable tension within Nigerias business community, especially among exporters, as over 1,000 export containers are trapped at Apapa Port, The PUNCH reports.
Fin… [+5387 chars]"
Sterling Ashworth,Gulf States Borrow $112 Billion to Bypass Hormuz Amid Iran War,"Introduction Persian Gulf states have borrowed a record $112 billion in international debt markets this year to finance infrastructure aimed at bypassing the Strait of Hormuz, according to a report citing Bloomberg-compiled data. The borrowing surge follows t…",https://www.naturalnews.com/2026-07-28-gulf-states-borrow-112b-to-bypass-hormuz.html,2026-07-28T06:00:00Z,"Introduction
Persian Gulf states have borrowed a record $112 billion in international debt markets this year to finance infrastructure aimed at bypassing the Strait of Hormuz, according to a report … [+4793 chars]"
Jarred Sumner,Rewriting Bun in Rust,Why & how we rewrote Bun from Zig to Rust,https://bun.com/blog/bun-in-rust,2026-07-08T21:49:59Z,"Disclosure: Bun was acquired by Anthropic in December 2025. I and others on the Bun team work at Anthropic. I used a pre-release version of Claude Fable 5 for much of the Rust rewrite.
Bun started a… [+67168 chars]"
Maziar Motamedi,What lies ahead for Iran’s economy as scope of US war grows beyond Hormuz?,Mediation efforts continue but uncertainty remains as risks of further disruptions in international waterways grow.,https://www.aljazeera.com/news/2026/7/26/what-lies-ahead-for-iran-as-scope-of-us-war-grows-beyond-hormuz,2026-07-26T19:31:58Z,"Tehran, Iran Iran and the United States have returned to mediated talks, and their military action is temporarily suspended, but the war continues to impact international maritime corridors beyond th… [+8493 chars]"
Punch Newspapers,SEREC decries delay in NPERA Bill assent,"SEREC expresses deep concern over the delay in presidential assent to the NPERA Bill, warning of critical implications for Nigeria’s maritime competitivene

Read More: https://punchng.com/serec-decries-delay-in-npera-bill-assent/",https://punchng.com/serec-decries-delay-in-npera-bill-assent/,2026-07-16T00:21:15Z,"The Sea Empowerment and Research Centre has expressed deep concern over the continued delay in securing presidential assent to the Nigerian Ports Economic Regulatory Authority Bill, describing the de… [+4799 chars]"
Alessia Dunn,"Closure: Guerrilla Storm Shuts Down, Suspends Attractions Across Disney Parks","Japan’s summer weather does not negotiate. The phenomenon known as guerrilla rain, sudden, intense downpours that arrive with little warning and dissipate just as quickly, is a fixture of the humid months at Tokyo Disney Resort and a genuine planning consider…",https://insidethemagic.net/2026/07/closure-guerrilla-storm-shuts-down-suspends-attractions-across-disney-parks/,2026-07-26T12:58:40Z,"Japan’s summer weather does not negotiate. The phenomenon known as guerrilla rain, sudden, intense downpours that arrive with little warning and dissipate just as quickly, is a fixture of the humid m… [+8554 chars]"
Yves Smith,Links 7/4/2026,"Our rattled daily links: Record sea temps, China real estate sinks. yen crisis? >1 million Gaza deaths, Yemen threatens Saudis. grocery price emergency, Trump corruption details, quant emergency? retail dip-buying frenzy, America 250 ignorance, Cuba blackouts…",https://www.nakedcapitalism.com/2026/07/links-7-4-2026.html,2026-07-04T10:55:19Z,"Dorm Life Forever? The Problem with Micro-Living JSTOR (Micael T)
This spray-on powder can stop life-threatening bleeding in 1 second Science Daily (Kevin W)
Climate/Environment
Record sea tempera… [+11054 chars]"
"Kimberley Putland, Mietta Adams, and Alistair Bates",BHP workers to strike as mining giant hits record production,"As hundreds of BHP workers prepare to down tools in a landmark strike, the miner has revealed its highest-ever levels of iron ore production.",https://www.abc.net.au/news/2026-07-16/bhp-record-iron-ore-produdction-port-hedland-strike/106903200,2026-07-16T01:48:14Z,"BHP has posted record iron ore production levels as the mining giant braces for a historic strike from its workforce in Western Australia's Pilbara. 
Unionised workers at BHP's operations in Port He… [+4313 chars]"
RT,Romanian jet shoots down drone,"A Romanian fighter jet has intercepted a drone north of the country’ capital of Bucharest, the third such incident in two months Read Full Article at RT.com",https://www.rt.com/news/643424-romania-shoots-down-drone/,2026-07-24T12:41:59Z,"A Romanian F-16 fighter jet has shot down a drone that entered the country’s airspace, President Nicusor Dan has said. The drone incursion has not yet been blamed on any foreign military.
In a post … [+2180 chars]"
Bennito L. Kelty,Flesh-eating 'screwworm' has Trump on the run before midterms: report,"A flesh-eating parasite has the Trump administration backpedaling fast ahead of the midterm elections, according to a new report. New World screwworm, a parasite that threatens U.S. livestock, forced the Agriculture department to partially lifting its ban on …",https://www.rawstory.com/screwworm-usda-trump/,2026-07-25T13:51:59Z,"A flesh-eating parasite has the Trump administration backpedaling fast ahead of the midterm elections, according to a new report. 
New World screwworm, a parasite that threatens U.S. livestock, forc… [+1305 chars]"
Nwafor,"LASTMA, FRSC, tank farm operators blamed for Mile 2-Apapa gridlock — Source","By Providence Ayanfeoluwa There are indications that activities of the Lagos State Traffic Management Authority (LASTMA), Federal Road Safety Corps (FRSC) and tank farm operators are contributing to the persistent traffic congestion along the Mile 2-Apapa cor…",https://www.vanguardngr.com/2026/07/lastma-frsc-tank-farm-operators-blamed-for-mile-2-apapa-gridlock-source/,2026-07-13T16:26:13Z,"By Providence Ayanfeoluwa
There are indications that activities of the Lagos State Traffic Management Authority (LASTMA), Federal Road Safety Corps (FRSC) and tank farm operators are contributing to… [+2380 chars]"
The Associated Press,Russian strikes across Ukraine kill at least 8 civilians and wound dozens,The blitz expanded Russia's almost daily bombardment of Ukrainian cities as Moscow apparently looked to exploit Kyiv's critical shortage of Western-supplied anti-ballistic missile defenses.,https://www.npr.org/2026/07/30/g-s1-136276/russia-ukraine-war,2026-07-30T09:53:10Z,"KYIV, Ukraine A Russian ballistic missile and drone barrage across Ukraine overnight into Thursday killed at least eight civilians, including children, and wounded dozens of others, officials said.
… [+5271 chars]"
Matthew Loh,"Disrupted Russian supply routes are forcing its troops to walk 18 miles to the front lines, Fedorov says","Ukraine's defense minister said Russian forces have had ""major problems getting infantry to the front line""  and sending them supplies or fuel.",https://www.businessinsider.com/russian-troops-walk-30-km-supply-lines-disrupted-mykhailo-fedorov-2026-7#article,2026-07-02T04:42:12Z,"Russian military servicemen shout during the Victory Day 2026 parade in Moscow.Contributor/Getty Images
<ul><li>Ukraine's defense minister said Russian troops are now walking 18 miles to the front l… [+2550 chars]"
"Alexander Klose, The MIT Press Reader",How lost shipping containers helped map the world’s ocean currents,Thousands of shipping containers vanish every year—what becomes of them?,https://www.scientificamerican.com/article/how-lost-shipping-containers-helped-map-the-worlds-ocean-currents/,2026-07-24T05:30:00Z,"To the casual observer, the look and feel of shipping containers suggests a world of smooth, lossless transportation, almost immaterial in its implementation of a logistical ideal. However, the syste… [+7478 chars]"
The Associated Press,"China's economy grows 4.3% in Q2, slowest since late 2022",Lagging consumer spending and business investment offset the boost from strong exports thanks partly to the boom in artificial intelligence.,https://www.npr.org/2026/07/15/g-s1-133672/chinas-economy-grows-4-3-in-q2-slowest-since-late-2022,2026-07-15T14:11:41Z,"HONG KONG China's economy slowed sharply to a 4.3% annualized pace of growth in the April-June quarter, the government said Wednesday, the weakest in over three years.
The official data fell short o… [+3663 chars]"
Ben Lovejoy,"No delay to iPhone Ultra, says supply-chain report","More supply chain sources have rejected claims of delays to iPhone Ultra production, reporting that it appears to be on track for a September release.
However, the latest report doesn’t rule out limited initial supplies of Apple’s most expensive ever iPhone …",https://9to5mac.com/2026/07/08/no-delay-to-iphone-ultra-says-supply-chain-report/,2026-07-08T12:14:11Z,"More supply chain sources have rejected claims of delays to iPhone Ultra production, reporting that it appears to be on track for a September release.
However, the latest report doesn’t rule out lim… [+1745 chars]"
Tom Carter,Europe's biggest tech giant slides 5% on reports of a Chinese rival encroaching on its turf,ASML is the only company on the planet capable of mass producing the ultraviolet lithography machines critical to building cutting-edge chips.,https://www.businessinsider.com/asml-shares-fall-china-chipmaking-lithography-machine-2026-7#article,2026-07-28T13:10:31Z,"ASML CEO Christophe Fouquet with a Lego model of the company's EUV machine.Bloomberg/Getty Images
<ul><li>ASML shares fell nearly 5% in premarket trading after reports that China had made a major ch… [+2638 chars]"
Ethan Gach,Sony’s PS5 Fight Stick Will No Longer Arrive In Time For Marvel Tokon: Fighting Souls After Getting Indefinitely Delayed,The FlexStrike wireless fight stick is facing manufacturing issues,https://kotaku.com/sonys-ps5-fight-stick-will-no-longer-arrive-in-time-for-marvel-tokon-fighting-souls-after-getting-indefinitely-delayed-2000715922,2026-07-14T20:31:48Z,"Sony’s expansion into the gaming and PC accessory space has it primed to launch its first official fight stick for the PlayStation 5. Unfortunately, the FlexStrike wireless fight stick is no longer s… [+2360 chars]"
Ethan Gach,RAMageddon Is Even Ravaging Retro Gaming Hardware Makers: ‘This Is Vastly Different To Everything Else We’ve Ever Seen’,The makers of Evercade are buying up every component they can way in advance,https://kotaku.com/ramageddon-is-even-ravaging-retro-gaming-hardware-makers-this-is-vastly-different-to-everything-else-weve-ever-seen-2000717614,2026-07-20T13:27:51Z,"Evercade is a line of retro gaming devices that play classic games off of flash-based cartridges. The devices run anywhere from $70 to $200, with the plastic cartridges selling for $30. It’s a pricin… [+2329 chars]"
Akshay Gangwar,Samsung is making more RAM because Apple needs more RAM,Samsung is building new facilities and optimizing logistics to increase its RAM production to meet demands from companies like Apple.,https://www.androidauthority.com/samsung-increase-ram-production-3691987/,2026-07-28T13:29:17Z,<ul><li>Samsung is increasing its RAM production to meet demands from companies like Apple.</li><li>The company is constructing a new end fab facility and optimizing its logistics to increase efficie… [+1770 chars]
Michael Burkhardt,"Report: iPhone Ultra to have incredibly limited availability at launch, may ship slightly later","According to supply chain analyst Ming-Chi Kuo, Apple is likely to have very limited supply for iPhone Ultra at its time of announcement in September. This means it’s plausible that the company may delay shipping it for another month or two, similar to iPhone…",https://9to5mac.com/2026/07/05/iphone-fold-low-supply-at-launch-delayed-release/,2026-07-05T20:38:55Z,"According to supply chain analyst Ming-Chi Kuo, Apple is likely to have very limited supply for iPhone Ultra at its time of announcement in September. This means it’s plausible that the company may d… [+2275 chars]"
Ethan Gach,Tomb Raider: Catalyst Delayed To 2028 Which Means No Disc On PlayStation,The game's prolonged development will drag it into the PS6 era,https://kotaku.com/tomb-raider-catalyst-delayed-to-2028-which-means-no-disc-on-playstation-2000719166,2026-07-24T17:34:45Z,Tomb Raider: Catalyst was revealed back at last year’s Game Awards with a teaser that ended with a 2027 release date. The long-awaited 12th entry in the action-adventure series will no longer be maki… [+2589 chars]
Agnes Applegate,"My startup accidentally spent $30,000 on AI tokens in a month. It was worth it to move fast — but we found a simple fix.","A startup cofounder shared how his team accidentally spent $30,000 on AI tokens in one month — and why they don't have a token budget.",https://www.businessinsider.com/startup-cofounder-accidentally-spent-30-000-ai-tokens-worth-it-2026-7#article,2026-07-09T09:11:01Z,"In April, cofounder Sarthak Dhawan's token use jumped from $20,000 to $30,000.ATHVisions/Getty Images
<ul><li>Startup cofounder Sarthak Dhawan said he accidentally spent around $30,000 on AI tokens … [+4335 chars]"
Melia Russell,They left McKinsey to help businesses fight patent violations. See the pitch deck they used to raise $10 million.,Four colleagues left McKinsey to build AI tools for patent law. Read the pitch deck they used to raise from investors like Andreessen Horowitz.,https://www.businessinsider.com/stilta-ai-patent-law-legal-ai-seed-round-pitch-deck-2026-7#article,2026-07-08T09:00:01Z,"Tobias Estreen, Petrus Werner, Oskar Block, and Oscar Adamsson.Stilta
<ul><li>Stilta, a startup building software for patent litigation, has raised $10.5 million in seed funding.</li><li>Founded by … [+3285 chars]"
Svenja Gudell,"Indeed chief economist: Aging Baby Boomers are America’s real labor problem, not AI","America's labor force will shrink by 6 million workers by 2032. If you're worried about AI taking your job, you're worrying about the wrong thing.",https://finance.yahoo.com/economy/articles/indeed-chief-economist-aging-baby-093000005.html,2026-07-18T09:30:00Z,"For 250 years, America benefited from one economic advantage so consistent it was easy to take for granted: the workforce kept growing. A steadily expanding labor force helped the economy adapt throu… [+6251 chars]"
Dr. Ian Cutress,Intel Starts Shipping High-NA EUV Silicon,Coming to a Panther Lake notebook near you!,https://morethanmoore.substack.com/p/intel-starts-shipping-high-na-euv,2026-07-18T19:56:33Z,"In April 2024 I pulled on a bunny suit at Intels D1X fab in Hillsboro, Oregon, and stood a few feet from a machine the size of a bus and worth a small nation state. Intel Fellow Mark Phillips explain… [+9379 chars]"
"Tess Martinelli,Dominick Reuter,Charissa Cheong",3 lawyers react to Trump's new limits on student visas,We asked 3 immigration lawyers to break down what international students should know about F-1 student visa changes announced last week.,https://www.businessinsider.com/3-lawyers-react-to-trumps-limits-on-f1-student-visas-2026-7#article,2026-07-21T20:51:51Z,"Tahmina Watson, Loren Locke, Brian Hunt
<ul><li>The Trump administration has finalized a new rule that limits F-1 student visas to 4 years.</li><li>If passed, the policy would ban students from star… [+5397 chars]"
Archana Rao and Gaurav Savla,Coding Was Never a Bottleneck,"My job is developer productivity. I’ve worked in developer infrastructure for six years now so I have skin in the game here. I want the AI productivity story to be true. More output, tighter timelines, happier and more productive engineers. Who wouldn’t? But …",https://www.oreilly.com/radar/coding-was-never-a-bottleneck/#BlogPosting,2026-07-16T11:12:28Z,"My job is developer productivity. Ive worked in developer infrastructure for six years now so I have skin in the game here. I want the AI productivity story to be true. More output, tighter timelines… [+12652 chars]"
Agnes Applegate,"My startup accidentally spent $30,000 on AI tokens in a month. It was worth it to move fast — but we found a simple fix.","A startup cofounder shared how his team accidentally spent $30,000 on AI tokens in one month — and why they don't have a token budget.",https://www.businessinsider.com/startup-cofounder-accidentally-spent-30-000-ai-tokens-worth-it-2026-7,2026-07-09T09:11:01Z,"<ul><li>Startup cofounder Sarthak Dhawan said he accidentally spent around $30,000 on AI tokens in a month.
</li><li>He said they don't have a set AI token budget and prioritize speed.
</li><li>Swi… [+4291 chars]"
Reuters,Kremlin says Russian online retailer Wildberries suffered losses in warehouse attacks,"MOSCOW, July 21 (Reuters) - Online retailer Wildberries, Russia's answer to Amazon, and the merchants who trade through it are grappling with losses in the w...",https://www.yahoo.com/news/articles/kremlin-says-ukrainian-attacks-warehouses-104034622.html,2026-07-21T16:40:53Z,"MOSCOW, July 21 (Reuters) - Online retailer Wildberries, Russia's answer to Amazon, and the merchants who trade through it are grappling with losses in the wake of Ukrainian attacks on warehouses ope… [+3238 chars]"
Noi Mahoney,"Freight Distress Report: Carrier, logistics closures erase over 245 jobs","Warehouse closures and bankruptcy filings hit more firms across trucking, logistics, intermodal and trailer businesses. The post Freight Distress Report: Car...",https://finance.yahoo.com/economy/articles/freight-distress-report-carrier-logistics-144420684.html,2026-07-14T14:44:20Z,"Four companies are eliminating nearly 250 jobs at logistics and distribution facilities across New Jersey, North Carolina, Illinois and California, while nine transportation- and logistics-related co… [+8545 chars]"
Dashia Milden,Back-to-School Tech Is Expensive. These Student Deals and Discounts Can Help,"Students may qualify for year-round free shipping, subscriptions and savings, too.",https://www.cnet.com/tech/back-to-school-student-tech-discounts-deals/,2026-07-30T16:30:43Z,"My kindergartener’s school supply list doesn’t include stacks of loose-leaf paper and rulers, like mine used to. Maybe because more assignments are being completed on Chromebooks and iPads. My school… [+5740 chars]"
Federica Marsi,"With Hormuz reopened, has the oil shortage turned into a glut?","As flow resumes through the strait, an oil surplus may yet again destabilise global energy markets.",https://www.aljazeera.com/news/2026/7/2/with-hormuz-reopened-has-the-oil-shortage-turned-into-a-glut,2026-07-02T13:48:51Z,"The Strait of Hormuz is reopening faster than expected, after the US and Iran signed a memorandum of understanding (MoU) and launched indirect talks in Qatar to discuss the flow of shipping.
Global … [+6978 chars]"
Al Jazeera,How the US-Iran conflict is reshaping Africa’s geopolitical opportunities,The US-Israel war on Iran is forcing African governments to rethink their security and economic priorities.,https://www.aljazeera.com/news/2026/7/8/how-the-us-iran-conflict-is-reshaping-africas-geopolitical-opportunities,2026-07-08T01:04:26Z,"Lagos, Nigeria The first economic shockwaves from the United States-Israel war on Iran have been felt through oil markets, shipping routes and financial uncertainty. But its longer-term consequences … [+8468 chars]"
Al Jazeera Staff,Russia launches largest ballistic missile attack on Kyiv since start of war,Ukraine is particularly vulnerable to ballistic missile attacks due to a shortage of Patriot air defence munitions.,https://www.aljazeera.com/news/2026/7/19/russia-launches-largest-ballistic-missile-attack-on-kyiv-since-start-of-war,2026-07-19T07:28:08Z,"Russia has unleashed another night of powerful air attacks on Kyiv, firing its largest number of ballistic missiles since the start of the war, according to Ukraines foreign minister.
The hours-long… [+2713 chars]"
Conor Gallagher,Links 7/9/2026,"Our daily links, including Platner suspends campaign, NATO doubles down, earth energy imbalance, Meta poisons a city's water, and healthcare less accessible.",https://www.nakedcapitalism.com/2026/07/links-7-9-2026.html,2026-07-09T10:58:57Z,"Australian officials ask fans to respect the privacy of Neil, a 1-ton seal who respects nothing AP
Why do countries need industrial policy? Global Currents
Climate/Environment
 Whopper of a heat d… [+6362 chars]"
Max Zahn,Fed to issue interest rate decision as gas prices rise,"The Iran war set off resurgent inflation amid on-again, off-again fighting.",https://abcnews.com/Business/fed-issue-interest-rate-decision-gas-prices-rise/story?id=135130446,2026-07-29T09:25:55Z,"The Federal Reserve stands poised to issue its next interest rate decision on Wednesday as resurgent inflation tests central bankers tasked with beating back price increases.
The Iran war set off so… [+2587 chars]"
Nicole Lee,"Google Pixel 11 Rumor Roundup: New Colors, Higher Prices and Lots of Leaks","Everything we've heard about what the new Pixel 11 phones look like, new prices and more storage than last year.",https://www.cnet.com/tech/mobile/google-pixel-11-rumor-roundup-new-colors-higher-prices-and-lots-of-leaks/,2026-07-16T16:00:42Z,"It's time once again for Google to reveal its next wave of Pixel phones. The company has sent out invitations for a Made by Google event that will take place on Aug. 12 in New York at 6 p.m. ET, wher… [+6523 chars]"
Immortalsolitude,Obla Men's Golf Polo Shirts (Various Colors) $14,"Obla via Amazon has Obla Men's Golf Polo Shirts on sale for $19.99 - $6 when you apply promo code 8Q7RG99K at checkout = $13.99. Shipping is free w/ Prime or on orders $35+.

Note: Promo codes",https://slickdeals.net/f/19751121-obla-mens-golf-polo-shirts-short-sleeve-dry-fit-performance-moisture-wicking-casual-print-collared-golf-shirts-for-men-white-colored-dots-l-13-99,2026-07-12T19:28:14Z,"Real dangers of polyester Chemical additives (antimony, dyes, PFAS, formaldehyde) irritation, endocrine disruption, potential carcinogenicity.Microplastic shedding environmental contamination + human… [+303 chars]"
,What Even Are Microservices?,"Microservices are often presented as a technical solution, but they primarily solve organizational problems. Understanding that distinction makes architectural decisions much clearer.",https://var0.xyz/posts/what-even-are-microservices.html,2026-07-28T09:52:31Z,2026-07-26It's almost impossible to have a conversation about software architecture without someone bringing up microservices. Just look at the discussion over my last post. They have become the defa… [+3808 chars]
Allison,Stacked PRs are now live on GitHub,"Stacked pull requests break large changes into small, reviewable pull requests. They’re an ordered series of pull requests that each represent focused layers of your change. With stacks, you can…",https://github.blog/changelog/2026-07-30-stacked-pull-requests-are-now-in-public-preview/,2026-07-30T16:26:16Z,"Stacked pull requests break large changes into small, reviewable pull requests. They’re an ordered series of pull requests that each represent focused layers of your change. With stacks, you can inde… [+3344 chars]"
Thomas Wasson,Shippers face tighter capacity as trucking rates hold near record highs,"Shippers are running out of room to maneuver as trucking capacity tightens, freight rates hold near record levels, and new driver rules choke off supply. The...",https://finance.yahoo.com/economy/articles/shippers-face-tighter-capacity-trucking-123000391.html,2026-07-25T12:30:00Z,"Truck capacity is shrinking just as shippers most need room to grow. ACT Research's June For-Hire Trucking Index shows freight rates holding near record territory while capacity keeps tightening, as … [+2467 chars]"
Nilay Patel,Apple’s OpenAI lawsuit is about who gets to define the post-smartphone era,"Today on Decoder, I’m talking with Hayden Field, The Verge’s senior AI reporter, about the major trade secrets lawsuit between Apple and OpenAI and what this tells us about OpenAI’s future. By now I’m sure most Decoder listeners are familiar with Apple’s alle…",https://www.theverge.com/podcast/968787/apple-openai-trade-secrets-lawsuit-ai-hardware-smartphone-jony-ive,2026-07-23T13:55:07Z,"<ul><li></li><li></li><li></li></ul>
OpenAI cant afford another lawsuit, especially not with a company like Apple.
by
Nilay PatelClose
Posts from this author will be added to your daily email dig… [+40263 chars]"
,AI 2040 and the Cult of Intelligence,"I used to be one of these people. I read Yudkowsky and was like, OMG recursive self improvement hard takeoff AI is coming. Then I joined the real world and actually tried to do things. At comma, we ship a hardware product of similar complexity to a cell phone…",https://geohot.github.io//blog/jekyll/update/2026/07/11/ai-2040.html,2026-07-11T18:04:01Z,"I used to be one of these people. I read Yudkowsky and was like, OMG recursive self improvement hard takeoff AI is coming. Then I joined the real world and actually tried to do things. At comma, we s… [+5117 chars]"
Nawaf Obaid,The Houthis may soon discover the limits of Saudi strategic patience,Saudi Arabia has so far ignored provocations to preserve regional stability. But it may soon be pushed into action.,https://www.aljazeera.com/opinions/2026/7/21/the-houthis-may-soon-discover-the-limits-of-saudi-strategic-patience,2026-07-21T17:57:53Z,The Houthi declaration that they intend to block Saudi shipping and vessels bound for Saudi ports in the Red Sea is not another act of revolutionary theatre. It is Irans latest attempt to test Saudi … [+6924 chars]
Russell Howe,The World Cup stress test is here. Here are three ways employers can come out ahead,The World Cup reveals how organizations must plan for disruption and respond to workforce changes effectively.,https://www.techradar.com/pro/the-world-cup-stress-test-is-here-here-are-three-ways-employers-can-come-out-ahead,2026-07-20T10:39:14Z,"The World Cup has arrived, bringing a wave of anticipation, celebration, and distraction that stretches far beyond the stadiums. For employers, it also serves as a real-time test of workforce operati… [+7869 chars]"
STEVEN GRATTAN,"Latin American governments prepare for El Nino as drought, floods and heat loom","Governments across Latin America are mobilizing firefighters, activating contingency plans and preparing water, energy and transportation systems as El Nino...",https://www.yahoo.com/news/weather-news/articles/latin-american-governments-prepare-el-130055212.html,2026-07-17T13:00:55Z,"BOGOTA, Colombia (AP) Governments across Latin America are mobilizing firefighters, activating contingency plans and preparing water, energy and transportation systems as El Nino strengthens across t… [+5964 chars]"
Ben Schoon,"Samsung has restocked Galaxy Z Fold 8’s popular ‘Pistachio’ color, shipping in August","Following a brief sell-out and heavy delay on shipping, Samsung has seemingly restocked the “Pistachio” Galaxy Z Fold 8 in the US, with shipment dates moved up to August.",http://9to5google.com/2026/07/29/samsung-has-restocked-galaxy-z-fold-8s-popular-pistachio-color-shipping-in-august/,2026-07-29T13:35:00Z,"Following a brief sell-out and heavy delay on shipping, Samsung has seemingly restocked the “Pistachio” Galaxy Z Fold 8 in the US, with shipment dates moved up to August.
Earlier this week, we noted… [+1465 chars]"
Cory Doctorow,The Human in the Noose: On the Special Hell of Marking an AI’s Homework,Guest column: Author Cory Doctorow explains how your boss's love affair with AI is bad news for you -- and your boss.,https://www.cnet.com/tech/services-and-software/cory-doctorow-reverse-centaurs-alt-view/,2026-07-21T19:50:08Z,"Heres a (seeming) paradox: If you hang out with programmers, you probably know some senior, experienced, talented coders who are delighted with AI and cant stop talking about how theyre producing the… [+7473 chars]"
,Workers' Party MPs warn against over-reliance on mega transport projects,"During a debate on the future of transport, Workers' Party MPs questioned Singapore's port and airport expansion plans, the 2016 sale of Neptune Orient Lines and the pace of the country's autonomous vehicle rollout.",https://www.channelnewsasia.com/singapore/wp-warns-over-reliance-mega-transport-project-singapore-parliament-6238341,2026-07-07T12:47:51Z,"SINGAPORE: Singapore could be over-reliant on mega transport projects such as Tuas Port and Changi Airport Terminal 5 (T5), Workers' Party (WP) Members of Parliament said during a six-hour debate in … [+2795 chars]"
David Brennan,"Russian strikes on Ukraine kill 8, Zelenskyy blames 'insufficient' air defense","Ukrainian President Volodymyr Zelenskyy blamed ""insufficient or delayed"" air defense supplies for the deaths of several people across Ukraine in fresh Russian strikes.",https://abcnews.com/International/russian-strikes-ukraine-kill-8-zelenskyy-blames-insufficient/story?id=135216948,2026-07-30T08:02:39Z,"LONDON -- Ukrainian President Volodymyr Zelenskyy blamed ""insufficient or delayed"" air defense supplies for the deaths of several people across Ukraine in the latest wave of Russian drone and missile… [+4118 chars]"
Thomas Wasson,Carrier diversification unravels the last-mile delivery duopoly,"Consumers now expect free delivery in 2.6 days, down from 3.4. Meeting that promise pushed more than half of retailers past FedEx, UPS and the Postal Service...",https://finance.yahoo.com/small-business/articles/carrier-diversification-unravels-last-mile-120000350.html,2026-07-29T12:00:00Z,"The truck that pulls up to your door is less and less likely to be brown or purple. It might be a Honda Civic with a phone mounted to the windshield, or a van carrying a logo you have never seen. Ret… [+7650 chars]"
Fiona Craig,Adtran shares tumble after company cuts second-quarter revenue outlook (NASDAQ:ADTN),Customer project delay prompts weaker forecastAdtran Holdings (NASDAQ:ADTN) shares dropped 14% on Wednesday after the networking equipment provider lowered i...,https://investorshub.advfn.com/market-news/article/32420/adtran-shares-tumble-after-company-cuts-second-quarter-revenue-outlook-nasdaqadtn,2026-07-22T12:37:19Z,"Stock chart with numbers going down ©Shutterstock
Customer project delay prompts weaker forecast
Adtran Holdings (NASDAQ:ADTN) shares dropped 14% on Wednesday after the networking equipment provide… [+2027 chars]"
https://www.facebook.com/bbcnews,The Chinese robot army transforming the UK's retail industry,Britain's weak productivity growth and labour shortages are creating an opportunity for China's robotics firms.,https://www.bbc.co.uk/news/articles/c0jl8v23qwgo,2026-07-29T22:08:29Z,"The UK has struggled with weak productivity growth for more than a decade, and economists say wider adoption of robotics will be essential if businesses are to become more efficient.
In its 2026 rep… [+1743 chars]"
Nick Lichtenberg,"AI and the ‘skinny hamburger, fat bun’ problem — why the future of work needs to look more like a pizza","Yahoo Finance GM George Leimer led the development of a new investing product, AlphaSpace, and his team has shipped over 100 new features in two months.",https://tech.yahoo.com/ai/articles/ai-skinny-hamburger-fat-bun-060000642.html,2026-07-27T06:00:00Z,"George Leimer recognized it immediately.
On a recent call with the Yahoo Finance product chief, I pulled up a slide that looked like two burgers, side by side, to represent eras of work before and a… [+10337 chars]"
Admin,Heat Pushes Rhine Toward 36-Year Low in Risk to Energy Supplies,"The Rhine River’s water levels risk dropping to an unprecedented low as heat waves grip Europe, creating a bottleneck for the delivery of coal and fuels inland while raising shipping costs. Water levels at Kaub, a key chokepoint for shipments …",https://www.insurancejournal.com/news/international/2026/07/29/879398.htm,2026-07-29T09:29:17Z,"The Rhine River’s water levels risk dropping to an unprecedented low as heat waves grip Europe, creating a bottleneck for the delivery of coal and fuels inland while raising shipping costs.
Water le… [+2039 chars]"
John Power,"Strait of Hormuz shipping grinds to halt as US, Iran resume fighting",Brent crude holds steady despite plunge in traffic in critical waterway.,https://www.aljazeera.com/economy/2026/7/10/strait-of-hormuz-shipping-grinds-to-halt-as-us-iran-resume-fighting,2026-07-10T02:55:59Z,"Shipping in the Strait of Hormuz has plunged amid renewed fighting between the United States and Iran, dealing a new blow to energy markets already reeling from the biggest supply disruption in histo… [+3468 chars]"
Maziar Motamedi,Hormuz shipping in focus as Iran-US rhetoric heats up,Analysts say door to diplomacy still open despite exchange of attacks and threats.,https://www.aljazeera.com/news/2026/7/11/hormuz-shipping-in-focus-as-iran-us-rhetoric-heats-up,2026-07-11T16:05:18Z,"Tehran, Iran Iran and the United States have offered clashing narratives over the fate of ships passing through the Strait of Hormuz as they continue to trade threats, even as they maintain contact t… [+7424 chars]"
Al Jazeera Staff,"UN envoy for Yemen ‘alarmed’ by Houthis’ Red Sea attacks, calls for talks",Hans Grundberg warns that further confrontation risks 'deepening the suffering of the Yemeni people'.,https://www.aljazeera.com/news/2026/7/24/un-envoy-for-yemen-alarmed-by-houthis-red-sea-attacks-calls-for-talks,2026-07-24T00:03:25Z,"The United Nations envoy for Yemen has warned that renewed attacks by the Houthis on Red Sea shipping risk dragging the country back into full-scale war.
Hans Grundberg said in a statement on Thursd… [+2805 chars]"
Conor Gallagher,Europe’s Heatwave Is Becoming an Energy Crisis,The US escalation in its war against Iran couldn't come at a worse time for Europe.,https://www.nakedcapitalism.com/2026/07/europes-heatwave-is-becoming-an-energy-crisis.html,2026-07-20T13:55:09Z,"Conor here: Bad news for Europe. Good news for American LNG exporters. From Reuters:
Asias imports of U.S. LNG are expected to reach a record high of 4.23 million tons in July, about three times the… [+6373 chars]"
John Power,Oil hits 1-month high as US-Iran fighting clouds Strait of Hormuz outlook,Brent crude nears $85 a barrel amid renewed hostiles between Washington and Tehran.,https://www.aljazeera.com/economy/2026/7/14/oil-hits-1-month-high-as-us-iran-fighting-clouds-strait-of-hormuz-outlook,2026-07-14T03:38:22Z,"Oil prices have surged to their highest level in a month as renewed hostilities between the United States and Iran continued for a third consecutive day, dampening hopes for a return to normality in … [+3492 chars]"
Contributed Content,Freight Factoring Requirements: What Trucking Companies Need to Qualify,"You can run loads consistently, work with solid brokers, and still feel pressure every week because most invoices take 30, 45, or even 60+ days to get paid....",https://finance.yahoo.com/small-business/articles/freight-factoring-requirements-trucking-companies-133700717.html,2026-07-02T13:37:00Z,"You can run loads consistently, work with solid brokers, and still feel pressure every week because most invoices take 30, 45, or even 60+ days to get paid. That delay is exactly why freight factorin… [+9419 chars]"
Nadia Santiago,Is a Secret Wedding More Romantic Than a Spectacle? The Case of Zendaya vs. Taylor Swift,What do you think? Zendaya and Tom Holland got married and no one knew about it and we still haven’t seen pictures. THAT is romantic. Having a massive spectacle in the middle of midtown on a …,https://thoughtcatalog.com/nadia-santiago/2026/07/is-a-secret-wedding-more-romantic-than-a-spectacle-the-case-of-zendaya-vs-taylor-swift/,2026-07-03T23:36:35Z,"What do you think?
+4view gallery
Zendaya and Tom Holland got married and no one knew about it and we still haven’t seen pictures. THAT is romantic. Having a massive spectacle in the middle of midt… [+1341 chars]"
Jabran Kundi,Chevron’s (CVX) Data Center Ambitions Are A Great Way To Play The AI Power Bottleneck,Chevron Corp (NYSE:CVX) is one of the 12 Best Dow Stocks to Invest In Right Now. Chevron Corp (NYSE:CVX) is one of the best Dow stocks to invest in right now...,https://finance.yahoo.com/energy/articles/chevron-cvx-data-center-ambitions-115828783.html,2026-07-09T11:58:28Z,"Chevron Corp (NYSE:CVX) is one of the 12 Best Dow Stocks to Invest In Right Now. Chevron Corp (NYSE:CVX) is one of the best Dow stocks to invest in right now. On July 2, Biraj Borkhataria from RBC Ca… [+2103 chars]"
Caitlin Dewey,Iran is showing it can still fight back,"This story appeared in Today, Explained, a daily newsletter that helps you understand the most compelling news and stories of the day. Subscribe here. President Donald Trump seemed visibly irked when asked about his plans for Iran on Tuesday. “You don’t know …",https://www.vox.com/today-explained-newsletter/496335/iran-war-july-strikes,2026-07-21T21:09:14Z,"An Iranian woman walks past an anti-US banner in Tehran on July 19, 2026. | Atta Kenare/AFP via Getty Images


This story appeared in Today, Explained, a daily newsletter that helps you understand t… [+3384 chars]"
ET CONTRIBUTORS,Could oil prices spike further? Inside the fragile US-Iran stance in the Gulf,Geopolitical tensions in the Middle East have escalated after attacks on commercial vessels.  Iran's objective appears to be expanding its strategic influence over the Strait of Hormuz.  Gulf nations are remaining cautious to avoid direct involvement in the c…,https://economictimes.indiatimes.com/markets/commodities/news/could-oil-prices-spike-further-inside-the-fragile-us-iran-stance-in-the-gulf/articleshow/132325682.cms,2026-07-11T06:15:01Z,"Global crude oil markets have been thrown into renewed uncertainty as geopolitical tensions in the Middle East escalate, following attacks on commercial vessels transiting the Strait of Hormuz. The l… [+5943 chars]"
RT,Russia strikes Ukrainian airfield and logistics sites – MOD,The Russian Defense Ministry says its forces carried out long-range strikes against military targets across Ukraine Read Full Article at RT.com,https://www.rt.com/russia/643645-russian-long-range-strikes/,2026-07-30T06:49:30Z,"Russian forces carried out long-range strikes across Ukraine overnight, targeting airfields, defense industry facilities, telecommunications infrastructure and logistics hubs, the Defense Ministry in… [+2122 chars]"
Moby Intelligence,"The Chefs' Warehouse, Inc. Q2 2026 Earnings Call Summary","Moby summary of The Chefs' Warehouse, Inc.'s Q2 2026 earnings call",https://app.moby.co/home/research/tools/earningsCalendar/earnings-the-chefs-warehouse-inc-q2-2026-earnings-call-summary?utm_source=yahoo_finance&amp;utm_medium=rss,2026-07-29T23:05:23Z,Our analysts just identified a stock with the potential to be the next Nvidia. Tell us how you invest and we'll show you why it's our #1 pick. Tap here.<li>Performance was driven by a 'Goldilocks' en… [+1798 chars]
f12_26,Tilswall Shark700 Brushless Cordless Paint Sprayer w/ Container (Tool Only) $40 + Free S&H,"TIANWAN via Amazon [amazon.com] has *Tilswall Shark700 Brushless Cordless Paint Sprayer w/ Side-Fill & 1300ml Container* (20V Battery Not Included, DeWALT compatible, 3 Colors) on sale for *$39.99*...",https://slickdeals.net/f/19757343-tilswall-shark700-brushless-cordless-paint-sprayer-w-container-tool-only-40-free-s-h,2026-07-26T15:31:42Z,"Update: This popular deal is still available.TIANWAN via Amazon has Tilswall Shark700 Brushless Cordless Paint Sprayer w/ Side-Fill &amp; 1300ml Container (20V Battery Not Included, DeWALT compatible… [+2463 chars]"
Jim Vorel,Looks Like $5 Gas Is Back on the Menu,"Just in time for the run-up to midterms, the Trump admin is driving the Middle East further into chaos and gas prices are skyrocketing.",https://www.jezebel.com/gas-prices-5-dollars-oil-prices-climbing-again-iran-war-peace-collapse-houthis-blockade-bab-al-mandab-saudi-arabia,2026-07-23T11:30:18Z,"It was only a couple weeks ago where, even to the cynics, the Iran War seemed to genuinely be coasting to a supremely wasteful (more than $38 billion torched!) but final conclusion. After all, the Un… [+7469 chars]"
Mads Flarup Christensen,"Even if the Iran war ends, the next fossil fuel shock is already on its way","To prepare, the world needs to focus on building energy independence through renewables and decentralisation.",https://www.aljazeera.com/opinions/2026/7/14/even-if-the-iran-war-ends-the-next-fossil-fuel-shock-is-already-on-its-way,2026-07-14T14:56:21Z,"As hostilities between the United States and Iran reignite, global attention has shifted again to the immediate risks of the conflict.
Across the Middle East, families have endured fear, uncertainty… [+5341 chars]"
Leon Stille,Europe Was Supposed to Run Out of Jet Fuel by June. It Didn’t,"The crisis revealed the flexibility of global energy markets, with refiners, traders, governments, and consumers rapidly adjusting production, trade routes,...",https://finance.yahoo.com/energy/articles/europe-supposed-run-jet-fuel-210000258.html,2026-07-19T21:00:00Z,"Jet fuel appeared to be one of Europe's weakest points. The continent consumes roughly 1.6 million barrels per day of jet fuel and kerosene but produces closer to 1.1 million barrels per day, leaving… [+11067 chars]"
Charles Kennedy,Oil Jumps 7% As Trump Threatens Iran Hours Before Fed Decision,"Oil jumped more than 7% Wednesday as Trump threatened Iran and Houthis eyed Red Sea shipping fees, hours before the Fed’s rate decision.",https://finance.yahoo.com/energy/articles/oil-jumps-7-trump-threatens-133408110.html,2026-07-29T13:34:08Z,"Oil prices surged more than 7% on Wednesday as renewed U.S.-Iran hostilities and fresh threats to shipping through the Bab el-Mandeb pushed WTI above $84 and Brent toward $90, confronting the Federal… [+2414 chars]"
Al Jazeera Staff,"US-Iran escalation threatens oil supply recovery, warns IEA",Sources suggest that the ceasefire can be revived amid a lull in fighting and backroom diplomacy.,https://www.aljazeera.com/news/2026/7/10/us-iran-escalation-threatens-oil-supply-recovery-warns-iea,2026-07-10T11:51:06Z,"The return of fighting between the United States and Iran threatens to extend the global energy crisis, the International Energy Agency has warned.
The risk that the resumption of hostilities could … [+4031 chars]"
Leon Ho,Encore Career Ideas: Choose a Second Act That Fits,"Most encore career ideas lists read like a job board. Here's how to pick a second act after 60 that fits your skills, energy, and who you want to serve.",https://www.lifehack.org/991493/encore-career-ideas,2026-07-26T09:00:00Z,"The question always lands a little sideways, usually at a party. ""So what are you going to do now?"" You just closed out a career you spent thirty-five years building, and the honest answer is you hav… [+12178 chars]"
Yadullah Abidi,This open-source printer wants to get rid of cartridge DRM for good,Ink cartridges shouldn't need authentication.,https://www.makeuseof.com/open-source-printer-get-rid-cartridge-drm-for-good/,2026-07-26T17:01:12Z,"If you've ever owned an inkjet printer, you already know the scam that it can be. You buy the machine for a relatively low price, thinking you got a good deal, and then spend the next few years being… [+5654 chars]"
FreightWaves Staff,Celadon Bankruptcy: The Inside Story & Stranded Drivers [FreightWaves Exclusive],"SummaryView Transcript Paul Svindland, former CEO of Celadon, reveals the emotional toll of the company’s bankruptcy. He recounts how FreightWaves breaking t...",https://finance.yahoo.com/small-business/articles/celadon-bankruptcy-inside-story-stranded-141904932.html,2026-07-29T14:19:04Z,"SummaryView Transcript
Paul Svindland, former CEO of Celadon, reveals the emotional toll of the company's bankruptcy. He recounts how FreightWaves breaking the news prematurely led to chaos, strande… [+4591 chars]"
TheLostSwede,(PR) Gigabyte Breaks the DDR5 Bottleneck: Full Motherboard Lineup Now Supports CXSH (CXMT) Memory,"Gigabyte Technology Co. Ltd, a leading manufacturer of motherboards, graphics cards, and hardware solutions, today announced that its full lineup of DDR5 motherboards now supports CXSH (CXMT) chip-based memory, giving consumers more options and greater availa…",https://www.techpowerup.com/351057/gigabyte-breaks-the-ddr5-bottleneck-full-motherboard-lineup-now-supports-cxsh-cxmt-memory,2026-07-24T12:28:49Z,"Gigabyte Technology Co. Ltd, a leading manufacturer of motherboards, graphics cards, and hardware solutions, today announced that its full lineup of DDR5 motherboards now supports CXSH (CXMT) chip-ba… [+1852 chars]"
Ece Yildirim,"United Said Iran War Cost It $6 Billion In Fuel, Passengers Can Expect Reduced Flights",Fuel cost United 84% more than normal in the past three months as the war raged on.,https://gizmodo.com/united-said-iran-war-cost-it-6-billion-in-fuel-passengers-can-expect-reduced-flights-2000785895,2026-07-15T23:05:25Z,"United Airlines says that the war between the United States and Iran has cost the airline an additional $6 billion in jet fuel payments this year.
The skyrocketing price of jet fuel is not only a pa… [+2960 chars]"
Stephan Bisaha,Inflation slowed sharply -- but it may not last,"Annual inflation hit 3.5% in June, down from May's more than three-year high — but the resumption of the conflict with Iran threaten to push up inflation as energy costs once again spike.",https://www.npr.org/2026/07/14/nx-s1-5893379/inflation-economy-consumer-prices-federal-reserve,2026-07-14T14:40:20Z,"Inflation slowed sharply in June as gas prices dropped but it's a reprieve that may prove temporary as tensions with Iran once again ratchet up.
Consumer prices in June were up 3.5% from a year earl… [+1668 chars]"
Zac Estrada,Massachusetts EV Drivers Can Sell Extra Energy to the Grid Under New Program,"Hey car, got any spare electrons? Asking for an energy grid.",https://gizmodo.com/massachusetts-ev-drivers-can-sell-extra-energy-to-the-grid-under-new-program-2000790802,2026-07-25T16:17:09Z,"Unpredictable weather conditions continue to prompt consumers, especially electric vehicle shoppers, to prioritize features such as vehicle-to-load and vehicle-to-home so they can power essential dev… [+2498 chars]"
"Peter Charalambous, Kerem Inal, Nicholas Kerr",Trump-promoted discount gas stations fuel a mystery and questions,"President Trump is promoting a network of gas stations that are selling gas for $3.47 a gallon, but analysts say they're likely selling the gas at a loss.",https://abcnews.com/US/trump-promoted-discount-gas-stations-fuel-mystery-questions/story?id=134625546,2026-07-09T22:39:35Z,"President Donald Trump earlier this month praised a ""very smart retailer"" called the Freedom Fuel Network in the Philadelphia area for voluntarily lowering the price of gas to $3.47 a gallon, undercu… [+8702 chars]"
Passant Rabie,The Government Wants to Turn Abandoned Oil Rigs Into Rocket Launch Pads,The government is looking to establish new launch sites to accommodate a growing industry.,https://gizmodo.com/the-government-wants-to-turn-abandoned-oil-rigs-into-rocket-launch-pads-2000784186,2026-07-13T11:30:07Z,"Hundreds of offshore oil rigs have neared the end of their lives, but they remain perched high above the surface of oceans while the wells beneath them have run dry. Now, the government has proposed … [+3030 chars]"
Séamus Bellamy,Cuba's surviving Trump's oil embargo with solar powered tuk-tuks,"Anyone who's spent a lot of time in second-or third-world nations will tell you that tuk-tuks are definitely a thing. They're inexpensive to operate, compared to a car or truck, and serve in almost every capacity that you can imagine. From colectivos where pu…",https://boingboing.net/2026/07/16/cubas-surviving-trumps-oil-embargo-with-solar-powered-tuk-tuks.html,2026-07-16T17:04:03Z,"Anyone who's spent a lot of time in second-or third-world nations will tell you that tuk-tuks are definitely a thing. They're inexpensive to operate, compared to a car or truck, and serve in almost e… [+1754 chars]"
Scott Horsley,Tensions with Iran add fresh uncertainty to an already shaky global economy,"Crude oil prices jumped and stock prices fell after President Trump declared an end to the cease fire with Iran, adding fresh uncertainty to an already shaky outlook for the global economy.",https://www.npr.org/2026/07/08/nx-s1-5885946/iran-trump-oil-stock-inflation-gas-federa-reserve,2026-07-08T17:07:22Z,"Renewed fighting between the U.S. and Iran added yet another dose of uncertainty to the global economy. 
Crude oil prices jumped and stock prices fell after President Trump declared an end to the fr… [+2401 chars]"
Scott Horsley,Tensions with Iran add fresh uncertainty to an already shaky global economy,"Crude oil prices jumped and stock prices fell after President Trump declared an end to the ceasefire with Iran, adding fresh uncertainty to an already shaky outlook for the global economy.",https://www.npr.org/2026/07/08/nx-s1-5885946/iran-trump-oil-stock-inflation-gas-federal-reserve,2026-07-08T17:07:22Z,"Renewed fighting between the U.S. and Iran added yet another dose of uncertainty to the global economy.
Crude oil prices jumped and stock prices fell after President Trump declared an end to the fra… [+2400 chars]"
https://www.facebook.com/bbcnews,Cuban dissident Luis Manuel Otero Alcántara goes into exile in US,He was arrested in 2021 during Cuba's largest anti-government protests in decades and spent five years ⁠in prison.,https://www.bbc.co.uk/news/articles/cx2k77p2r1xo,2026-07-19T07:47:02Z,"US Secretary of State Marco Rubio said the Cuban government's ""brutal crackdown against its own people five years ago is yet another reminder of the unique misery and evil that is innate to the commu… [+1485 chars]"
Chris Boccia,Bipartisan group of senators unveil Graham's Russia sanctions bill,"Democratic Sen. Blumenthal said passage would be a ""fitting tribute"" to Graham.",https://abcnews.com/Politics/bipartisan-group-senators-unveil-grahams-russia-sanctions-bill/story?id=134758218,2026-07-14T21:56:09Z,"A bipartisan group of senators on Tuesday unveiled the legislation brokered by the late Sen. Lindsey Graham that would punish Russian energy exports and the foreign partners who purchase it.
The leg… [+3338 chars]"
Tom Carter,Tesla sales rebound as it cashes in on sky-high gas prices,A spike in gas prices due to the war in the Middle East appear to have given the EV industry a shot in the arm.,https://www.businessinsider.com/tesla-sales-q2-ev-gas-prices-2026-7#article,2026-07-02T13:06:18Z,"Elon Musk has bet Tesla's future on its Cybercab robotaxi and Optimus humanoid robot.Christian Marquardt - Pool/Getty Images
<ul><li>Tesla is weathering the EV winter, thanks to a boost from soaring… [+3674 chars]"
CRISTIANA MESQUITA and ANDREA RODRÍGUEZ,Democratic members of US Congress visit Cuba and compare US energy embargo to 'silent Gaza',Four Democratic members of U.S. Congress who traveled to Cuba this weekend described the energy embargo imposed on the island by U.S. President Donald Trump...,https://www.yahoo.com/news/politics/articles/democratic-members-us-congress-visit-222526367.html,2026-07-13T22:25:26Z,"HAVANA (AP) Four Democratic members of U.S. Congress who traveled to Cuba this weekend described the energy embargo imposed on the island by U.S. President Donald Trump as turning the island into a ""… [+2975 chars]"
Joe Hernandez,How to deal with seesawing gas prices,"Gas prices have fluctuated since the U.S. and Israel launched a war on Iran, which disrupted shipping through the Strait of Hormuz and left consumers unsure of what they'll pay at the pump.",https://www.npr.org/2026/07/09/nx-s1-5886319/gas-prices-budget,2026-07-09T19:10:47Z,"To say gas prices have been unpredictable this year would be an understatement.
On Thursday morning, drivers across the U.S. were spending an average of $3.85 per gallon of regular unleaded, accordi… [+4637 chars]"
By Aigerim Turgunbaeva,Kyrgyzstan asks neighbours for help with fuel supplies as Russian shortages bite,"By Aigerim Turgunbaeva BISHKEK, July 2 (Reuters) - Kyrgyzstan asked Kazakhstan, Belarus, Azerbaijan, Uzbekistan and Turkmenistan to help ensure stable fuel s...",https://www.yahoo.com/news/world/articles/kyrgyzstan-asks-neighbours-help-fuel-075947905.html,2026-07-02T07:59:47Z,"By Aigerim Turgunbaeva
BISHKEK, July 2 (Reuters) - Kyrgyzstan asked Kazakhstan, Belarus, Azerbaijan, Uzbekistan and Turkmenistan to help ensure stable fuel supplies late on Wednesday, amid concerns … [+1536 chars]"
Reuters,"Ukraine strikes eight Russian 'shadow fleet' tankers, Kyiv says","July 7 (Reuters) - Ukrainian drones struck eight tankers from Russia's so-called ""shadow fleet"" that were delivering fuel to Crimea overnight, Kyiv's militar...",https://www.yahoo.com/news/articles/ukraine-strikes-eight-russian-shadow-105837587.html,2026-07-07T10:58:37Z,"July 7 (Reuters) - Ukrainian drones struck eight tankers from Russia's so-called ""shadow fleet"" that were delivering fuel to Crimea overnight, Kyiv's military said on Tuesday, part of a mounting effo… [+1764 chars]"
Andy Greenberg,A Leaked Memo Ties Cyberattacks on Minnesota Water Utilities to Iran,"A memo obtained by WIRED, issued by the water utilities information sharing group WaterISAC, links dozens of cyberattacks against Minnesota water utilities to Tehran.",https://www.wired.com/story/a-leaked-memo-ties-cyberattacks-on-minnesota-water-utilities-to-iran/,2026-07-30T21:20:00Z,"In its report on the Minnesota water cyberattacks, Tenable pointed to an advisory from CISA that was initially released in April but was updated last week, warning that Iran-linked actors were target… [+3207 chars]"
Rob Beschizza,Russians returning to 1 horsepower amid gasoline shortages,"Russian villagers have begun buying horses instead of cars as the country's gasoline crisis deepens, The Moscow Times reported Monday, citing claims by horse breeders there. Demand for workhorses has risen severalfold in recent weeks, sparing about 1,000 anim…",https://boingboing.net/2026/07/07/russians-returning-to-1-horsepower-amid-gasoline-shortages.html,2026-07-07T20:23:15Z,"Russian villagers have begun buying horses instead of cars as the country's gasoline crisis deepens, The Moscow Times reported Monday, citing claims by horse breeders there. Demand for workhorses has… [+1461 chars]"
By Ishaan Arora,Oil prices dip as mediation efforts offset US-Iran strikes,"By Ishaan Arora July 21 (Reuters) - Oil prices softened on Tuesday, with markets weighing reports of mediation efforts between the U.S. and Iran against an e...",https://uk.finance.yahoo.com/news/oil-prices-dip-mediation-efforts-010408078.html,2026-07-21T01:05:45Z,"By Ishaan Arora
July 21 (Reuters) - Oil prices softened on Tuesday, with markets weighing reports of mediation efforts between the U.S. and Iran against an exchange of fresh attacks between the two … [+1938 chars]"
Allison Pecorin,Senate to move on Russia sanctions bill named after Sen. Lindsey Graham,Graham had worked to carefully negotiate the package with the White House.,https://abcnews.com/Politics/senate-move-russia-sanctions-bill-named-after-sen/story?id=135151693,2026-07-28T19:22:40Z,"A bipartisan group of senators announced an agreement to move forward on a highly anticipated Russia and Iran sanctions bill Tuesday morning, honoring the late Sen. Lindsey Graham in the process.
Th… [+2630 chars]"
Reuters,US senators say agreement reached with Trump on Russia sanctions bill,"WASHINGTON, July 10 () - Four U. senators said on Friday they had reached agreement with President Donald Trump's ‌administration to move forward with update...",https://www.yahoo.com/news/politics/articles/us-senators-agreement-reached-trump-171753021.html,2026-07-10T17:43:31Z,"WASHINGTON, July 10 (Reuters) - Four U.S. senators said on Friday they had reached agreement with President Donald Trump's administration to move forward with updated legislation on Russia sanctions.… [+1464 chars]"
SETH BORENSTEIN,Meteorologists warn week ahead in US will have dangerous temps: 'Heat is not to be played with',"Most of America's Lower 48 states are about to swelter under an unusually large, strong and long-lasting heat dome that will spike temperatures in a way that...",https://www.yahoo.com/news/weather-news/articles/meteorologists-warn-week-ahead-us-130205493.html,2026-07-10T13:02:05Z,"Most of America's Lower 48 states are about to swelter under an unusually large, strong and long-lasting heat dome that will spike temperatures in a way that the National Weather Service calls ""signi… [+5302 chars]"
Edna Mohamed,"What is Nayara, the Indian firm Russia is reportedly importing oil from?",Ukrainian forces have repeatedly targeted Russian oil facilities causing long queues for fuel across the country.,https://www.aljazeera.com/news/2026/7/3/what-is-nayara-the-indian-firm-russia-is-reportedly-importing-oil-from,2026-07-03T10:53:12Z,"An Indian oil firm, Nayara Energy, has reportedly sold petroleum to Russia as Ukrainian attacks continue to target oil refineries across the country, triggering a fuel crisis.
On Wednesday, industry… [+4969 chars]"
Ajay Kumar,Our Lab Data Revealed the Portable Power Stations That Will Keep Your Fridge Running During Outages,Fridges are one of the most important home appliances to keep powered during an outage. Our lab testing revealed the power stations that can keep yours running the longest.,https://www.cnet.com/home/yard-and-outdoors/lab-data-portable-power-station-how-long-fridge-running-emergency-backup/,2026-07-13T16:00:00Z,"Portable power stations are a great tool for keeping your most important devices -- including phones, laptops and routers -- charged during an emergency such as a power outage, but what if you need t… [+17072 chars]"
SAMYA KULLAB,Ukrainian prime minister to step down as Zelenskyy announces government reshuffle,Ukrainian Prime Minister Yulia Svyrydenko stepped down on Sunday as President Volodymyr Zelenskyy announced fresh changes to Ukraine's government.  In a stat...,https://www.yahoo.com/news/world/articles/ukrainian-attacks-russia-kill-1-085130619.html,2026-07-12T08:51:30Z,"KYIV, Ukraine (AP) Ukrainian Prime Minister Yulia Svyrydenko stepped down on Sunday as President Volodymyr Zelenskyy announced fresh changes to Ukraine's government.
In a statement on social media, … [+3809 chars]"
Lauren Feiner,New York becomes the first state to enact a data center moratorium,New hyperscale data centers can't set up shop in New York for up to a year now that Governor Kathy Hochul (D) has signed the nation's first statewide moratorium. But a bill passed by the state legislature that could restrict even more developments still await…,https://www.theverge.com/policy/965110/new-york-ai-data-center-moratorium,2026-07-13T22:23:04Z,"<ul><li></li><li></li><li></li></ul>
But a version approved by state lawmakers could go even further.
But a version approved by state lawmakers could go even further.
by
Lauren FeinerClose
Posts… [+3248 chars]"
By Yuliia Dysa,Ukraine creates 'long-range' command to step up strikes on Russia,"By Yuliia Dysa KYIV, July 10 (Reuters) - Ukraine is setting up a ""long-range impact"" command within its armed forces, President Volodymyr Zelenskiy said, as...",https://www.yahoo.com/news/articles/ukraine-creates-long-range-command-192152178.html,2026-07-10T19:21:52Z,"By Yuliia Dysa
KYIV, July 10 (Reuters) - Ukraine is setting up a ""long-range impact"" command within its armed forces, President Volodymyr Zelenskiy said, as Kyiv's campaign against Russian energy an… [+3593 chars]"
Bruce Gil,"No One Can Afford to Buy Hardware, So Nvidia Made Trading Cards to Reminisce About the Good Times",The GPU company announced its first series of trading cards highlighting GeForce’s 'great moments.',https://gizmodo.com/no-one-can-afford-to-buy-hardware-so-nvidia-made-trading-cards-to-reminisce-about-the-good-times-2000783766,2026-07-09T20:15:20Z,"The price of computers, gaming consoles, and even smartphones has gone up this year, all thanks to the AI boom.
Now, one of the companies most responsible for that boom is looking back at the good o… [+2613 chars]"
Stevie Bonifield,Microsoft’s carbon emissions went up 25 percent last year,"Microsoft may once again be struggling to keep up with its own climate goals, according to its 2026 sustainability report. As reported by GeekWire, the report states that Microsoft's carbon emissions increased 25 percent in 2025, totalling 34 million metric t…",https://www.theverge.com/tech/963728/microsoft-sustainability-report-2026,2026-07-10T00:04:13Z,"<ul><li></li><li></li><li></li></ul>
The companys annual sustainability report also says sustainability solutions arent keeping up with AI demands.
The companys annual sustainability report also sa… [+2721 chars]"
"Ivana Kottasová, CNN",Strait of Hormuz-style crisis looms for Russia as Ukraine forces shutdown of a key waterway,Russia’s grip on its gateway to the Black Sea is slipping after a series of Ukrainian attacks forced Moscow to suspend traffic through the key waterway this...,https://www.cnn.com/2026/07/15/world/russia-ukraine-sea-of-azov-intl,2026-07-15T14:18:38Z,"Russia's grip on its gateway to the Black Sea is slipping after a series of Ukrainian attacks forced Moscow to suspend traffic through the key waterway this week, limiting the Kremlin's ability to tr… [+5787 chars]"
The Associated Press,U.S. launches new airstrikes on Iran and Tehran fires back at Gulf Arab states,"The United States launched new airstrikes against Iran early Thursday, and Tehran responded by targeting Bahrain, Kuwait and Qatar in crossfire that again threatened an interim deal intended to help end the war.",https://www.npr.org/2026/07/09/g-s1-132670/us-iran-strikes,2026-07-09T05:46:40Z,"DUBAI, United Arab Emirates The United States launched new airstrikes against Iran early Thursday, and Tehran responded by targeting Bahrain, Kuwait and Qatar in crossfire that again threatened an in… [+5569 chars]"
JON GAMBRELL,FACT FOCUS: Iran claims a foreign ship got stuck in Strait of Hormuz. But it is tied to Tehran,Iranian state television claimed this week that a foreign ship got stuck in the Strait of Hormuz after ignoring instructions to use a route laid out by the I...,https://www.yahoo.com/news/world/articles/fact-focus-iran-claims-foreign-101416783.html,2026-07-02T10:14:16Z,"DUBAI, United Arab Emirates (AP) Iranian state television claimed this week that a foreign ship got stuck in the Strait of Hormuz after ignoring instructions to use a route laid out by the Islamic Re… [+3495 chars]"
Andy Hirschfeld,Why the US Strategic Petroleum Reserve matters amid US-Iran tensions,US oil reserves hit lowest levels since 1983 amid growing tensions with Iran and global supply concerns.,https://www.aljazeera.com/economy/2026/7/9/why-the-us-strategic-petroleum-reserve-matters-amid-us-iran-tensions,2026-07-09T20:03:00Z,"Last month, the United States Strategic Petroleum Reserve (SPR) fell to its lowest level since 1983 as renewed tensions between the United States and Iran raised concerns about the stability of globa… [+8294 chars]"
https://www.facebook.com/bbcnews,Zelensky tries to fix crisis over removal of defence minister and counts the cost,"Protests have continued over Zelensky's decision to dismiss Mykhailo Fedorov, and some commentators believe he has been damaged politically.",https://www.bbc.co.uk/news/articles/c1d1gz3n99ro,2026-07-24T23:01:06Z,"One opposition MP, who asked not to be identified, put it more bluntly.
""Ninety-nine per cent of these young people on the street have no clue how the ministry of defence is operating, how the gener… [+1742 chars]"
"Natasha Chen, CNN",The only way some travelers can afford summer trips: raiding cherished loyalty points stashes,"With airfare stubbornly high, some travelers are tapping loyalty points they had hoped to use for luxurious upgrades and big international trips.",https://www.cnn.com/2026/07/27/travel/summer-travel-high-prices-loyalty-points,2026-07-27T14:52:05Z,"Aliera Iheanacho had banked more than 100,000 United Airlines miles, hoping she could one day experience a first class, lie-flat seat experience. But that dream will have to wait.
This summer's high… [+9465 chars]"
"Güney Yıldız, Contributor, 
 Güney Yıldız, Contributor
 https://www.forbes.com/sites/guneyyildiz/",Hormuz Risk Is Back: Why The Market Is Wrong On Energy,"The collapse of the U.S.-Iran ceasefire in Hormuz creates severe friction for oil and LNG routes, exposing corporate risk far beyond the price of crude.",https://www.forbes.com/sites/guneyyildiz/2026/07/09/hormuz-risk-is-back-why-the-market-is-wrong-on-energy/,2026-07-09T12:26:23Z,"The collapse of the U.S.-Iran ceasefire in Hormuz creates severe friction for oil and LNG routes, exposing corporate risk far beyond the price of crude.
getty
After a 23-day temporary ceasefire col… [+9333 chars]"
Laura Cress - Technology reporter,Xbox tech boss says 'unacceptable' outage should not have affected disc games,"The outage meant Xbox users had trouble signing into their accounts, seeing their game library and launching games",https://www.bbc.com/news/articles/cq5637p7qpno?xtor=AL-72-%5Bpartner%5D-%5Byahoo.north.america%5D-%5Bheadline%5D-%5Bnews%5D-%5Bbizdev%5D-%5Bisapi%5D,2026-07-30T14:53:24Z,"Xbox's technology chief said an ""unacceptable"" outage on Monday should not have stopped people from playing their games on physical discs.
""We're looking into reports that some players were unable t… [+3154 chars]"
Robert Bittencourt,The Growing Compute Shortage,"Over the last few months, we have seen a marked shift in conversations around AI infrastructure, with debate now centered on whether the world can build enough compute fast enough to satisfy demand. Across the AI supply chain, constraints are emerging simulta…",https://www.apollo.com/wealth/insights-news/insights/2026/06/growing-compute-shortage,2026-07-16T17:09:23Z,"At the semiconductor level, TSMCs advanced-node capacityparticularly N3, which underpins much of the AI accelerator ecosystemis approaching full utilization through at least 2027.&lt;sup&gt;4&lt;/sup… [+11363 chars]"
"Daniel Dale, CNN",Fact check: Trump’s false claims at his NATO press conference,President Donald Trump delivered another series of false claims at a press conference Wednesday at the NATO summit in Ankara.,https://www.cnn.com/2026/07/08/politics/fact-check-trump-nato-press-conference,2026-07-08T20:09:44Z,"President Donald Trump delivered another series of false claims at a press conference Wednesday at the NATO summit in Ankara.
His comments included some of the long-debunked lies he told the press w… [+5465 chars]"
By Ayose Naranjo,Cuba projects internal unity after Raul Castro's grandson offers to negotiate with US,"By Ayose Naranjo HAVANA, July 10 (Reuters) - Cuban Prime Minister Manuel Marrero Cruz said on Thursday night that there were no divisions within Cuba’s leade...",https://www.yahoo.com/news/articles/cuba-projects-internal-unity-raul-184143877.html,2026-07-10T18:41:43Z,"By Ayose Naranjo
HAVANA, July 10 (Reuters) - Cuban Prime Minister Manuel Marrero Cruz said on Thursday night that there were no divisions within Cuba's leadership, days after ""USA Today"" published a… [+1754 chars]"
The Associated Press,Russian missile and drone attack on Ukraine's capital kills at least 12,"Russia launched waves of missiles and drones at Kyiv early Monday, killing at least 12 people in an attack that exposed widening gaps in Ukraine's air defenses, authorities said.",https://www.npr.org/2026/07/06/g-s1-132088/russian-missile-drone-attack-kyiv-kills-at-least-12,2026-07-06T07:41:08Z,"KYIV, Ukraine Russia launched waves of missiles and drones at Kyiv early Monday, killing at least 12 people in an attack that exposed widening gaps in Ukraine's air defenses, authorities said.
All o… [+5223 chars]"
Alan Bradley,Your Smart Home Is Raising Your Electric Bill. Here’s How to Stop It,Always-on devices can quietly boost your energy use. Here are some settings to change -- and some devices you might want to unplug -- to avoid wasting energy and money.,https://www.cnet.com/home/energy-and-utilities/your-smart-home-raising-electric-bill-how-to-stop-it/,2026-07-18T11:00:00Z,"Smart homes have been sold as the wave of the future, promising convenience, automation and energy savings. The reality, however, is that the more parts of your home that require consistent power, th… [+5864 chars]"
https://www.facebook.com/bbcnews,Russia's businesses under strain from Ukraine's attacks on Wildberries,Ukrainian drones have hit several retail warehouses belonging to Russia's biggest online retailer Wildberries in a matter of days.,https://www.bbc.co.uk/news/articles/cvg9n2y61w6o,2026-07-22T23:06:08Z,"Supporting small and medium-sized businesses has been among Vladimir Putin's declared priorities even in wartime, and framed as a backbone of resilience in the face of Western sanctions.
But the Rus… [+1432 chars]"
Jason Ma,"Russia’s economy is an ‘illusion’ built on debt, and a banking crisis is ready to explode, intel report says, while the Kremlin may seize pensions","The intelligence report estimated that 10% of Russia's corporate ⁠loans may not be repaid, while 15% of retail loans at some top banks may be non-performing.",https://finance.yahoo.com/economy/articles/russia-economy-illusion-built-debt-200254295.html,2026-07-12T20:02:54Z,"An energy crisis is already ravaging Russia's economy, and a banking crisis may soon erupt as a mountain of debt weighs on consumers and businesses.
According to a European intelligence report seen … [+3991 chars]"
"Gabby Landsverk,Jack Newsham",It's a cruel summer heatwave: Taylor Swift and Travis Kelce wedding attracts small crowds as NYC temps spike,Only a few brave Taylor Swift fans lined the hot NYC sidewalks outside the arena where she and Travis Kelce reportedly were tying the knot.,https://www.businessinsider.com/taylor-swift-travis-kelce-wedding-fans-msg-heat-2026-7#article,2026-07-03T22:11:02Z,A woman in a wedding veil looks down a closed street outside Madison Square Garden amid reports that Taylor Swift and Travis Kelce are throwing a wedding celebration inside.Tom Weller/picture allianc… [+3359 chars]
By Andrea Shalal,"US Treasury trims 84 people, firms from its sanctions list as review continues","By Andrea Shalal WASHINGTON, July 27 (Reuters) - The U.S.",https://www.yahoo.com/news/politics/articles/us-treasury-trims-84-people-171355218.html,2026-07-27T17:13:55Z,"By Andrea Shalal
WASHINGTON, July 27 (Reuters) - The U.S. Treasury on Monday purged another 84 companies and people from its 17,000-plus sanctions lists as part of a broader push to streamline sanct… [+3205 chars]"
Numan Bhat,"India’s ethanol rush prompts anger among vehicle owners, questions for gov’t",Indian gas stations now only offer fuel with 20 percent ethanol blended in. But the rushed move has triggered criticism.,https://www.aljazeera.com/news/2026/7/15/indias-ethanol-rush-prompts-anger-among-vehicle-owners-questions-for-govt,2026-07-15T07:05:24Z,"When Krishna Kumar pulled into a petrol station in New Delhi a few months ago, he expected nothing more than a routine fuel stop. Instead, like millions of motorists across India, he found that E20 p… [+12827 chars]"
Jake Bittle,Why the Iran war hasn’t caused a global oil crisis — yet,The world has found ways to adapt without crude from the Strait of Hormuz. Experts say that won’t last.,https://grist.org/energy/why-the-iran-war-hasnt-caused-a-global-oil-crisis-yet/,2026-07-21T08:45:00Z,"When the Strait of Hormuz first closed at the start of the 2026 Iran war, the world braced for the largest energy crisis in history. Before the conflict began, almost 20 percent of the worlds traded … [+8936 chars]"
Al Jazeera Staff,Cuba suffers second island-wide blackout in a week amid Trump fuel blockade,"US President Donald Trump has placed the Caribbean island under a de facto oil blockade, straining its power grid.",https://www.aljazeera.com/news/2026/7/10/cuba-suffers-second-island-wide-blackout-in-a-week-amid-trump-fuel-blockade,2026-07-10T23:18:08Z,"Cuba has reported its second nationwide blackout in less than a week, plunging the island into darkness shortly before evening.
On Friday, the Union Electrica de Cuba, the state-owned utility in cha… [+3434 chars]"
Ed Cara,Viagra Could Be a Secret Weapon Against Cancer,Recent research suggests sildenafil might help disturb cancer's ability to spread elsewhere in the body.,https://gizmodo.com/viagra-could-be-a-secret-weapon-against-cancer-2000791410,2026-07-27T20:05:02Z,"Everyone’s favorite blue little pill might be even more impressive than we knew. A recent study suggests that sildenafil, the active ingredient in the erectile dysfunction drug Viagra, may actually h… [+3687 chars]"
Al Jazeera Staff,Who is Iranian oil tycoon Shamkhani whose ship is stranded in Hormuz?,Iranian oil shipping magnate Mohammad Hossein Shamkhani has been sanctioned by the West over his shadow fleet.,https://www.aljazeera.com/news/2026/7/2/who-is-iranian-oil-tycoon-shamkhani-whose-ship-is-stranded-in-hormuz,2026-07-02T14:15:42Z,Maritime monitoring service TankerTrackers.com said on Thursday that a ship which Iranian media reported had run aground in the Strait of Hormuz has in fact been stuck in the same spot since March an… [+4648 chars]
Al Jazeera Staff,"Cuba’s power grid collapses again, triggering third blackout in 10 days",Millions lost power as Cuba’s fifth nationwide blackout of 2026 hit amid a US-imposed oil blockade.,https://www.aljazeera.com/news/2026/7/14/cubas-power-grid-collapses-again-triggering-third-blackout-in-10-days,2026-07-14T17:34:29Z,"Cubas national power grid has collapsed, plunging the island into its third nationwide blackout in less than 10 days and leaving approximately 10 million people without electricity.
The outage began… [+2088 chars]"
By Andrea Shalal,US issues fresh Iran-related sanctions as conflict flares,"By Andrea Shalal WASHINGTON, July 10 (Reuters) - The U.S. issued new Iran-related sanctions on Friday targeting a key financier for Iran's new Supreme Leader...",https://www.yahoo.com/news/articles/us-issues-fresh-iran-related-185043128.html,2026-07-11T03:03:00Z,"By Andrea Shalal
WASHINGTON, July 10 (Reuters) - The U.S. issued new Iran-related sanctions on Friday targeting a key financier for Iran's new Supreme Leader Ayatollah Mojtaba Khamenei and 13 other … [+4268 chars]"
Idrees Kahloon,The Global Economy Is Both Alive and Dead,"Businesses and consumers are struggling to deal with the Iran war, which is simultaneously happening and not happening.",https://www.theatlantic.com/ideas/2026/07/imf-report-consumers-iran-war/687858/,2026-07-09T17:54:03Z,"Yesterday, the International Monetary Fund happily reported that the world had weathered the recently settled Iran war surprisingly well. That same day, President Trump declared the cease-fire over a… [+5116 chars]"
Jason Ma,"Top Iranian officials admitted to the supreme leader that the U.S. naval blockade was crushing the economy, report says, as Trump eyes reimposing it","""Ultimately, both sides need a deal soon given domestic vulnerabilities: looming U.S. midterms, Iran's economic and political fragilities.""",https://www.yahoo.com/news/politics/articles/top-iranian-officials-admitted-supreme-162000309.html,2026-07-10T16:20:00Z,"Iran's president and central bank chief told Supreme Leader Ayatollah Mojtaba Khamenei the economy was on the ropes due to the U.S. naval blockade, according to a report.
As the regime weighed wheth… [+3939 chars]"
ABC News,"WATCH: Powerful home explosion rocks Ohio community, shaking felt at least two miles away","A powerful home explosion rocked an entire neighborhood in Canton, Ohio, and damaged nearby homes. Two people were seriously hurt in what authorities believe was a natural gas explosion.",https://abcnews.com/video/135244188/,2026-07-31T01:22:02Z,"<ul><li>Investigators looking into link between Iran and water system hacks: U.S. officials
</li><li>Fmr. USWMNT soccer icon Megan Rapinoe on new podcast, I think I'm just curious
</li><li>What the… [+4710 chars]"
"David Brennan, Nadine El-Bawab",Iran live updates: US launches 'powerful' airstrikes after reported strait attacks,"President Donald Trump announced ""major combat operations"" against Iran on Feb. 28, with massive joint U.S.-Israeli strikes.",https://abcnews.com/International/live-updates/iran-live-updates-thousands-throng-tehran-streets-khamenei/?id=134509610,2026-07-07T21:29:06Z,"The U.S. is revoking a license that authorized the sale of Iranian oil, a key aspect of the memorandum of understanding signed between the U.S. and Iran last month. A U.S. official pointed to recent … [+1892 chars]"
"By Ahmed Elimam, Eman Abouhassira and Andrew Mills","Trump says US agreed to Iran's request to continue talks, but ceasefire is over","By Ahmed Elimam, Eman Abouhassira and Andrew Mills DUBAI, July 10 (Reuters) - President Donald Trump said on Friday that the United States and Iran had agree...",https://www.yahoo.com/news/politics/articles/tanker-traffic-slows-strait-hormuz-120600473.html,2026-07-10T19:30:47Z,"By Ahmed Elimam, Eman Abouhassira and Andrew Mills
DUBAI, July 10 (Reuters) - President Donald Trump said on Friday that the United States and Iran had agreed to continue talks despite a recent esca… [+5230 chars]"
Dariel Pradas,‘To play God’: Cuba’s healthcare system collapses under US pressure,"As the Trump administration tightens US sanctions, Cuba's healthcare sector struggles with fuel and supply shortages.",https://www.aljazeera.com/news/longform/2026/7/30/to-play-god-cubas-healthcare-system-collapses-under-us-pressure,2026-07-30T16:34:12Z,"The tightening restrictions have forced the Cuban government to effectively ration care.
In February, Havana announced a package of emergency energy-saving measures. Among them was the suspension of… [+3411 chars]"
,Ukrainian attacks cause chaos at fuel stations across Russia,Ukraine’s targeting of Russia’s major oil refineries has sparked a nationwide fuel shortage.,https://www.aljazeera.com/video/newsfeed/2026/7/10/ukrainian-attacks-cause-chaos-at-fuel-stations-across-russia,2026-07-10T20:23:36Z,"NewsFeed
Ukraines targeting of Russias major oil refineries has sparked a nationwide fuel shortage, causing fights and mile-long queues outside stations."
Jennifer Ludden,"The renter-owner wealth gap is wider than ever, as many are priced out of buying","Housing has long been the largest source of wealth for middle income families. But many renters cannot afford to buy as housing prices soar, which could fuel a generational divide.",https://www.npr.org/2026/07/30/nx-s1-5910711/renter-owner-wealth-gap,2026-07-30T09:00:00Z,"Jay Washington grew up in the house his mother bought in 1984 in Augusta, Ga., with no college degree and only her single income at a local manufacturing plant. He said her real estate agent had a pr… [+9455 chars]"
jsor@businessinsider.com (Jennifer Sor),Oil is back to pre-war levels. Here's a timeline of how the market weathered a historic supply shock.,The market's worst-case oil scenarios were largely avoided due to persistent optimism that the war would soon end.,https://www.businessinsider.com/crude-oil-price-iran-war-impact-levels-supply-shock-trump-2026-7#article,2026-07-07T08:55:01Z,"As the first attacks of the Iran war began and the Strait of Hormuz was shuttered, markets wasted little time pricing in the expected devastation in oil markets.
Oil prices skyrocketed overnight. Wi… [+7005 chars]"
Ana Maria Constantin,AI is writing your date’s messages. The dating apps say they cannot stop it.,"Singles are feeding their dating app conversations into ChatGPT and Claude, asking the models to write replies, analyse what went wrong, and generate opening lines. The practice, called “chatfishing,” has produced a 5,000% spike in Google searches and a growi…",https://thenextweb.com/news/chatfishing-ai-dating-apps-chatgpt-claude-tinder-hinge/,2026-07-20T13:29:52Z,"TL;DR
Singles are outsourcing dating messages to ChatGPT and Claude. Match, Hinge, and Bumble are not screening for it. 26% of US adults have used AI for dating help.
Singles are feeding their dati… [+2786 chars]"
Bruce Gil,The RAMpocalypse Is Starting to Hit the Auto Industry,GM warns that the ongoing memory shortage could cost the company billions.,https://gizmodo.com/the-rampocalypse-is-starting-to-hit-the-auto-industry-2000789990,2026-07-23T19:55:29Z,"The AI-fueled memory shortage has already sent prices soaring for computers and video game consoles. Now, cars could be next.
Automakers around the world are beginning to respond to rising memory co… [+2587 chars]"
Oil & Gas 360,America’s oil safety net is wearing thin,(By Oil & Gas 360) – The U.S. Strategic Petroleum Reserve was created in the aftermath of the 1973 Arab […],https://finance.yahoo.com/energy/articles/america-oil-safety-net-wearing-213019227.html,2026-07-13T21:30:19Z,(By Oil &amp; Gas 360) The U.S. Strategic Petroleum Reserve was created in the aftermath of the 1973 Arab oil embargo to serve one purpose: to provide the country with a buffer against severe supply … [+6440 chars]
John T Psaropoulos,"Baulking at shipping sanctions, Greece balances Ukraine aid, fear of Russia","Sanctions on Russian LNG would hurt Greek shipping, argues Athens, but it also fears Moscow’s hybrid warfare.",https://www.aljazeera.com/news/2026/7/22/baulking-at-shipping-sanctions-greece-balances-ukraine-aid-fear-of-russia,2026-07-22T11:04:43Z,"Greeces relations with Ukraine have hit a new hurdle just weeks after clearing the last one, in a sign of how Europeans are trying to balance helping Ukraine with protecting their own economies.
The… [+5482 chars]"
,Cuba's electrical grid goes dark for the 2nd time in a week,Cuba's national electrical grid collapsed on Friday in the second nationwide outage this week and the fourth this year as a U.S.-imposed oil blockade has crippled the island's already obsolete generation system.,https://www.cbc.ca/news/world/cuba-electrical-grid-second-failure-9.7266810,2026-07-11T02:39:07Z,Cuba's national electrical grid collapsed on Friday in the second nationwide outage this week and the fourth this year as a U.S.-imposed oil blockade has crippled the island's already obsolete genera… [+3325 chars]
Reuters,"China's rare earth curbs endanger $6.5 trillion of Western industry, IEA says","LONDON, July 16 () - The full implementation of China's rare earth export restrictions could put $6.5 trillion of downstream production outside the country ‌...",https://finance.yahoo.com/news/chinas-rare-earth-curbs-endanger-050616544.html,2026-07-16T05:16:12Z,"LONDON, July 16 (Reuters) - The full implementation of China's rare earth export restrictions could put $6.5 trillion of downstream production outside the country at risk, the International Energy Ag… [+1866 chars]"
By Satoshi Sugiyama and Hina Suzuki,Corporate Japan's rare-earth warnings get louder as China keeps the spigot closed,"By Satoshi Sugiyama and Hina Suzuki TOKYO, July 7 (Reuters) - A shortage of critical minerals is starting to affect the broader Japanese economy, adding a se...",https://finance.yahoo.com/economy/articles/corporate-japans-rare-earth-warnings-230746034.html,2026-07-06T23:07:46Z,"By Satoshi Sugiyama and Hina Suzuki
TOKYO, July 7 (Reuters) - A shortage of critical minerals is starting to affect the broader Japanese economy, adding a sense of urgency for Prime Minister Sanae T… [+4730 chars]"
Nitish Pahwa,Your Electronics Are About to Get Way More Expensive,The A.I. boom and the Iran war are driving demand for chips to unprecedented levels—leading to bigger price tags for your gadgets.,https://slate.com/business/2026/07/ai-car-phone-expensive-iran.html,2026-07-02T09:40:00Z,"Sign up for the Slatest to get the most insightful analysis, criticism, and advice out there, delivered to your inbox daily.
The never-ending inflation spiral has come for your favorite, most necess… [+5894 chars]"
Juli Clover,Senators Demand Apple Commit to Not Buying Chinese Memory Chips,"U.S. Senator Chuck Schumer has teamed up with several of his Senate colleagues to demand Apple commit to not purchasing chips from Chinese companies ChangXin Memory Technologies (CXMT) or Yangtze Memory Technologies Co. (YMTC). [PDF]





With memory shortage…",https://www.macrumors.com/2026/07/30/apple-chinese-chips-senator-letter/,2026-07-30T19:29:00Z,U.S. Senator Chuck Schumer has teamed up with several of his Senate colleagues to demand Apple commit to not purchasing chips from Chinese companies ChangXin Memory Technologies (CXMT) or Yangtze Mem… [+3477 chars]
Ece Yildirim,US Treasury Chief Threatens Sanctions on Chinese AI Labs Over ‘IP Theft’ Concerns,Treasury Secretary Scott Bessent vowed action in the coming days or weeks.,https://gizmodo.com/us-treasury-chief-threatens-sanctions-on-chinese-ai-labs-over-ip-theft-concerns-2000788553,2026-07-21T21:15:22Z,"U.S. Treasury Secretary Scott Bessent has “the ability to sanction,” and he is not afraid to use it.
In an interview with Fox Business on Tuesday, Trump’s Treasury chief said that Chinese open-sourc… [+5040 chars]"
Ece Yildirim,"Dario Amodei Says He’s Not Against Open Models, He’s Against Selling Chips to China",Anthropic's stance is unlikely to fly with strategic partner Nvidia.,https://gizmodo.com/dario-amodei-says-hes-not-against-open-models-hes-against-selling-chips-to-china-2000791895,2026-07-28T20:50:58Z,"The American AI industry is split over open models. Those in the industry who say they are all for open AI development have started blaming frontier AI model providers, especially Anthropic, for push… [+6447 chars]"
Antonio G. Di Benedetto,"This is my new favorite laptop, but thanks to RAMageddon it already went up in price by $800","Framework laptops always come with compromises in exchange for their unique DIY premise. Even though you pay extra for one compared to sleeker options from competitors, it's easier to excuse minor flaws for modular ports, easy repairs, and an impressive range…",https://www.theverge.com/tech/971160/framework-laptop-13-pro-intel-review,2026-07-27T14:10:08Z,"<ul><li></li><li></li><li></li></ul>
The Framework Laptop 13 Pro has it all. But RAMageddon spiked its price.
If you buy something from a Verge link, Vox Media may earn a commission. See our ethics… [+15366 chars]"
Ece Yildirim,"Nvidia Throws Its Support Behind OpenAI, Open AI, and… Super-Closed AI?","The chip giant is backing open-source AI and OpenAI, and a super secretive AI startup led by OpenAI scientist Ilya Sutskever.",https://gizmodo.com/nvidia-throws-its-support-behind-openai-open-ai-and-super-closed-ai-2000791353,2026-07-28T00:26:09Z,"Nvidia believes that AI should be developed in open collaboration. But it also can’t resist a super secretive AI company.
On Monday, the chip giant announced that it was forming a coalition called t… [+5250 chars]"
ILLIA NOVIKOV,"A US license could let Ukraine produce Patriot missiles, but it won’t be simple or quick","U.S. President Donald Trump’s pledge to give Ukraine a license to produce Patriot air-defense systems could mark a major breakthrough for Kyiv, but experts a...",https://www.yahoo.com/news/politics/articles/us-license-could-let-ukraine-142548664.html,2026-07-10T14:25:48Z,"KYIV, Ukraine (AP) U.S. President Donald Trump's pledge to give Ukraine a license to produce Patriot air-defense systems could mark a major breakthrough for Kyiv, but experts and Ukrainian officials … [+6737 chars]"
Marcus Mendes,"Apple now testing DRAM chips from banned Chinese memory supplier, per report","After Apple started lobbying the US government for approval to use memory chips from CXMT, The Financial Times now reports that the company is actively testing the components for devices sold in China. Here are the details.",https://9to5mac.com/2026/07/08/apple-now-testing-dram-chips-from-banned-chinese-memory-supplier-per-report/,2026-07-08T14:25:39Z,"After Apple started lobbying the US government for approval to use memory chips from CXMT, The Financial Times now reports that the company is actively testing the components for devices sold in Chin… [+2376 chars]"
,"Fox News AI Newsletter: American manufacturer says AI is creating jobs, not replacing them",Stay up to date on the latest AI technology advancements and learn about the challenges and opportunities AI presents now and for the future.,https://www.foxnews.com/tech/ai-newsletter-american-manufacturer-says-ai-creating-jobs-not-replacing-them,2026-07-02T17:17:27Z,"Welcome to Fox News' Artificial Intelligence newsletter with the latest AI technology advancements.
IN TODAYS NEWSLETTER:
- One of America's oldest manufacturers says AI is creating jobs not replac… [+3174 chars]"
"ashilov@gmail.com (Anton Shilov) , Anton Shilov","China is considering export controls on AI technologies, including banning local companies from using TSMC, report claims — restrictions would also advanced AI models, training data, and overseas acquisitions","China's Ministry of Commerce (MofCom) considers to restrict exports of advanced AI models, training data, and overseas acquisitions of strategically important technology companies; prohibit usage of foreign semiconductor manufacturing services.",https://www.tomshardware.com/tech-industry/artificial-intelligence/china-is-considering-export-controls-on-ai-technologies-including-banning-local-companies-from-using-tsmc-report-claims-restrictions-would-also-advanced-ai-models-training-data-and-overseas-acquisitions,2026-07-21T16:04:43Z,"China is considering a major expansion of its technology export restrictions that could cover advanced AI models, training data, and overseas acquisitions of strategically important technology compan… [+3182 chars]"
Adnan Farooqui,Samsung works to increase supply so that Apple doesn’t buy Chinese memory,"Apple can't source mobile memory chips from Chinese suppliers currently due to restrictions imposed by the US government. The company has been lobbying the administration to lift those restrictions, effectively arguing that current sky-high memory chip prices…",https://www.sammobile.com/news/samsung-works-to-increase-supply-so-that-apple-doesnt-buy-chinese-memory/,2026-07-27T14:01:59Z,"Apple can't source mobile memory chips from Chinese suppliers currently due to restrictions imposed by the US government. The company has been lobbying the administration to lift those restrictions, … [+1337 chars]"
Chase Codewell,Infineon Opens World’s Largest Power Semiconductor Fab in Dresden,"Infineon Technologies has opened what officials described as the world’s largest power semiconductor fabrication plant in Dresden, Germany. The facility, named the “Smart Power Fab,” began operations in mid-2025, according to company statements. The plant is …",https://www.naturalnews.com/2026-07-08-infineon-opens-largest-power-semiconductor-fab-dresden.html,2026-07-08T06:00:00Z,"Infineon Technologies has opened what officials described as the world's largest power semiconductor fabrication plant in Dresden, Germany. The facility, named the ""Smart Power Fab,"" began operations… [+5366 chars]"
"Alistair Barr,Charles Rollet",This AI shortcut could destroy the industry's profits,"AI distillation threatens top AI firms like Anthropic, OpenAI, and Google as rivals use it to replicate cutting-edge models affordably.",https://www.businessinsider.com/distillation-problem-ai-industry-anthropic-openai-2026-7#article,2026-07-08T09:00:03Z,"Getty Images; Alyssa Powell/BI
<ul><li>Distillation used to be a legitimate AI research technique. Now it's a competitive weapon.</li><li>Top AI labs worry distillation is upending their business mo… [+7385 chars]"
Nilay Patel,Even Nvidia’s head of automotive fights with Nvidia for compute,"Today, I’m talking with Xinzhou Wu, who is the head of automotive at Nvidia.  Nvidia is obviously in the news constantly because of the AI boom — it’s one of the most valuable companies in the world, because the AI industry can’t get enough of the company’s G…",https://www.theverge.com/podcast/964614/nvidia-auto-xinzhou-wu-ev-ai-hyperion-autonomy-cars-tesla,2026-07-13T14:17:48Z,"<ul><li></li><li></li><li></li></ul>
Xinzhou Wu on autonomy, Chinese cars, and if we really need lidar
by
Nilay PatelClose
Posts from this author will be added to your daily email digest and your… [+58211 chars]"
RT,Chinese chip giant defies US pressure with 466% debut surge,"CXMT’s shares surged 466% in Asia’s biggest IPO of 2026, making the firm mainland China’s most valuable listed company despite US export curbs",https://www.rt.com/news/643562-cxmt-chips-ipo-defies-us-pressure/,2026-07-28T11:15:02Z,"China’s largest memory-chip maker, ChangXin Memory Technologies (CXMT), has become the mainland’s most valuable listed company after its shares jumped more than five fold on their market debut.
The … [+2433 chars]"
Jacqueline LeKachman,I'm a 25-year-old grad student on a budget. I've struggled to accept financial help from my Boomer and Gen X friends.,"Quitting my full-time job for grad school sent me into saving mode. My older friends started paying for me, which made me uncomfortable at first.",https://www.businessinsider.com/grad-student-on-budget-struggled-accept-help-gen-x-friends-2026-6#article,2026-07-05T11:47:01Z,"The author with her 64-year-old friend at a Manhattan coffee shop.Courtesy of Jacqueline LeKachman
<ul><li>Quitting my full-time job to go to grad school sent me into major money-saving mode.</li><l… [+4671 chars]"
IT News,DeepSeek develops custom inference chips to bypass US export restrictions,Chinese AI startup DeepSeek is reportedly developing its own custom semiconductor designed specifically for AI inference tasks. This strategic move aims to reduce the company's reliance on external hardware providers like Nvidia and Huawei for running its lar…,https://4sysops.com/archives/deepseek-develops-custom-inference-chips-to-bypass-us-export-restrictions/,2026-07-07T11:12:18Z,"The shift toward in-house hardware development follows a pattern seen in Western AI labs like OpenAI and Anthropic. By creating specialized silicon, DeepSeek intends to optimize the performance of it… [+827 chars]"
"editors@tomshardware.com (Bruno Ferreira) , Bruno Ferreira",China's Moonshot AI reportedly used Nvidia Blackwell chips for training Kimi K3 — company circumvented both U.S. export and Chinese import controls to acquire compute,Moonshot AI reportedly used Nvidia Blackwell chips for training Kimi K3 — potentially circumventing both U.S. export and Chinese import controls,https://www.tomshardware.com/tech-industry/artificial-intelligence/chinas-moonshot-ai-reportedly-used-nvidia-blackwell-chips-for-training-kimi-k3-company-circumvented-both-u-s-export-and-chinese-import-controls-to-acquire-compute,2026-07-29T10:00:00Z,"Keeping the upper hand in the AI arms race has become a vital goal for both the U.S. and China, and Nvidia's Blackwell AI chips are one of many flashpoints in that fight. The US government bars their… [+3676 chars]"
Nilay Patel,Tariffs didn’t bring manufacturing jobs back to the US,"Today, I’m talking with Evan Smith, who is cofounder and CEO of Altana, a company that develops software tools to manage big, messy supply chain networks around the world. We last had Evan on in early 2025 to talk about how Trump’s first few waves of tariffs …",https://www.theverge.com/podcast/971306/tariffs-liberation-day-ai-trade-shipping-jobs-canada,2026-07-27T13:56:02Z,"<ul><li></li><li></li><li></li></ul>
Altana CEO Evan Smith on the new normal of global trade.
by
Nilay PatelClose
Posts from this author will be added to your daily email digest and your homepage… [+58501 chars]"
Edison Reed,Chinese Startup Dongfang Suanxin Develops 3D Chip Architecture to Bypass U.S. Export Restrictions,"Chinese startup Dongfang Suanxin has announced a new chip design using a three-dimensional architecture that company officials say can compete with Nvidia’s artificial intelligence (AI) processors while employing older, unrestricted manufacturing nodes. The d…",https://www.naturalnews.com/2026-07-16-chinese-startup-3d-chip-architecture-bypass-restrictions.html,2026-07-16T06:00:00Z,Chinese startup Dongfang Suanxin has announced a new chip design using a three-dimensional architecture that company officials say can compete with Nvidia's artificial intelligence (AI) processors wh… [+6506 chars]
Mia Osmonbekov,Billionaires warned New York would scare off business. Anthropic and Airbnb just made their biggest bets on the city yet,"Not only are they expanding their footprint, they’re also doubling headcount. Anthropic said it plans to have more than 1,000 employees by end of year.",https://finance.yahoo.com/technology/ai/articles/billionaires-warned-york-scare-off-203541248.html,2026-07-10T20:35:41Z,"Some billionaires have spent the past year warning that New York City's political climate could scare away companies, capital, and high earners. But two fast-growing brands are moving in despite the … [+5370 chars]"
Jabran Kundi,Memory Prices Heat Finally Reaches Nvidia. Here’s How Jensen Huang Is Dealing With It.,"Nvidia CEO Jensen Huang has been proactive in ensuring memory chip supply for Nvidia, but the supply crunch is catching up.",https://www.barchart.com/story/news/3184292/memory-prices-heat-finally-reaches-nvidia-heres-how-jensen-huang-is-dealing-with-it,2026-07-08T13:00:02Z,"Memory chips have become costly, owing to the high demand and limited supply of high-bandwidth memory (HBM). As a result, AI infrastructure deployments have also become more costly that is if compani… [+5172 chars]"
Sarah Kreps,The Integrated Circuit and the Future of AI Leadership,"Editor’s note: This is the first article in a limited series celebrating American defense technologies born from wartime and their effects on broader national security, politics, and society. This series will run for several weeks to commemorate America’s 250…",https://warontherocks.com/cogs-of-war/the-integrated-circuit-and-the-future-of-ai-leadership/,2026-07-03T08:00:02Z,"Editor’s note: This is the first article in a limited series celebrating American defense technologies born from wartime and their effects on broader national security, politics, and society. This se… [+15600 chars]"
Al Jazeera Staff,China’s Xi says AI ‘should not be a solo performance by a single country’,The Chinese leader called for more international cooperation in developing the technology at a conference in Shanghai.,https://www.aljazeera.com/news/2026/7/17/ai-xi,2026-07-17T05:22:51Z,"Artificial intelligence should not be dominated by one country, Chinese President Xi Jinping has said, urging international cooperation on development at a major conference in Shanghai.
Xi also emph… [+3228 chars]"
Thomas Richmond,70% of Teradyne’s Revenue Is Tied to AI. Should You Buy Before July 29 Q2 Earnings?,"Teradyne has nearly doubled in 2026 by placing one very concentrated bet, and its July 29 earnings report will reveal whether that bet still has room to run...",https://247wallst.com/investing/2026/07/25/70-of-teradynes-revenue-is-tied-to-ai-should-you-buy-before-july-29-q2-earnings/,2026-07-25T15:52:37Z,"Quick Read
<ul><li>Teradyne delivered 87% revenue growth with $2.56 non-GAAP EPS in Q1 FY2026, as roughly 70% of revenue now ties directly to AI demand.
</li><li>Peers ONTO and COHU trade at traili… [+3293 chars]"
Brian Sozzi,Why the ugly semiconductor rout could get uglier,"If the selling continues, semiconductor stock bulls could be forced to capitulate — bringing even more downward pressure to the sector.",https://finance.yahoo.com/markets/article/why-the-ugly-semiconductor-rout-could-get-uglier-132320715.html,2026-07-17T13:23:20Z,"It's getting ugly out there in semiconductor stock land, but maybe not ugly enough.
Quick insight: The closely watched iShares Semiconductor ETF (SOXX) is down 11% in the past month.
The problem ri… [+2564 chars]"
Lily Hess,"BOE, Chinese panel makers' chip push tightens the squeeze on South Korea","China's display makers, led by BOE Technology (BOE), are pushing deeper into semiconductors, with BOE advancing glass substrates, and a 12-inch wafer fab reportedly slated to begin mass production in the second half of 2026. Industry analysts say China is ext…",https://www.digitimes.com/news/a20260702PD218/boe-semiconductors-display-chip-supply-glass-substrate.html,2026-07-02T03:14:46Z,"China's display makers, led by BOE Technology (BOE), are pushing deeper into semiconductors, with BOE advancing glass substrates, and a 12-inch wafer fab reportedly slated to begin mass production in… [+58 chars]"
Blake Stimac,SpaceX Secretly Unveiled New AI Device to Investors. Is It a Phone or Not?,"Though publicly denied by Elon Musk, a new AI device from SpaceX company wouldn't be very surprising.",https://www.cnet.com/tech/services-and-software/spacex-shows-new-ai-device-investors-phone-rumor/,2026-07-02T22:23:20Z,"The idea of an AI-powered device that's not a smartphone is weird, but not unheard of. According to a report from The Wall Street Journal on Wednesday, SpaceX has already shown investors an early pro… [+2403 chars]"
Brian Sozzi,Alphabet earnings offer a moment of truth in this tech stock battle,Will the divergence in semis vs. Mag 7 end?,https://finance.yahoo.com/technology/article/alphabet-earnings-offer-a-moment-of-truth-in-this-tech-stock-battle-121514421.html,2026-07-22T12:15:14Z,"Alphabet (GOOG, GOOGL) earnings out later today will likely mark a moment of truth for tech investors.
That is, whether to stick with a renewed ""Magnificent Seven"" bull trade or buy the steep sell-o… [+2504 chars]"
Subhasree Kar,DeepSeek Just Dealt Nvidia Stock a Potentially Major Blow,DeepSeek’s custom AI chip ambitions could reshape the competitive landscape. What does that mean for Nvidia over the long term?,https://www.barchart.com/story/news/3205333/deepseek-just-dealt-nvidia-stock-a-potentially-major-blow,2026-07-09T13:15:02Z,"DeepSeek has already rattled Nvidia Corporation (NVDA) investors once with its low-cost artificial intelligence (AI) models. Now, the Chinese startup may be posing a far more direct competitive threa… [+6546 chars]"
Faizan Farooque,Nvidia stock faces new risk from China’s AI loophole,Nvidia(NVDA) investors have no shortage of reasons to remain bullish. The AI chipmaker posted record revenue of $81.6 billion for the first quarter of fiscal...,https://www.thestreet.com/investing/nvidia-stock-faces-new-risk-from-chinas-ai-loophole,2026-07-28T17:17:00Z,"Nvidia(NVDA) investors have no shortage of reasons to remain bullish.
The AI chipmaker posted record revenue of $81.6 billion for the first quarter of fiscal 2027, up 85% from a year earlier. Data c… [+5570 chars]"
Shimul Sood,This bizarre Pixel 8 Pro clone from North Korea beats Google’s flagship in surprising ways,"A North Korean Pixel 8 Pro clone packs 16GB RAM, an unlocked bootloader, and a few surprising advantages over Google's flagship.",https://www.androidauthority.com/google-pixel-8-pro-north-korean-clone-3689117/,2026-07-20T10:47:37Z,"<ul><li>A North Korean Pixel 8 Pro clone mimics Googles flagship while packing 16GB RAM, 256GB storage, a 120Hz display, and an unlocked bootloader.</li><li>The phone uses a weaker MediaTek Dimensity… [+2799 chars]"
Chase Codewell,Financial Times: China Mulls Tighter Export Controls on AI Models and Chips,"Chinese authorities are considering tightening export controls on artificial intelligence (AI) and semiconductor technologies, according to a Financial Times (FT) report published Tuesday, July 21. The proposed measures aim to prevent advanced Chinese AI mode…",https://www.naturalnews.com/2026-07-25-china-mulls-tighter-controls-ai-models-chips.html,2026-07-25T06:00:00Z,"Chinese authorities are considering tightening export controls on artificial intelligence (AI) and semiconductor technologies, according to a Financial Times (FT) report published Tuesday, July 21.
… [+4428 chars]"
Edison Reed,Chinese Memory Chip Maker CXMT Delivers Blockbuster IPO,"ChangXin Memory Technologies (CXMT), China’s largest producer of dynamic random-access memory (DRAM) chips, saw its shares surge 466% in its market debut on the Shanghai Stock Exchange’s STAR Market on Monday, July 27 – making it mainland China’s most valuabl…",https://www.naturalnews.com/2026-07-29-chinese-chip-maker-cxmt-delivers-blockbuster-ipo.html,2026-07-29T06:00:00Z,"ChangXin Memory Technologies (CXMT), China's largest producer of dynamic random-access memory (DRAM) chips, saw its shares surge 466% in its market debut on the Shanghai Stock Exchange's STAR Market … [+4705 chars]"
Kritika Sarmah,Here's What to Expect From ON Semiconductor’s Next Earnings Report,"ON Semiconductor will report its second-quarter earnings soon, and Wall Street expects its profitability to improve by double digits.",https://www.barchart.com/story/news/3251694/here-s-what-to-expect-from-on-semiconductors-next-earnings-report,2026-07-13T12:03:38Z,"ON Semiconductor Logo in Front of Computer By Tigarto
Valued at $37.6 billion by market cap, ON Semiconductor Corporation (ON) is a leading semiconductor manufacturer specializing in intelligent pow… [+2259 chars]"
Fiona Craig,Nvidia H200 Chips Could Return to China as Beijing Weighs Limited Approval (NVDA),"Report Suggests China May Permit Limited H200 Chip SalesNvidia (NASDAQ:NVDA) could regain limited access to the Chinese artificial intelligence market, accor...",https://investorshub.advfn.com/market-news/article/31583/nvidia-h200-chips-could-return-to-china-as-beijing-weighs-limited-approval-nvda,2026-07-09T10:50:24Z,"Nvidia circuit board ©Adobe Stock Images
Report Suggests China May Permit Limited H200 Chip Sales
Nvidia (NASDAQ:NVDA) could regain limited access to the Chinese artificial intelligence market, acc… [+3383 chars]"
Fiona Craig,"U.S. jobs report takes centre stage as markets trade cautiously: Dow Jones, S&P, Nasdaq, Wall Street Futures",U. S. equity futures moved lower on Thursday as investors adopted a cautious stance ahead of the closely watched U.,https://investorshub.advfn.com/market-news/article/31291/u-s-jobs-report-takes-centre-stage-as-markets-trade-cautiously-dow-jones-sp-nasdaq-wall-street-futures,2026-07-02T09:25:45Z,"Nasdaq sign on a tall building ©Dries Buytaert
U.S. equity futures moved lower on Thursday as investors adopted a cautious stance ahead of the closely watched U.S. employment report, while easing oi… [+4259 chars]"
Cris Tolomia,Taiwan detains Nvidia employee in Super Micro chip smuggling probe,The detention marks the first known instance of authorities taking legal action against an Nvidia employee in a chip smuggling case,https://qz.com/taiwan-nvidia-employee-detained-super-micro-chip-smuggling-probe-072826,2026-07-28T13:16:10Z,"Taiwan prosecutors detained an Nvidia employee on Tuesday as part of an investigation into the alleged smuggling of AI servers equipped with restricted Nvidia chips to China, expanding a probe that h… [+2880 chars]"
Webb Wright,China Built Cheap AI. Now It’s Building a Great Wall Around It,"In Beijing as in Washington, AI has become a critical—and jealously guarded—national resource.",https://gizmodo.com/china-built-cheap-ai-now-its-building-a-great-wall-around-it-2000782403,2026-07-07T18:15:28Z,"China has been making big strides in its sprint to catch up with the American AI industry lately, thanks in large part to its focus on open source models, which have growing appeal for cash-strapped … [+5179 chars]"
"Conor Murray, Forbes Staff, 
 Conor Murray, Forbes Staff
 https://www.forbes.com/sites/conormurray/","Fauci’s Diary: What He Said About Trump, His Own Fame And COVID Restrictions","Sen. Rand Paul, R-Ky., a longtime critic of Dr. Anthony Fauci, released more than 1,000 pages of Fauci’s diaries, written while he advised the federal COVID response.",https://www.forbes.com/sites/conormurray/2026/07/27/faucis-diary-what-he-said-about-trump-his-own-fame-and-covid-restrictions/,2026-07-27T20:40:57Z,"Diary entries written by Dr. Anthony Fauci while he advised the federal response to the COVID-19 pandemic, released this week by Fauci critic Sen. Rand Paul, R-Ky., have stirred outrage among Faucis … [+7722 chars]"
Toby Sterling and Nathan Vifflin,ASML capacity upgrade soothes AI chip bottleneck fears,"ASML, the world's dominant supplier of equipment needed to make high-tech computer chips, raised its 2026 sales forecasts on Wednesday and pledged a capacity...",https://finance.yahoo.com/technology/ai/articles/asml-tops-q2-estimates-ai-050721602.html,2026-07-15T05:07:21Z,"By Toby Sterling and Nathan Vifflin
AMSTERDAM, July 15 (Reuters) - ASML, the world's dominant supplier of equipment needed to make high-tech computer chips, raised its 2026 sales forecasts on Wednes… [+4325 chars]"
Tom Hawking,"John Deere’s Right-to-Repair Saga Is Finally Over—for 10 Years, at Least",A decade-long fight gets a 10-year reprieve.,https://gizmodo.com/john-deeres-right-to-repair-saga-is-finally-over-for-10-years-at-least-2000783568,2026-07-09T16:20:41Z,"The Right to Repair movement is generally associated with electronics, but its latest battle has been foughtand wonon an entirely different front: the ranches of Americas heartland. The issue at hand… [+3840 chars]"
Fiona Craig,"Earnings, Inflation and Iran Tensions Set the Tone for US Markets: Dow Jones, S&P, Nasdaq, Wall Street Futures",US stock futures traded mixed on Tuesday as investors weighed renewed geopolitical tensions between the United States and Iran ahead of a week packed with ma...,https://investorshub.advfn.com/market-news/article/31784/earnings-inflation-and-iran-tensions-set-the-tone-for-us-markets-dow-jones-sp-nasdaq-wall-street-futures,2026-07-14T09:28:21Z,"Wall Street with flags on New York Stock Exchange ©Carlos Delgado
US stock futures traded mixed on Tuesday as investors weighed renewed geopolitical tensions between the United States and Iran ahead… [+5335 chars]"
Michelle Smith,This Week in AI: A First for Agentic Ransomware,"Christina Stathopoulos, the data and AI evangelist behind Dare to Data, continued her run sorting the week’s most impactful stories into a handful of themes we’ve been watching play out over the past month: more firms investing in the compute AI runs on, more…",https://www.oreilly.com/radar/this-week-in-ai-a-first-for-agentic-ransomware/#BlogPosting,2026-07-17T15:54:07Z,"Christina Stathopoulos, the data and AI evangelist behind Dare to Data, continued her run sorting the weeks most impactful stories into a handful of themes weve been watching play out over the past m… [+6534 chars]"
Efosa Udinmwen,"Is this the open source printer of our dreams? Raspberry Pi-powered, DRM-free 'Open Printer' inkjet could be the perfect solution if it ever sees the light of day","Open Tools develops a repairable open source printer using Raspberry Pi hardware, challenging DRM restrictions while facing cartridge and production challenges.",https://www.techradar.com/pro/is-this-the-open-source-printer-of-our-dreams-raspberry-pi-powered-drm-free-open-printer-inkjet-could-be-the-perfect-solution-if-it-ever-sees-the-light-of-day,2026-07-11T22:20:00Z,<ul><li>Open Printer challenges traditional printers with a repairable open hardware design</li><li>Raspberry Pi powers a printer built around user control</li><li>The project rejects DRM restriction… [+3866 chars]
Imran Khalid,The Chip War Against China is Failing,"Three years ago, Washington bet that restricting China’s access to advanced semiconductors would preserve American technological dominance. That bet is not paying off the way its architects imagined. A February 2026 analysis in American Affairs Journal found …",https://www.counterpunch.org/2026/07/03/the-chip-war-against-china-is-failing/,2026-07-03T05:50:04Z,"1 Mbit high-speed CMOS pseudostatic RAM, made by Toshiba. Photo: © Raimond Spekking, Wikimedia Commons. CC BY-SA 4.0
Three years ago, Washington bet that restricting Chinas access to advanced semico… [+6844 chars]"
Rich Duprey,Samsung Wipes Out AI Stocks. Is This the Buying Opportunity You Were Waiting For?,"The AI trade has rewarded investors with extraordinary gains over the past two years, but it has also created a market where sentiment can change in a single...",https://247wallst.com/investing/2026/07/07/samsung-wipes-out-ai-stocks-is-this-the-buying-opportunity-you-were-waiting-for/,2026-07-07T15:54:15Z,"Quick Read
<ul><li>Samsung posted record revenue and profit, yet AI spending anxiety sent semiconductor stocks tumbling, with Astera Labs falling 14% and Intel dropping 10%.
</li><li>AI-driven semi… [+5170 chars]"
Abdul Rahman,Micron vs SanDisk: Which Chipmaker Stands Out After the Pullback,The AI boom is transforming the memory industry into one of the fastest-growing segments of the semiconductor sector. Demand for high-bandwidth memory (HBM)...,https://finance.yahoo.com/markets/stocks/articles/micron-vs-sandisk-chipmaker-stands-154114021.html,2026-07-30T15:41:14Z,"The AI boom is transforming the memory industry into one of the fastest-growing segments of the semiconductor sector.
Demand for high-bandwidth memory (HBM) and conventional DRAM, along with NAND ch… [+5616 chars]"
RT,US bans Chinese humanoid robots,"The US has banned new Chinese humanoid robot imports, citing national security risks as Washington and Beijing deepen their rivalry over AI and advanced technology",https://www.rt.com/business/643599-us-bans-chinese-humanoid-robots/,2026-07-29T13:01:55Z,"Washington announced a ban on new foreign-made humanoid robot imports to the US on Tuesday, mainly targeting China, one of the world’s leading producers. The Federal Communications Commission (FCC) c… [+2336 chars]"
"Chan Ho-Him, The Associated Press",A Chinese chip maker’s shares surged 466% in their first day of trading as AI boom worm turns,"CXMT shares rocketed on their debut, becoming mainland China's most valuable listed company — as Washington debates banning it outright",https://fortune.com/2026/07/27/cxmt-china-biggest-ipo-since-2010/,2026-07-27T12:59:07Z,"Shares of CXMT, Chinas largest memory chipmaker, shot skyward Monday as they began trading in Shanghai in mainland Chinas biggest initial public stock offering in recent years.CXMTs shares surged 466… [+3659 chars]"
Maziar Motamedi,Iran’s economy faces long road to recovery as fragile truce tested,"The devastation that industrial facilities have taken from two wars in a year might take years to reverse, say analysts.",https://www.aljazeera.com/news/2026/7/8/irans-economy-faces-long-road-to-recovery-as-fragile-truce-tested,2026-07-08T06:03:14Z,"Tehran, Iran Three weeks after Iran and the United States signed a memorandum of understanding to extend their ceasefire, their truce remains fragile.
Three tankers have been hit in the Strait of Ho… [+7613 chars]"
"ashilov@gmail.com (Anton Shilov) , Anton Shilov","SiPearl's long-awaited Rhea CPU finally gets in the lab, opening the door for Europe's first sovereign HPC CPU — 'availability of Rhea1 is scheduled for end of 2026' SiPearl VP says, following long development process",How a limited run CPU could open the right doors for Europe's first HPC processors on markets its developers barely hoped to address any time soon.,https://www.tomshardware.com/pc-components/cpus/sipearls-long-awaited-rhea-cpu-finally-gets-in-the-lab-opening-the-door-for-europes-first-sovereign-hpc-cpu-availability-of-rhea1-is-scheduled-for-end-of-2026-sipearl-vp-says-following-long-development-process,2026-07-08T14:44:59Z,"Sipearl has been developing a custom CPU, especially designed for high-performance workloads, named 'Rhea', for over five years. In late May, it was finally announced that the company had received th… [+9443 chars]"
Thomas Macaulay,"The Download: Chinese AI divides the White House, and a record copyright payout","This is today’s edition of The Download, our weekday newsletter that provides a daily dose of what’s going on in the world of technology. China’s AI models have Trump’s AI world at war with itself Last weekend, several current and former advisers to President…",https://www.technologyreview.com/2026/07/21/1140685/the-download-chinese-ai-divides-white-house-anthropic-copyright-settlement/,2026-07-21T12:10:00Z,"It began because no one can agree on what to do about Kimi, a free, open-source model that Chinese AI company Moonshot launched last week. It appears to rival the intelligence of models from OpenAI a… [+2653 chars]"
Fiona Craig,"US futures edge lower as investors assess Samsung results and Fed outlook: Dow Jones, S&P, Nasdaq, Wall Street","US stock index futures traded cautiously on Tuesday after the Dow Jones Industrial Average reached a record high in the previous session, while investors wei...",https://investorshub.advfn.com/market-news/article/31440/us-futures-edge-lower-as-investors-assess-samsung-results-and-fed-outlook-dow-jones-sp-nasdaq-wall-street,2026-07-07T10:18:13Z,"Wall Street skycrapers ©Shutterstock
US stock index futures traded cautiously on Tuesday after the Dow Jones Industrial Average reached a record high in the previous session, while investors weighed… [+4683 chars]"
Nauman Khan,Nvidia Stock Hasn’t Been This Cheap Since Before 2019. How to Play NVDA Stock Here.,"Nvidia's valuation has fallen to its lowest level since 2019, even as Wall Street continues to see strong upside.",https://www.barchart.com/story/news/3245262/nvidia-stock-hasnt-been-this-cheap-since-before-2019-how-to-play-nvda-stock-here,2026-07-12T18:33:17Z,"Nvidia (NVDA) has been one of the biggest winners of the artificial intelligence (AI) boom, but investors are starting to ask a different question. After years of premium valuations, the latest Bloom… [+5576 chars]"
Scarlett Yu,Huawei founder endorses Tau Law as sole path for post-Moore chip development,"Huawei founder Ren Zhengfei has publicly endorsed the company's τ (tau) Law as Huawei's sole technological path for advancing semiconductor development, underscoring six years of sustained investment in the approach. Rather than attempting to disrupt the exis…",https://www.digitimes.com/news/a20260724PD234/huawei-development-production-manufacturing-2026.html,2026-07-24T08:29:23Z,"Keep me signed in
Some subscribers prefer to save their log-in information so they do not have to enter their User ID and Password each time they visit the site. To activate this function, check the… [+288 chars]"
Al Jazeera Staff,China’s Xi Jinping launches new AI alliance: What is it?,"Beijing is likely to use the WAICO alliance to influence global AI regulations, analysts say.",https://www.aljazeera.com/news/2026/7/17/chinas-xi-jinping-launches-new-ai-alliance-what-is-it,2026-07-17T13:47:38Z,"It was an artificial intelligence summit with very real-world geopolitical messaging.
Chinese President Xi Jinping on Friday urged countries to cooperate on artificial intelligence and ensure no cou… [+5584 chars]"
Habib Ur Rehman,Why ASML (ASML) Remains Critical to the AI Chip Supply Chain as Advanced Semiconductor Demand Grows,"ASML Holding N.V. (NASDAQ:ASML) is one of the high-growth wide-moat stocks to buy. On July 6, Bernstein raised its price target on ASML, drawing attention to...",https://finance.yahoo.com/technology/ai/articles/why-asml-asml-remains-critical-113926884.html,2026-07-15T11:39:26Z,"ASML Holding N.V. (NASDAQ:ASML) is one of the high-growth wide-moat stocks to buy. On July 6, Bernstein raised its price target on ASML, drawing attention to the company's role in supplying the litho… [+1779 chars]"
"Evan Perez, CNN",Trump admin pressures law enforcement groups to support controversial cryptocurrency legislation,The Trump administration in recent weeks has pressured current and former US law enforcement officials to help corral support for a milestone cryptocurrency...,https://www.cnn.com/2026/07/30/politics/trump-admin-pressures-law-enforcement-groups-to-support-controversial-cryptocurrency-legislation,2026-07-30T23:23:15Z,The Trump administration in recent weeks has pressured current and former US law enforcement officials to help corral support for a milestone cryptocurrency law that critics say could be exploited by… [+9869 chars]
James Franey,US lawmakers seek national security probe of Chinese chip giant CXMT after blockbuster IPO: ‘Ticking time bomb’,"A senior federal official told The Post there is ""a real suspicion that a Chinese Communist Party intervention played a role in this so-called IPO.""",https://nypost.com/2026/07/28/business/us-lawmakers-seek-security-probe-into-chinese-chipmaker-cxmt-over-blockbuster-487b-ipo/,2026-07-28T14:10:13Z,Top US lawmakers want the Trump administration launch a formal national security probe into Chinese memory chipmaker CXMT on suspicions that Beijing orchestrated the company’s blockbuster IPO to prop… [+4856 chars]
Luke James,Inside the history of DRAM price-fixing lawsuits — how HBM allocations could make a difference after two decades of failed cases,Garciaguirre v. Samsung leans on HBM to prove an agreement that federal courts have twice declined to see in parallel production cuts.,https://www.tomshardware.com/pc-components/dram/samsung-sk-hynix-and-micron-face-a-third-dram-price-fixing-lawsuit,2026-07-03T14:13:04Z,"17 plaintiffs sued Samsung, SK hynix, and Micron in the U.S. District Court for the Northern District of California in late June, alleging the three companies, which together control roughly 90% of t… [+6380 chars]"
Efosa Udinmwen,Chinese DoorDash rival smashes open source record with 1.6-trillion-parameter LLM with a 1-million-context-token model crafted without Nvidia hardware,"Meituan released LongCat-2.0, a 1.6-trillion-parameter model trained entirely on domestic chips, avoiding Nvidia hardware entirely.",https://www.techradar.com/pro/chinese-doordash-rival-smashes-open-source-record-with-1-6-trillion-parameter-llm-with-a-1-million-context-token-model-crafted-without-nvidia-hardware,2026-07-08T00:30:00Z,"<ul><li>LongCat-2.0 contains 1.6 trillion parameters and a million-token context</li><li>Meituan trained the model using over 50,000 domestic AI accelerators</li><li>The model completed pre-training … [+3783 chars]"
By Mike Dolan,China chip champ,"By Mike Dolan July 27 (Reuters) - What matters in U.S. and global markets today By Mike Dolan, Editor-at-Large, Finance and Markets A pause in the Iran confl...",https://finance.yahoo.com/markets/stocks/articles/china-chip-champ-104015853.html,2026-07-27T10:40:15Z,"By Mike Dolan
July 27 (Reuters) -
What matters in U.S. and global markets today
By Mike Dolan, Editor-at-Large, Finance and Markets
A pause in the Iran conflict and a sizeable retreat in crude oi… [+3479 chars]"
"ashilov@gmail.com (Anton Shilov) , Anton Shilov","Lawmakers want US government to ban memory chips from China, even in allied supply chains — citing 'unacceptable risk' to national, economic, and supply chain security","U.S. lawmakers demand Commerce Secretary Howard Lutnick to ban imports of memory chips from China to the U.S., ask allies to do the same.",https://www.tomshardware.com/pc-components/dram/lawmakers-want-us-government-to-ban-memory-chips-from-china-even-in-allied-supply-chains-citing-unacceptable-risk-to-national-economic-and-supply-chain-security,2026-07-17T13:05:44Z,"As Apple and other American companies seek to use memory chips from China-based CXMT and YMTC amid massive supply constraints, U.S. lawmakers want to ban exports of Chinese memory chips to the U.S., … [+3532 chars]"
JC Torres,5 E Ink Phones in 2026 Ranked by What They Still Ask You to Give Up,"5 E Ink Phones in 2026 Ranked by What They Still Ask You to Give UpE Ink phones have spent years selling one idea: a calmer screen, a longer battery, and a slower relationship with your phone. That promise has...",https://www.yankodesign.com/2026/07/18/5-e-ink-phones-in-2026-ranked-by-what-they-still-ask-you-to-give-up/,2026-07-18T15:20:35Z,"E Ink phones have spent years selling one idea: a calmer screen, a longer battery, and a slower relationship with your phone. That promise has almost always come with a catch. You’d get the paper-lik… [+4806 chars]"
Julian Horsey,"China May Lock Down Open-Source AI Models: Qwen, GLM 5.2 & DeepSeek?","China’s potential move to restrict access to its leading open source AI models, such as Alibaba’s Qwen and Zidai AI’s GLM-5.2, could mark a significant shift in the global AI landscape. According to Universe of AI, these measures are part of a broader strateg…",https://www.geeky-gadgets.com/china-ai-export-restrictions/,2026-07-08T11:47:00Z,"China’s potential move to restrict access to its leading open source AI models, such as Alibaba’s Qwen and Zidai AI’s GLM-5.2, could mark a significant shift in the global AI landscape. According to … [+7777 chars]"
Vandita Jadeja,Micron Has Strong Q3 Earnings and Rising Guidance. Is It a Buy?,"Micron just posted one of the most explosive quarters in semiconductor history, yet the stock has cratered nearly 14% in a single week as three distinct thre...",https://247wallst.com/investing/2026/07/19/why-micron-belongs-in-your-portfolio-with-strong-q3-earnings-and-rising-guidance/,2026-07-19T16:00:50Z,"Quick Read
<ul><li>Micron (MU) earns a high-confidence BUY at $928.59 despite a 14% weekly drop, backed by $50B Q4 guidance and $100B in locked customer agreements.
</li><li>Peers Sandisk (SNDK) an… [+4522 chars]"
Prasanth Aby Thomas,"Anthropic rejects open-weight AI bans, calls for China chip controls and safety tests","Anthropic CEO Dario Amodei has argued that policymakers should keep lower-risk open-weight AI accessible while placing stricter safeguards around frontier systems, including mandatory testing and limits on China’s access to advanced computing and model capabi…",https://www.computerworld.com/article/4202178/anthropic-rejects-open-weight-ai-bans-calls-for-china-chip-controls-and-safety-tests.html,2026-07-28T11:13:30Z,"Jain said chip restrictions and measures against illicit model distillation would mainly affect model developers and infrastructure providers, rather than enterprises using models already on the mark… [+684 chars]"
Editor,The Indium Emergency: Why China’s Export Restrictions May Collapse the AI Data Center Bubble,"The Coming Supply Chain Collapse No One Is Talking About The AI data center buildout is heading for a catastrophic supply chain collapse, and almost no one in the tech or investment world is talking about it. The bottleneck isn’t energy, water, or even land —…",https://www.activistpost.com/the-indium-emergency-why-chinas-export-restrictions-may-collapse-the-ai-data-center-bubble/,2026-07-03T10:00:00Z,"The AI data center buildout is heading for a catastrophic supply chain collapse, and almost no one in the tech or investment world is talking about it. The bottleneck isnt energy, water, or even land… [+7415 chars]"
"editors@tomshardware.com (Jowi Morales) , Jowi Morales",Chinese YMTC SSDs make their way into retail Lenovo laptops — media outlet slams YMTC PCIe 4.0 drive for 'below average for an SSD in an office laptop' in review,"Lenovo has seemingly begun using YMTC SSDs in some of its laptop models, allowing the Chinese storage chip company to gain a foothold in the U.S. This is despite its inclusion on the U.S. Department of Commerce's Entity List and its branding by the Pentagon a…",https://www.tomshardware.com/pc-components/ssds/chinese-ymtc-ssds-make-their-way-into-retail-lenovo-laptops-media-outlet-slams-ymtc-pcie-4-0-drive-for-below-average-for-an-ssd-in-an-office-laptop-in-review,2026-07-04T15:07:08Z,"As the memory and storage chip crisis continues to squeeze the market, some PC manufacturers began looking at alternative sources earlier this year just to meet consumer demand. Notebookcheckdiscover… [+3114 chars]"
ETF.com Staff,"Leveraged ETFs in 2026: How They Work, the Best Funds, and the Risks You Can't Ignore",U.S. leveraged ETF assets just soared past $192 billion. Daily trading volumes across all leveraged products have surged to approximately $39 billion — mo...,http://www.etf.com/sections/news/leveraged-etfs-2026-how-they-work-best-funds-and-risks-you-cant-ignore?utm_source=yahoo-finance&amp;utm_medium=rss&amp;utm_campaign=yahoo-finance-rss,2026-07-15T21:42:58Z,"ETF Investing Tools
Leveraged ETFs are designed for experienced traders. Used correctly, they are powerful tools for amplifying returns in a trending market. Used incorrectly, they are one of the mo… [+16441 chars]"
Chase Codewell,Chinese Researchers Develop Optical AI Network Claiming 100x Faster Inference with Fewer Chips,"Researchers in China have developed an optical artificial intelligence network that performs inference up to 100 times faster than traditional electronic systems while using fewer physical chips, according to a study published in November 2025. The system, de…",https://www.naturalnews.com/2026-07-16-chinese-researchers-develop-optical-ai-network-faster.html,2026-07-16T06:00:00Z,"Researchers in China have developed an optical artificial intelligence network that performs inference up to 100 times faster than traditional electronic systems while using fewer physical chips, acc… [+8572 chars]"
Thomas Macaulay,"The Download: worms fight pollution, and geoengineering faces reality","This is today’s edition of The Download, our weekday newsletter that provides a daily dose of what’s going on in the world of technology. Why worms (and microbes) are catching on as a manure pollution solution Anthony Agueda, a third-generation California dai…",https://www.technologyreview.com/2026/07/08/1140216/the-download-worms-manure-pollution-geoengineering-reality-check/,2026-07-08T12:10:00Z,"The must-reads
Ive combed the internet to find you todays most fun/important/scary/fascinating stories about technology.
1 The Trump administration has lifted restrictions on OpenAI's GPT 5.6The gr… [+2800 chars]"
Vidyanand Choudhary,"America needs an artificial intelligence coalition, not an AI fortress",China has made its view of artificial intelligence unmistakably clear.Beijing is reportedly preparing to restrict overseas access to its most advanced AI models even as second-tier Chinese firms race to capture global customers that American export controls m…,https://www.theblaze.com/columns/opinion/america-needs-an-artificial-intelligence-coalition-not-an-ai-fortress,2026-07-23T10:00:00Z,"China has made its view of artificial intelligence unmistakably clear.
Beijing is reportedly preparing to restrict overseas access to its most advanced AI models even as second-tier Chinese firms ra… [+7277 chars]"
Habib Ur Rehman,Why China’s DUV Push Hit ASML (ASML) and Micron (MU) for Different Reasons,"China has started producing domestic immersion deep-ultraviolet lithography tools, Reuters reported on July 28. State-backed Shanghai Aishengna Electronic Te...",https://finance.yahoo.com/markets/stocks/articles/why-china-duv-push-hit-075914910.html,2026-07-29T07:59:14Z,"China has started producing domestic immersion deep-ultraviolet lithography tools, Reuters reported on July 28. State-backed Shanghai Aishengna Electronic Technology Group plans to deliver machines t… [+3349 chars]"
PTI,China's memory chipmaker CXMT shares soar in its blockbuster share listing in Shanghai,"CXMT's shares surge after raising $8.6 billion in Shanghai, highlighting China's push for self-sufficiency in memory chip technology.",https://www.thehindubusinessline.com/markets/chinas-memory-chipmaker-cxmt-shares-soar-in-its-blockbuster-share-listing-in-shanghai/article71271437.ece,2026-07-27T05:14:36Z,"Shares of CXMT, China's largest memory chipmaker, soared Monday after they began trading in Shanghai in mainland China's biggest initial public stock offering in recent years.
CXMT is among many chi… [+3438 chars]"
Rich Duprey,Nvidia Gets Drawn Into Supermicro Chip Smuggling Scandal. Should Investors Be Worried?,"Taiwanese prosecutors just detained an Nvidia employee in a chip smuggling probe already linked to Supermicro's stunning collapse, and investors are scrambli...",https://247wallst.com/investing/2026/07/28/nvidia-gets-drawn-into-supermicro-chip-smuggling-scandal-should-investors-be-worried/,2026-07-28T12:44:52Z,"Quick Read
<ul><li>Taiwanese prosecutors detained a single Nvidia employee named Chang for allegedly falsifying documents on AI server shipments destined for China.
</li><li>Nvidia's 5% drop appear… [+4815 chars]"
Jon Martindale,"Nvidia employee implicated in escalating Supermicro smuggling scandal, but demand only intensifies for Nvidia hardware","An Nvidia employee has been implicated in the Supermicro smuggling scandal, with his home and desk searched. He's been detained over allegations of forgery and breach of trust. Meanwhile, Nvidia is collapsing its buyer list in order to root out potential smug…",https://www.tomshardware.com/tech-industry/nvidia-employee-implicated-in-escalating-supermicro-smuggling-scandal-but-demand-only-intensifies-for-nvidia-hardware,2026-07-29T15:10:06Z,"An Nvidia employee has been detained in Taiwan over allegations of forgery and breach of trust, in relation to the Supermicro smuggling scandal, that saw servers ostensibly sold to companies in South… [+6321 chars]"
Editorial Team,Nexchip begins trading in Hong Kong after raising $890M in share sale,"Nexchip's Hong Kong listing highlights China's strategic pivot to bolster its semiconductor industry amid global trade tensions and tech restrictions.
The post Nexchip begins trading in Hong Kong after raising $890M in share sale appeared first on Crypto Brie…",https://cryptobriefing.com/nexchip-hong-kong-ipo-890-million/,2026-07-09T23:13:27Z,"China's third-largest chip foundry priced its offering at the top of the range, signaling strong investor appetite for semiconductor plays amid US export restrictions Nexchip Semiconductor Corporatio… [+2950 chars]"
Subhasree Kar,Nvidia Says Kyber Is Still on Track. Why the Next-Gen Infrastructure Matters for NVDA Stock.,"Nvidia is pushing back against Kyber delay rumors, while the next-generation AI infrastructure platform remains a critical pillar of its long-term growth sto...",https://www.barchart.com/story/news/3191272/nvidia-says-kyber-is-still-on-track-why-the-next-gen-infrastructure-matters-for-nvda-stock,2026-07-08T19:37:13Z,Nvidia Corporation (NVDA) is seeking to reassure investors after reports that its next-generation Kyber rack-scale AI infrastructure could be delayed until 2028 triggered fresh concerns about the com… [+6790 chars]
Mike Adams,Why the Korean Stock Market Crash Is a Warning We Should All Heed,"The Collapse of This Semiconductor Tulip Mania Was Inevitable I’ve been watching the Korean stock market bubble inflate for months, and I’ve warned repeatedly that a reckoning was coming. Now it’s here. The KOSPI index has plunged repeatedly, losing nearly 10…",https://www.naturalnews.com/2026-07-29-korean-stock-market-crash-is-a-warning.html,2026-07-29T06:00:00Z,"The Collapse of This Semiconductor Tulip Mania Was Inevitable
Ive been watching the Korean stock market bubble inflate for months, and Ive warned repeatedly that a reckoning was coming. Now its here… [+7203 chars]"
Alain-Serge Porret,Low-power AI could define the next era of global innovation,"As AI grows, low-power systems may become the industry's greatest competitive advantage.",https://www.techradar.com/pro/low-power-ai-could-define-the-next-era-of-global-innovation,2026-07-29T10:31:56Z,"Artificial intelligence (AI) is constantly reshaping everything we do. Across industries, it is changing the way we do work, but that rapid expansion can’t continue without bumping up against real ta… [+11695 chars]"
Brian Sozzi,Semiconductor stock charts just formed this bearish shape that signals more potential losses,Look out below for semis?,https://finance.yahoo.com/markets/article/semiconductor-stock-charts-just-formed-this-bearish-shape-that-signals-more-potential-losses-145440205.html,2026-07-27T14:54:40Z,"The bears may not be going anywhere on semiconductor stocks.
Quick insight: The VanEck Semiconductor ETF (SMH) which counts Nvidia (NVDA), Taiwan Semiconductor (TSM), and Broadcom (AVGO) as its top … [+2531 chars]"
Chase Codewell,Sacks: U.S. AI Edge at Risk Amid Chinese Model Advance,"Former White House AI and cryptocurrency czar David Sacks said Friday that the United States is undermining its competitive advantage in artificial intelligence through excessive regulation, following the release of a new Chinese AI model that reportedly matc…",https://www.naturalnews.com/2026-07-21-sacks-us-ai-edge-risk-chinese-model-advance.html,2026-07-21T06:00:00Z,"Former White House AI and cryptocurrency czar David Sacks said Friday that the United States is undermining its competitive advantage in artificial intelligence through excessive regulation, followin… [+7622 chars]"
Alfonso Maruccia,"Steam now has 50% more users than PlayStation, and Sony's own decisions might be pushing more players there","Shawn Layden recently said that bringing PlayStation games to PC was never about money. However, newer estimates of Steam's user base could put the former Sony executive's comments in a different perspective. Companies that do business with PC's most successf…",https://www.techspot.com/news/113061-steam-rise-puts-playstation-under-pressure-gamers-rethink.html,2026-07-10T18:46:00Z,"Play Has Many Limits: Recent controversial changes to Sony's business strategy could have a significant impact on PlayStation's future. According to the latest figures, the console business is increa… [+3232 chars]"
Omor Ibne Ehsan,Trump Banned the Hottest AI Company for 3 Weeks. It May Have Handed Them a ‘Trillion-Dollar’ Marketing Gift,"For three weeks in June 2026, the most-talked-about AI company in the world went dark. Then it came back, and a panel of tech veterans started arguing about...",https://247wallst.com/investing/2026/07/07/trump-banned-the-hottest-ai-company-for-3-weeks-it-may-have-handed-them-a-trillion-dollar-marketing-gift/,2026-07-07T13:15:49Z,"Quick Read
<ul><li>Microsoft deployed Claude on Azure running NVIDIA's GB300 Blackwell Ultra GPUs on July 5, converting Anthropic's post-ban momentum into enterprise-scale distribution.
</li><li>Ja… [+4964 chars]"
Chase Codewell,"China’s Moonshot AI Releases Open-Source Kimi K3 Model, Challenging Anthropic’s Opus","Chinese AI startup Moonshot AI released its Kimi K3 large language model as an open-source model on July 17, 2026, according to the company. The model is described by Moonshot AI as comparable to Anthropic’s Claude Opus in performance, based on internal bench…",https://www.naturalnews.com/2026-07-20-china-moonshot-ai-releases-open-source-model.html,2026-07-20T06:00:00Z,"Chinese AI startup Moonshot AI released its Kimi K3 large language model as an open-source model on July 17, 2026, according to the company. The model is described by Moonshot AI as comparable to Ant… [+5619 chars]"
John Pike,"China Urges Restraint In Middle East As War Fallout Damages Fuel, AI Sectors","Beijing has called on all sides of the war in Iran to ""avoid escalating the conflict"" amid fresh strikes as China's crude oil imports hit a 10-year low and helium shortages threaten its AI chip manufacturing.",https://www.globalsecurity.org/wmd/library/news/iran/2026/07/iran-260714-rferl06.htm,2026-07-14T12:00:00Z,"By Colin Hood 15:32 14.7.2026
Beijing has called on all sides of the war in Iran to ""avoid escalating the conflict"" amid fresh strikes as China's crude oil imports hit a 10-year low and helium short… [+2377 chars]"
Mike Pearl,"A South Korean Labor Union Is in Revolt Over Robots, or Maybe It’s Surrendering to Them","As Hyundai threatens automation via Boston Dynamics robots, should organized labor take the bait?",https://gizmodo.com/a-south-korean-labor-union-is-in-revolt-over-robots-or-maybe-its-surrendering-to-them-2000786194,2026-07-16T09:00:44Z,"When you put a giant legion of humanoid robots on the floor of an auto factory, do they actually increase efficiency and replace labor, or is that just a corporate fantasy? An auto workers union in S… [+5250 chars]"
"By Tim Kelly, Maki Shiraki, Daniel Leussink and Sam Nussey",Japan quake snarls auto and chip supply chains as toll hits 34,"By Tim Kelly, Maki Shiraki, Daniel Leussink and Sam Nussey KUMAMOTO, Japan, July 31 (Reuters) - A powerful earthquake that struck southern Japan this week ha...",https://www.yahoo.com/news/articles/death-toll-japan-earthquake-rises-012750089.html,2026-07-31T03:50:06Z,"By Tim Kelly, Maki Shiraki, Daniel Leussink and Sam Nussey
KUMAMOTO, Japan, July 31 (Reuters) - A powerful earthquake that struck southern Japan this week has exposed the vulnerability of the countr… [+4465 chars]"
https://www.facebook.com/bbcnews,Firefighters tackling large industrial unit blaze,People are being urged to avoid the area while emergency crews tackle the incident.,https://www.bbc.co.uk/news/articles/cx2vgyzy1kyo,2026-07-24T17:37:49Z,"Firefighters are dealing with what has been described as a ""significant incident"" at an industrial building in Essex.
Crews were called to farmland in Southend Road, between East Hanningfield and Re… [+711 chars]"
Associated Press,Water outage at UK's Gatwick airport leaves toilets out of order and restaurants closed,A power outage at a water treatment plant in south east England left toilets out of order and forced the closure of restaurants at Gatwick Airport on Sunday....,https://travel.yahoo.com/news/articles/water-outage-uks-gatwick-airport-124440575.html,2026-07-26T12:44:40Z,"LONDON (AP) A power outage at a water treatment plant in south east England left toilets out of order and forced the closure of restaurants at Gatwick Airport on Sunday.
The airport, south of London… [+913 chars]"
ANNIKA HAMMERSCHLAG,"Iranian strike damages a Kuwait desalination plant, exposing water vulnerability in dry Mideast","Iranian strikes on Friday hit a power and water desalination plant in Kuwait, damaging one of the key sources of drinking water in the small desert nation....",https://www.yahoo.com/news/world/articles/iranian-strike-damages-kuwait-desalination-123649712.html,2026-07-17T12:36:49Z,"Iranian strikes on Friday hit a power and water desalination plant in Kuwait, damaging one of the key sources of drinking water in the small desert nation.
It's the latest attack on essential infras… [+3097 chars]"
Ece Yildirim,The Memory Shortage Is So Bad That Smartphone Shipments Hit a Record Low,Phone prices are soaring because of the memory crisis.,https://gizmodo.com/the-memory-shortage-is-so-bad-that-smartphone-shipments-hit-a-record-low-2000784996,2026-07-13T21:47:08Z,"Global smartphone shipments fell 11% in the second quarter of this year, marking the lowest level since 2013, according to estimates from Counterpoint Research.
To blame are soaring smartphone price… [+3170 chars]"
Reuters,"Ukrainian drones strike across Russia, hitting refineries, Wildberries warehouse","July 29 (Reuters) - Ukrainian drones hit oil refineries and logistics facilities in the Russian cities of Perm, Ryazan and Taganrog, as well as the Crimean p...",https://www.yahoo.com/news/articles/industrial-facilities-russias-ryazan-fire-033635517.html,2026-07-29T09:33:48Z,"July 29 (Reuters) - Ukrainian drones hit oil refineries and logistics facilities in the Russian cities of Perm, Ryazan and Taganrog, as well as the Crimean peninsula overnight, with the country's top… [+3036 chars]"
https://www.facebook.com/bbcnews,'Start work at 11' - but will other bosses be as flexible over England's 1am match?,"Employers are being urged to use their ""common sense"" to allow staff to work flexibly where they can.",https://www.bbc.co.uk/news/articles/c8x27k180x8o,2026-07-03T12:14:01Z,"On Thursday the government said pubs would be able to stay open until 05:00 on Monday. 
Employers are being urged to use their ""common sense and understanding"" and allow flexible working requests wh… [+1793 chars]"
Matthew Loh,Ukrainian drones flew all the way to Siberia to strike Russia's largest oil refinery,"The strike on Omsk, about 1,700 miles away, is Ukraine's longest-range attack on Russia since the war began.",https://www.businessinsider.com/ukraine-drones-omsk-refinery-attack-long-range-siberia-fire-point-2026-7#article,2026-07-07T04:50:20Z,"Parts of Russia's Omsk refinery were seen burning on Monday after Ukraine's drone strikes.SOCIAL MEDIA via REUTERS
<ul><li>New variants of Ukraine's long-range strike drones hit an oil refinery in S… [+3520 chars]"
Reuters,"Haldia Petrochemicals' June fire was not caused by its naphtha pipeline, independent examiners say","NEW DELHI, July 27 (Reuters) - Haldia Petrochemicals' (HPL) naphtha pipeline did not cause last month's fire near its plant in eastern India, according to an...",https://sg.finance.yahoo.com/news/haldia-petrochemicals-june-fire-not-125325674.html,2026-07-27T12:53:25Z,"NEW DELHI, July 27 (Reuters) - Haldia Petrochemicals' (HPL) naphtha pipeline did not cause last month's fire near its plant in eastern India, according to an independent report and pressure test revi… [+924 chars]"
The Associated Press,"U.S. and Iran exchange intensifying fire across Mideast, threatening ceasefire deal","Back-and-forth attacks have repeatedly threatened the ceasefire, but Thursday's appeared bigger all around.",https://www.npr.org/2026/07/10/g-s1-132927/us-iran-war,2026-07-10T06:12:36Z,"DUBAI, United Arab Emirates The United States launched new airstrikes against Iran early Thursday, and Tehran responded by targeting U.S.-allied Mideast countries in an exchange of fire that threaten… [+6062 chars]"
Manisha Krishnan,7-OH Users Are Stockpiling and Doing Reddit Detoxes to Prep for Ban,"The opioid-like compound, which is found in kratom, can cause brutal withdrawal symptoms and will soon be a controlled substance. Some users tell WIRED it has relieved their pain and anxiety.",https://www.wired.com/story/7-oh-users-brace-for-dea-ban/,2026-07-28T09:30:00Z,"A couple months after completing detox for alcohol in June 2023, Cam got into a brutal motorcycle accident.
The 36-year-old upstate New York resident woke up hospitalized in late September after a m… [+3549 chars]"
Abdul Mohammed,IRGC Claims It Destroyed Amazon's Bahrain Data Center,"IRGC claims cruise missile strike destroyed AWS Bahrain data center in Wave 24, citing Darkhovin nuclear plant as casus belli. Third strike on same facility since March.",https://houseofsaud.com/irgc-claims-destroyed-amazon-bahrain-data-center/,2026-07-24T09:52:58Z,"IRGC claims cruise missile strike destroyed AWS Bahrain data center in Wave 24, citing Darkhovin nuclear plant as casus belli. Third strike on same facility since March.
MANAMA The Islamic Revolutio… [+15956 chars]"
Tim Hardwick,Apple Ramps Foldable iPhone 'Ultra' Production to 10 Million Units,"Apple has told suppliers to prepare to make approximately 10 million foldable iPhones this year, up from a previous forecast of about 7-8 million units a few months ago, reports Nikkei Asia ($).





Apple has already booked parts for roughly 80 million smart…",https://www.macrumors.com/2026/07/02/apple-ramps-foldable-iphone-ultra-production-10m/,2026-07-02T10:05:03Z,"Apple has told suppliers to prepare to make approximately 10 million foldable iPhones this year, up from a previous forecast of about 7-8 million units a few months ago, reports Nikkei Asia ($).
App… [+1747 chars]"
EditorDavid,America May Soon Be Facing It's Largest Labor Shortage in Its History,"America ""is facing what's projected to become the largest labor shortage in its history,"" according to experts interviewed by the Washington Post:



Economists warn that the worsening labor problem, due in part to a skills shortage and population shifts, wil…",https://it.slashdot.org/story/26/07/13/0443258/america-may-soon-be-facing-its-largest-labor-shortage-in-its-history,2026-07-13T04:54:00Z,"Economists warn that the worsening labor problem, due in part to a skills shortage and population shifts, will be vast and reach beyond tech. It ""could hobble the American economy for years to come,""… [+2270 chars]"
Reuters,Ten wounded as Ukrainian drones strike Moscow region,"MOSCOW, July 20 (Reuters) - Ukraine targeted Moscow and the surrounding region with 400 drones overnight, wounding 10 people and setting buildings ablaze, Ru...",https://www.yahoo.com/news/world/articles/russia-says-ukraine-launched-400-061127192.html,2026-07-20T08:19:19Z,"MOSCOW, July 20 (Reuters) - Ukraine targeted Moscow and the surrounding region with 400 drones overnight, wounding 10 people and setting buildings ablaze, Russian officials said on Monday.
In a stat… [+1725 chars]"
Matthew Loh,Ukrainian drones flew all the way to Siberia to strike Russia's largest oil refinery,"The strike on Omsk, about 1,700 miles away, is Ukraine's longest-range attack on Russia since the war began.",https://www.businessinsider.com/ukraine-drones-omsk-refinery-attack-long-range-siberia-fire-point-2026-7,2026-07-07T04:50:20Z,"<ul><li>New variants of Ukraine's long-range strike drones hit an oil refinery in Siberia.
</li><li>The 1,700-mile strike is Ukraine's longest-range drone attack on Russia since the war began.
</li… [+3357 chars]"
https://www.facebook.com/bbcnews,"At least 28 killed in China shoe factory fire, state media reports","Footage shows huge flames rising from a building and thick, black smoke rising into the sky.",https://www.bbc.co.uk/news/articles/cx2vz51v2pjo,2026-07-09T14:04:23Z,"A fire at a shoe factory in the south-eastern Chinese city of Jinjiang has killed at least 28 people, according to the state news agency.
Dramatic footage posted by Xinhua showed huge flames and bla… [+734 chars]"
Sinéad Baker,Ukraine's arms makers say they need to figure out how to constantly update their weapons — without slowing output,"Weapons makers must keep updating their gear before it's obsolete, but they have to do it without sacrificing the mass production modern wars demand.",https://www.businessinsider.com/ukraine-arms-makers-need-find-balance-between-changes-and-scale-2026-7#article,2026-07-21T14:13:26Z,"Arms makers want to be able to make constant changes to their products, but with enough stability to be able to produce at scale.Sean Gallup/Getty Images
<ul><li>Ukraine's arms makers must constantl… [+6221 chars]"
Rowenna Hoskin - BBC Wales,Going inside the secret bunker built to survive nuclear war,"At the height of Cold War tensions, the UK had plans about what to do if a nuclear strike happened.",https://www.bbc.com/news/articles/c07y95d3v90o?xtor=AL-72-%5Bpartner%5D-%5Byahoo.north.america%5D-%5Bheadline%5D-%5Bnews%5D-%5Bbizdev%5D-%5Bisapi%5D,2026-07-10T22:06:34Z,"Beneath an unassuming hill just next to a newbuild housing estate there lies a bunker that was designed to keep Wales running in the event of a nuclear attack.
Hidden behind blast-proof steel doors,… [+7082 chars]"
Joe Ciolli,Everything you need to know about the Korean chipmaker crashing America's AI party,SK Hynix's roughly $26.5 billion listing is the largest ever by a foreign company on a US exchange.,https://www.businessinsider.com/sk-hynix-adr-nasdaq-listing-chipmaker-ai-trade-debut-2026-7,2026-07-10T09:50:01Z,"<ul><li>South Korean memory-chip maker SK Hynix makes its US trading debut on Friday.
</li><li>The company isn't mainstream in America yet, but is quickly on its way to becoming a household name.
<… [+3183 chars]"
Insider Inc.,Inside Ukraine's secret mission to devastate Russian energy facilities,"In eastern Ukraine, soldiers furtively readied Fire Point drones to fly attack runs deep into Russia. Their biggest fear is being discovered.",https://www.businessinsider.com/inside-ukraines-secret-mission-to-destroy-russian-energy-facilities-2026-7#article,2026-07-16T08:01:01Z,"Ukrainian soldiers with the 1st Independent Center for Unmanned Systems ready a Fire Point FP-1 drone for an attack mission.Giorgos Moutafis/Business Insider
<ul><li>Ukrainian soldiers are waging a … [+7898 chars]"
"Jake Epstein,Sinéad Baker",Ukraine's weapons makers fear a costly slowdown after their tech champion was pushed out of the defense ministry,Defense industry sources worry about what Mykhailo Fedorov's dismissal could mean for battlefield innovation at a pivotal moment in the war.,https://www.businessinsider.com/ukraine-arms-makers-fear-slowdown-after-tech-champion-fedorov-dismissal-2026-7#article,2026-07-20T13:54:40Z,"Ukraine's ousted defense minister had championed drone warfare.Pierre Crom/Getty Images
<ul><li>Volodymyr Zelenskyy dismissed Mykhailo Fedorov, Ukraine's reformist defense minister, last week.</li><… [+6598 chars]"
Bill Chappell,"New aviation mechanics graduate with jobs in hand, thanks to a labor shortage","Aviation is literally soaring in the U.S., with record passenger numbers. But with a generation of mechanics set to leave the workforce, the industry needs new graduates to fill the gap.",https://www.npr.org/2026/07/09/nx-s1-5860843/aviation-mechanics-labor-shortage,2026-07-09T09:00:00Z,"PITTSBURGH As one graduate after another crosses the stage, cheers and applause ring out, a ritual that celebrates hard work and points to the future.
For graduates in aviation maintenance at the Pi… [+6953 chars]"
"Daria Tarasova-Markina and Tim Lister, CNN",Warehouse workers among 8 dead in deadliest Ukrainian attacks inside Russia for two years,"Ukrainian drone attacks have killed at least eight people at warehouses in Russia, according to regional officials.",https://www.cnn.com/2026/07/18/europe/eight-killed-in-ukrainian-drone-attacks-on-russian-warehouses,2026-07-18T12:21:04Z,"Ukrainian drone attacks have killed at least eight people at warehouses in Russia, according to regional officials.
Seven of those killed were working at a distribution center at Kotovsk in the Tamb… [+2336 chars]"
Sinéad Baker,Ukraine's arms makers say they need to figure out how to constantly update their weapons — without slowing output,"Weapons makers must keep updating their gear before it's obsolete, but they have to do it without sacrificing the mass production modern wars demand.",https://www.businessinsider.com/ukraine-arms-makers-need-find-balance-between-changes-and-scale-2026-7,2026-07-21T14:13:26Z,"<ul><li>Ukraine's arms makers must constantly update weapons to keep them relevant.
</li><li>But frequent redesigns can slow production when the military needs weapons at scale.
</li><li>Companies … [+6124 chars]"
Tyler August,Pizza Eye Surgery Saves Hemispherical Projector,"If you ever make it to DNA Pizza in San Francisco, you may feel as though you’re being watched. The Eye of the Pizza is Upon You. Or, it was, until the out-of-production and now very expensiv…",https://hackaday.com/2026/07/30/pizza-eye-surgery-saves-hemispherical-projector/,2026-07-30T18:30:04Z,"If you ever make it to DNA Pizza in San Francisco, you may feel as though you’re being watched. The Eye of the Pizza is Upon You. Or, it was, until the out-of-production and now very expensive spheri… [+1649 chars]"
Eleanor Beardsley,Thousands in France allowed to return home as Europe tackles wildfires and heatwave,"Firefighters in the Gironde region of France said the situation had ""stabilized"", after a week of wildfires caused by a major heatwave across Europe.",https://www.npr.org/2026/07/31/nx-s1-5913353/france-wildfires-bordeaux-europe-heatwave,2026-07-31T08:45:07Z,"BORDEAUX, France Firefighters in southwestern France said Friday they were working on four active hotspots as they tried to put out fires that ripped through 100,000 acres of forest, villages and far… [+4880 chars]"
https://www.facebook.com/bbcnews,Three killed as Russian bombing of Odesa continues,"In recent days, Russia and Ukraine have launched attacks on each others' infrastructure for shipping goods.",https://www.bbc.co.uk/news/articles/c8929jv8kdzo,2026-07-15T10:17:38Z,"Three people have been killed following an overnight Russian attack on the Black Sea port of Odesa, according to a local official. 
Governor of Odesa region, Oleh Kiper, said the ""massive"" drone and… [+2359 chars]"
Matthew Loh,Russia replaced its once-grand Navy Day parade with a shipless event and a giant poster of a submarine,"As the threat of Ukrainian drone strikes looms, Russia scaled down its Navy Day event to receive Putin with several dozen sailors instead.",https://www.businessinsider.com/russia-replace-navy-day-parade-vladimir-putin-poster-submarine-admiralty-2026-7#article,2026-07-28T05:53:00Z,"Putin is welcomed by about 3 dozen sailors at the scaled-down Navy Day event in 2026.Vyacheslav PROKOFYEV / POOL / AFP via Getty Images
<ul><li>Russia's typically grand Navy Day parade was replaced … [+3403 chars]"
Tim Hardwick,MacBook Ultra OLED Touch Panel to Be Exclusively Supplied by Samsung,"Apple will exclusively rely on Samsung Display for the production of OLED touch panels for its redesigned upcoming MacBook Pro models, according to a new report from Korea-based The Elec.





Citing industry sources, the publication says that the 14-inch and…",https://www.macrumors.com/2026/07/28/macbook-ultra-oled-touch-panel-samsung/,2026-07-28T09:16:08Z,"Apple will exclusively rely on Samsung Display for the production of OLED touch panels for its redesigned upcoming MacBook Pro models, according to a new report from Korea-based The Elec.
Citing ind… [+1101 chars]"
https://www.facebook.com/bbcnews,Danube's record low levels force shutdown of Hungary's only nuclear plant,"Romania, Bulgaria and Serbia are also grappling with the effects of a series of prolonged heatwaves and low rainfall.",https://www.bbc.co.uk/news/articles/cn0nqv05g0do,2026-07-30T17:55:24Z,"Romania's National Institute of Hydrology says the average river flow where the Danube enters the country is 4,700 cubic metres per second in July, whereas on Wednesday it was down to less than a thi… [+907 chars]"
Bruce Gil,Zoox Issues Recall After Heavy Smoke Caused a Robotaxi to Enter an Active Emergency Scene,"If robotaxis are the future, they better prepare for a lot more smoke.",https://gizmodo.com/zoox-issues-recall-after-heavy-smoke-caused-a-robotaxi-to-enter-an-active-emergency-scene-2000787225,2026-07-17T19:35:03Z,"As more robotaxis hit American roads, their limitations are becoming increasingly clear.
Zoox has recalled software used across its fleet of 105 robotaxis over concerns the vehicles may fail to prop… [+3197 chars]"
info@thehackernews.com (The Hacker News),Coordinated Cyberattack Targets 30+ Minnesota Water Systems as One Plant Goes Offline,"A coordinated cyberattack targeted operational technology at more than 30 Minnesota community water systems on July 26 and 27, triggering a statewide cybersecurity response.

Braham, Plymouth, South St. Paul and Maple Plain have publicly described a plant out…",https://thehackernews.com/2026/07/coordinated-cyberattack-targets-30.html,2026-07-29T13:48:36Z,"A coordinated cyberattack targeted operational technology at more than 30 Minnesota community water systems on July 26 and 27, triggering a statewide cybersecurity response.
Braham, Plymouth, South … [+3523 chars]"
John Walker,Backrooms Director Leaps In To Stop A24 Copyright Striking Community Art,Kane Parsons took the production company to task over the fan art takedowns,https://kotaku.com/backrooms-director-kane-parsons-a24-copyright-strike-wallpaper-2000717053,2026-07-17T12:06:11Z,Yesterday we reported the concerning news that movie company A24 appeared to be issuing copyright strikes at Backrooms art that had been created before the 2026 hit movie had even begun production. I… [+2897 chars]
Jake Epstein,Ukraine couldn't stop a Russian ballistic missile barrage. Officials say Patriot interceptors are running out.,Ukrainian officials urged their allies to immediately transfer more high-end Patriot interceptors from stockpiles.,https://www.businessinsider.com/ukraine-didnt-stop-russian-ballistic-missiles-patriot-interceptors-run-low-2026-7#article,2026-07-06T17:26:28Z,"Ukrainian officials said Monday that Kyiv has effectively run out of Patriot interceptors.US Army photo
<ul><li>Russia launched a massive overnight bombardment that included 23 ballistic missiles.</… [+4019 chars]"
"Cormac Campbell - South east reporter, BBC News NI",Man jailed after killing colleague by driving over him twice,"Walter Manley of Loanda Crescent in Newry was sentenced to three years and four months, half of which will be served in custody and half on licence.",https://www.bbc.com/news/articles/c3ry00r5jw0o?xtor=AL-72-%5Bpartner%5D-%5Byahoo.north.america%5D-%5Bheadline%5D-%5Bnews%5D-%5Bbizdev%5D-%5Bisapi%5D,2026-07-08T14:12:53Z,"A man who killed a work colleague by twice driving over him in a telehandler at a biomass facility has been handed a sentence of three years and four months.
Ian McCollum, aged 52, was delivering a … [+3458 chars]"
Passant Rabie,This Startup Wants to Use Space Mirrors to Light Up Earth at Night. Feds Just Said Go Ahead,The startup will begin testing its idea of creating sunlight after dark.,https://gizmodo.com/this-startup-wants-to-use-space-mirrors-to-light-up-earth-at-night-feds-said-go-ahead-2000784980,2026-07-13T20:50:03Z,"California startup Reflect Orbital received clearance to launch its first satellite, aiming to build a constellation to illuminate dark areas with in-space mirrors.
The Federal Communications Commis… [+3188 chars]"
By Joe Brock,Lockheed to make cheaper Patriot interceptors as air defense demand soars,"By Joe Brock FARNBOROUGH, England, July 20 (Reuters) - Lockheed Martin announced a lower-cost Patriot interceptor on Monday as militaries seek cheaper ways t...",https://finance.yahoo.com/technology/articles/lockheed-cheaper-patriot-interceptors-air-060443479.html,2026-07-20T06:10:05Z,"By Joe Brock
FARNBOROUGH, England, July 20 (Reuters) - Lockheed Martin announced a lower-cost Patriot interceptor on Monday as militaries seek cheaper ways to counter drones and missiles, while defe… [+1940 chars]"
Ben Penn,DOJ Closing Abbott Labs Case Spurs Wider Corporate Crime Retreat,"Agency leaders’ shutdown of a long-running case over contaminated baby formula has fueled a broader pullback on corporate prosecutions protecting consumer health, said people familiar with the situation.",https://news.bloomberglaw.com/us-law-week/doj-closing-abbott-labs-case-spurs-wider-corporate-crime-retreat,2026-07-06T14:38:15Z,Justice Department leaders shutdown of a long-running criminal case against Abbott Laboratories over contaminated baby formula has fueled a broader pullback on corporate prosecutions protecting consu… [+5462 chars]
"Davis Winkie, CNN","Iran war heats up while US weapon stocks remain depleted, risking military’s ability to fight future wars","Key US weapons stockpiles remain significantly depleted and will come under even more intense pressure if strikes against Iran continue at the current rate,...",https://www.cnn.com/2026/07/12/politics/us-weapon-stocks-depleted-iran-war,2026-07-12T10:30:26Z,"Key US weapons stockpiles remain significantly depleted and will come under even more intense pressure if strikes against Iran continue at the current rate, as President Donald Trump reiterated Frida… [+5602 chars]"
Giselle Castro-Sloboda,"Tesla Created a $225 Balance Bike for Tots, and It's Already Sold Out",The bike isn't motorized and is completely toddler-powered.,https://www.cnet.com/tech/tesla-225-balance-bike-kids-sold-out/,2026-07-17T17:11:02Z,"Tesla has taken over electric vehicles, solar panels and robotaxis, and now it's targeting bikes for kids. The tech manufacturing giant has developed a $225 balance bike for toddlers with a five-way … [+1539 chars]"
"Jake Epstein,Sinéad Baker",Ukraine's weapons makers fear a costly slowdown after their tech champion was pushed out of the defense ministry,Defense industry sources worry about what Mykhailo Fedorov's dismissal could mean for battlefield innovation at a pivotal moment in the war.,https://www.businessinsider.com/ukraine-arms-makers-fear-slowdown-after-tech-champion-fedorov-dismissal-2026-7,2026-07-20T13:54:40Z,"<ul><li>Volodymyr Zelenskyy dismissed Mykhailo Fedorov, Ukraine's reformist defense minister, last week.
</li><li>The move has caused unease among Ukrainian manufacturers, who praised Fedorov's inno… [+6593 chars]"
"Jack Guy and Pierre Bairin, CNN",Planes scoop up water from River Seine to battle wildfire near Paris,French firefighters are battling a huge blaze in a forest just south of Paris as a devastating heatwave extends its deadly sweep across Europe.,https://www.cnn.com/2026/07/13/europe/europe-heatwave-monday-intl,2026-07-14T09:51:44Z,"French firefighters are battling a huge blaze in a forest just south of Paris as a devastating heatwave extends its deadly sweep across Europe.
More than seven square miles of the Fontainebleau fore… [+4808 chars]"
The Associated Press,Ukraine fires 400 drones toward Moscow as Zelenskyy grapples with protests,"Ukraine fired more than 400 drones toward Moscow in its latest major attack on the Russian capital, the city’s mayor said Monday.  The blitz came hours after...",https://www.yahoo.com/news/world/articles/ukraine-fires-400-drones-toward-083621672.html,2026-07-20T08:36:21Z,"Ukraine fired more than 400 drones toward Moscow in its latest major attack on the Russian capital, the city's mayor said Monday.
The blitz came hours after Russia bombarded Kyiv and other Ukrainian… [+3398 chars]"
"nickodiaz@sbcglobal.net (Nickolas Diaz) , Nickolas Diaz",Worries over a pricier Galaxy S27 might've caused S26 sales to surge for Samsung,"The Galaxy S26 series sees a massive spike in sales in South Korea for Samsung, and it could be due to concerns over its next phone line.",https://www.androidcentral.com/phones/samsung-galaxy/worries-over-a-pricier-galaxy-s27-mightve-caused-s26-sales-to-surge-for-samsung,2026-07-10T18:37:56Z,"What you need to know
<ul><li>Reports claim that the Galaxy S26 series has been shattering Samsung's sales expectations, as the company holds ""Appreciation Events"" and more.</li><li>Sales for the Ga… [+3529 chars]"
Matt Growcoot,Sony and Fujifilm Evacuate Factory Workers as Earthquake Strikes Japan,"Sony and Fujifilm have evacuated workers from their factories in Kumamoto, Japan, which is at the epicenter of a 6.8 magnitude earthquake that struck the country yesterday.
[Read More]",https://petapixel.com/2026/07/29/sony-and-fujifilm-evacuate-factory-workers-as-earthquake-strikes-japan/,2026-07-29T09:45:07Z,"Sony and Fujifilm have evacuated workers from their factories in Kumamoto, Japan, which is at the epicenter of a 6.8 magnitude earthquake that struck the country yesterday. 
Manufacturers and retail… [+2429 chars]"
Victoria Song,Empathy for the optimizers,"This is Optimizer, a weekly newsletter sent from Verge senior reviewer Victoria Song that dissects and discusses the latest gizmos and potions that swear they're going to change your life. Opt in for Optimizer here. Bryan Johnson, best known as the man who wa…",https://www.theverge.com/column/963917/optimizer-bryan-johnson-biohacking-health,2026-07-10T13:27:36Z,"<ul><li></li><li></li><li></li></ul>
Empathy for the optimizers
Clowning on the longevity king is fun, but it ignores why people biohack in the first place.
by
Victoria SongClose
Senior Reviewer… [+10250 chars]"
Thibault Spirlet,"Computer science enrollment fell for the first time in 20 years after ChatGPT's rise, a Stanford economist says",A Stanford economist says AI may be reshaping students' choices as computer science enrollment slows.,https://www.businessinsider.com/computer-science-enrollment-fell-after-chatgpts-rise-economist-says-2026-7#article,2026-07-21T13:09:46Z,"Computer science's two-decade boom may have reached a turning point in the age of AI.Bloomberg/Getty Images
<ul><li>A Stanford economist says computer science enrollment fell for the first time in r… [+3621 chars]"
By Tim Hepher,"Europe's huge wildfires strain waterbomber capacity, aerial firefighting firm Avincis says","(Refiles story to remove erroneous spelling of company name in paragraph 5)  PARIS, July 27 (Reuters) - Europe's largest aerial emergency services firm Avinc...",https://uk.news.yahoo.com/europes-huge-wildfires-strain-waterbomber-155317132.html,2026-07-27T16:19:40Z,"(Refiles story to remove erroneous spelling of company name in paragraph 5)
By Tim Hepher
PARIS, July 27 (Reuters) - Europe's largest aerial emergency services firm Avincis is warning Europe is not… [+3087 chars]"
Tom Nardi,Get a Handle on This Compact Pi Portable,"Between the speed and reliability of modern desktop 3D printers and the abundance of powerful single-board computers, there’s never been a better time to build a personal computing device that …read more",https://hackaday.com/2026/07/09/get-a-handle-on-this-compact-pi-portable/,2026-07-09T15:30:17Z,"Between the speed and reliability of modern desktop 3D printers and the abundance of powerful single-board computers, there’s never been a better time to build a personal computing device that bucks … [+1704 chars]"
By Kate Abnett,"Climate change made 'fire-prone' weather conditions more likely in Spain and France, scientists say","BRUSSELS, July 31 (Reuters) - Human-caused climate change made the extreme weather fuelling wildfires in southwestern France twice as likely, and made the co...",https://www.yahoo.com/news/science/articles/climate-change-made-fire-prone-220139925.html,2026-07-30T22:10:01Z,"By Kate Abnett
BRUSSELS, July 31 (Reuters) - Human-caused climate change made the extreme weather fuelling wildfires in southwestern France twice as likely, and made the conditions driving blazes in… [+2213 chars]"
Joe Harless,"I couldn't find a job for 9 months, so I decided to learn new skills. I'm now assembling electronics with no experience.","I lost my job in public service and have been unemployed ever since. I accepted a position assembling electronic parts, so I'm learning new skills.",https://www.businessinsider.com/unemployed-months-learn-new-skills-2026-7#article,2026-07-15T16:25:03Z,"The author has taken a new job building electronics after months of unemployment.Javier Zayaz/Getty Images
<ul><li>I lost my job in public service nine months ago and have been unemployed ever since… [+3722 chars]"
Matthew Loh,Ukraine's long-range drones have a new war target: Russia's version of the Amazon warehouse,Nearly a dozen drone strikes in recent days have wiped out merchants' inventory stock and forced hundreds of companies to ask for loan restructurings.,https://www.businessinsider.com/wildberries-russia-amazon-ukraine-long-range-drone-strike-tatyana-kim-2026-7#article,2026-07-30T05:05:25Z,"Ukraine has been targeting e-commerce warehouses in major Russian cities, including Moscow and St. Petersburg.AFP via Getty Images
<ul><li>Ukrainian long-range drones have been hitting warehouses be… [+4970 chars]"
Al Jazeera Staff,Nine dead as Russia and Ukraine trade drone and missile salvos,Ukraine is particularly vulnerable to Russian ballistic missiles due to critical shortage of Patriot munitions.,https://www.aljazeera.com/news/2026/7/12/nine-dead-as-russia-and-ukraine-trade-drone-and-missile-salvos,2026-07-12T19:53:03Z,"Russian drones and missiles killed four people in Ukraine overnight, while Ukrainian attacks on Russia and Russian-occupied areas of Ukraine killed five.
Three people were killed in Russian attacks … [+1387 chars]"
By Max Hunder,Russia tries to jam Musk's Starlink systems to counter Ukrainian drones,"By Max Hunder ZAPORIZHZHIA REGION, Ukraine, July 8 (Reuters) - Russian forces are trying to counter Ukrainian ""mid-strike"" drone attacks by camouflaging carg...",https://www.yahoo.com/news/world/articles/russia-tries-jam-musks-starlink-063520831.html,2026-07-08T06:35:20Z,"By Max Hunder
ZAPORIZHZHIA REGION, Ukraine, July 8 (Reuters) - Russian forces are trying to counter Ukrainian ""mid-strike"" drone attacks by camouflaging cargoes and installing powerful jamming syste… [+4926 chars]"
"Shannon K. Kingston, Elise Spenner",Trump and Zelenskyy set to meet at NATO summit in Turkey,The meeting comes as Ukraine faces an urgent ammunition shortfall.,https://abcnews.com/Politics/trump-zelenskyy-set-meet-nato-summit-turkey/story?id=134561170,2026-07-08T09:30:39Z,"Ukraine's President Volodymyr Zelenskyy is expected to make a direct appeal to President Donald Trump during a face-to-face meeting on the sidelines of the NATO summit, asking for help replenishing d… [+4405 chars]"
"Jake Epstein,Robert Leslie",Inside Ukraine's war robot revolution,"Inside Ukraine's robotics revolution, drones, ground robots, and autonomous weapons are rapidly reshaping the war with Russia.",https://www.businessinsider.com/inside-ukraines-war-robot-revolution-2026-7#article,2026-07-16T11:27:01Z,"Ukraine is in the middle of an unprecedented rise in drone innovation.Jake Epstein/Business Insider
Russia's invasion of Ukraine has ignited an unprecedented uncrewed arms race, transforming what be… [+4555 chars]"
Dan Grafham,The Factorio Effect,"Factorio did not predict the AI software factory. It trained the people who would build it, and its mechanics encode the architecture the industry is still fumbling toward. The agent is the item on the belt, not the machine, and that is the trick that dissolv…",https://dangrafham.com/the-factorio-effect,2026-07-04T07:47:05Z,"01 · The Game That Was Training
A generation drilled for a job that did not exist yet.
There is already a thing called the Factorio effect. Ask anyone who has lost a weekend to the game and they wi… [+16628 chars]"
Jake Epstein,"Russia covered its submarines with anti-drone cages to protect against Ukraine's deep strikes, Western intel says",Cages are common on the battlefield to give armored vehicles more protection against drones. They are increasingly used to shield infrastructure.,https://www.businessinsider.com/russia-anti-drone-cages-submarines-black-sea-protect-ukraine-intelligence-2026-7#article,2026-07-03T14:25:18Z,"A Russian Kilo-class submarine.REUTERS/Murad Sezer
<ul><li>Russia equipped multiple submarines at a Black Sea naval base with anti-drone cages.</li><li>Britain said it is ""almost certainly"" a preven… [+2596 chars]"
Mabel Kabani,"The Company Accused of Poisoning Baby Formula Gave Trump $500,000. Then the Criminal Case Was Dropped.","The DOJ is still accusing the company of knowingly failing to follow manufacturing standards. But even though the government's position hasn't really changed, its punishment has.",https://www.jezebel.com/the-company-accused-of-poisoning-baby-formula-gave-trump-500000-then-the-criminal-case-was-dropped,2026-07-09T16:51:03Z,"A company accused of poisoning baby formula from 2021 to 2022 just got the kind of get-out-of-jail-free card that most criminal defendants can only dream about.
In late June, the Justice Department … [+2879 chars]"
Al Jazeera Staff,At least 28 people killed as fire engulfs shoe factory in China,"Beijing demands 'all-out' effort to extinguish the blaze, search for survivors and treat the injured.",https://www.aljazeera.com/news/2026/7/9/at-least-28-people-killed-as-fire-engulfs-shoe-factory-in-china,2026-07-09T15:10:01Z,"At least 28 people have been killed in a fire at a shoe factory in southeastern China, and many are still thought to be trapped inside, according to state media.
The fire broke out about noon (04:00… [+1895 chars]"
David Brennan,"Russian overnight bombardment of Kyiv kills 14, Ukrainian officials say","A large Russian drone and missile strike on Kyiv killed at least 14 people and injured dozens in the Ukrainian capital overnight, the city's mayor said.",https://abcnews.com/International/russian-overnight-bombardment-kyiv-kills-14-ukrainian-officials/story?id=134509281,2026-07-06T08:33:13Z,"LONDON -- A large Russian drone and missile strike on Kyiv killed at least 14 people and injured dozens in the Ukrainian capital and surrounding region overnight, local officials said, with Ukrainian… [+2811 chars]"
Preston Fore,"JPMorgan CEO Jamie Dimon says 300,000 workers are needed to rebuild American shipbuilding—with jobs paying $100,000 without a college degree","The American Dream now runs through the skilled trades, according to Jamie Dimon—and his bank is investing $24 million to ramp up training in Philadelphia.",https://finance.yahoo.com/small-business/articles/jpmorgan-ceo-jamie-dimon-says-150837858.html,2026-07-16T15:08:37Z,"JPMorgan Chase CEO Jamie Dimon warned that the U.S. has fallen dangerously behind on shipbuilding, creating a massive shortage of skilled workersand a lucrative opportunity for young Americans lookin… [+4893 chars]"
Hartley Charlton,Apple Begins Testing Controversial Chinese Memory Chips,"Apple is testing DRAM memory chips from China's state-backed ChangXin Memory Technologies (CXMT), according to a new report from the Financial Times.





Last week, it emerged that Apple was in discussions with CXMT and fellow Chinese chipmaker Yangtze Memor…",https://www.macrumors.com/2026/07/08/apple-begins-testing-controversial-chinese-memory/,2026-07-08T14:18:34Z,"Apple is testing DRAM memory chips from China's state-backed ChangXin Memory Technologies (CXMT), according to a new report from the Financial Times.
Last week, it emerged that Apple was in discussi… [+3143 chars]"
Luke James,"Intel's big $5 billion bet on Ireland aims to right the wrongs of the cancelled Magdeburg, Germany complex — Fab 34's proven pipeline and Intel 3 node should help the company meet insatiable HPC demand",The announcement comes just shy of a year after CEO Lip-Bu Tan cancelled Intel's planned €30 billion fab complex in Germany and a €4.6 billion assembly and test plant in Poland.,https://www.tomshardware.com/tech-industry/intel-commits-5-7-billion-to-ireland-one-year-after-cancelling-its-german-and-polish-fab-projects,2026-07-15T11:20:00Z,"Intel announced a €5 billion ($5.7 billion) investment on Monday to expand chip production at its Leixlip campus in County Kildare, Ireland, upgrading existing fabs to increase output of Intel 3 wafe… [+5822 chars]"
The Associated Press,8 killed and more than 60 wounded in Ukrainian drone attack on Russian regions,"Eight people were killed and more than 60 others were wounded in Russia by overnight Ukrainian drone attacks, Russian officials said Saturday.  Kyiv's forces...",https://www.yahoo.com/news/world/articles/7-killed-more-50-wounded-085617346.html,2026-07-18T08:56:17Z,"Eight people were killed and more than 60 others were wounded in Russia by overnight Ukrainian drone attacks, Russian officials said Saturday.
Kyiv's forces are continuing their relentless aerial ca… [+2456 chars]"
Elise Spenner,Experts say Trump's plan to license Patriot missiles for Ukraine could take years,"""These things aren't like flipping on a light switch,"" one expert told ABC News.",https://abcnews.com/Politics/experts-trumps-plan-license-patriot-missiles-ukraine-years/story?id=134623702,2026-07-09T21:54:24Z,"Defense experts cautioned President Donald Trump's offer to license Ukraine to produce Patriot missiles would take years to materialize, doing little to address its immediate needs.
""The problem is … [+6920 chars]"
"Ariel Cohen, Contributor, 
 Ariel Cohen, Contributor
 https://www.forbes.com/sites/arielcohen/",Beyond Oil: Disruption In Hormuz Spells Trouble For Global Markets,The Strait of Hormuz controls far more than oil. Manufacturers worldwide are about to feel the effects of the struggle for free passage in Hormuz.,https://www.forbes.com/sites/arielcohen/2026/07/07/beyond-oil-disruption-in-hormuz-spells-trouble-for-global-markets/,2026-07-07T14:55:01Z,"Machinery at Yara International ASA's 24-megawatt plant for renewable hydrogen production at the company's Heroya industrial facility in Porsgrunn, Norway, on Monday, June 10, 2024. Europe's largest … [+8735 chars]"
Hartley Charlton,The MacRumors Show: Latest iPhone 18 Pro Leaks and Rumors,"On this week's episode of The MacRumors Show, we discuss the latest leaks and rumors surrounding the iPhone 18 Pro. 




Subscribe to The MacRumors Show YouTube channel for more videos



Tata Electronics, one of Apple's manufacturing partners in India, was …",https://www.macrumors.com/2026/07/03/the-macrumors-show-latest-iphone-18-pro-rumors/,2026-07-03T16:13:58Z,"On this week's episode of The MacRumors Show, we discuss the latest leaks and rumors surrounding the iPhone 18 Pro. 
Tata Electronics, one of Apple's manufacturing partners in India, was hit by a ra… [+3895 chars]"
Efosa Udinmwen,"Temu Tomahawk shows Ukraine is rapidly turning into China for the US Military, and that's a good thing",Ukraine's affordable missile production is challenging Western defense economics while creating industrial partnerships that could reshape future military manufacturing.,https://www.techradar.com/pro/temu-tomahawk-shows-ukraine-is-rapidly-turning-into-china-for-the-us-military-and-thats-a-good-thing,2026-07-23T20:20:00Z,<ul><li>Flamingo delivers longer range while costing roughly half as much</li><li>Cheap missiles are forcing expensive defense strategies to evolve rapidly</li><li>Ukraine's defense industry is becom… [+3997 chars]
Lauren Edmonds,America's largest labor movement congratulates Taylor Swift and Travis Kelce: 'It's better in a union',"Taylor Swift is a member of the American Federation of Musicians and SAG-AFTRA, while Travis Kelce is a member of the NFL Players Association.",https://www.businessinsider.com/taylor-swift-travis-kelce-wedding-largest-labor-union-msg-2026-7#article,2026-07-04T15:52:35Z,"Travis Kelce and Taylor Swift got married at Madison Square Garden on Friday.Kevin Mazur/Kevin Mazur/Getty Images for iHeartRadio
<ul><li>Taylor Swift and Travis Kelce were married at Madison Square… [+3149 chars]"
Bruce Gil,Apple’s Lawsuit Against OpenAI Sparks Another Musk-Altman Online Spat,The Silicon Valley billionaires are fighting again.,https://gizmodo.com/apples-lawsuit-against-openai-sparks-another-musk-altman-online-spat-2000784826,2026-07-13T16:30:14Z,"OpenAI co-founders-turned-rivals Elon Musk and Sam Altman traded several jabs on X over the weekend. While the two have gone back and forth online plenty of times before, this latest spat was prompte… [+4055 chars]"
,How Amsterdam invented the fire department,Two Dutch brothers invented a system that transformed a city previously ravaged by fires,https://worksinprogress.co/issue/how-amsterdam-invented-the-fire-department/,2026-07-03T22:46:18Z,"In the seventeenth century, Amsterdam was likely the wealthiest city in the world. Global trade and local industry financed its artistic masterpieces and furnished the abundant foods and household go… [+12333 chars]"
Thibault Spirlet,"Computer science enrollment fell for the first time in 20 years after ChatGPT's rise, a Stanford economist says",A Stanford economist says AI may be reshaping students' choices as computer science enrollment slows.,https://www.businessinsider.com/computer-science-enrollment-fell-after-chatgpts-rise-economist-says-2026-7,2026-07-21T13:09:17Z,"<ul><li>A Stanford economist says computer science enrollment fell for the first time in roughly two decades.
</li><li>Jacob Light's study links the slowdown to AI's rise, but stops short of saying … [+3533 chars]"
Nick Lichtenberg,China is using the steel playbook on AI—and America’s tech billionaires are standing in the blast zone,Scott Galloway thinks it’s “modern-day steel dumping.” Here’s a look at what he means.,https://finance.yahoo.com/technology/ai/articles/china-using-steel-playbook-ai-070000942.html,2026-07-27T07:00:00Z,"America's new Gilded Age rhymes with its last in so many ways, perhaps none more so than through its oligarchs and billionaires, with the role of steel being played today by artificial intelligence.… [+4871 chars]"
Marcus Mendes,Report: Apple and Micron clash before Trump over Chinese memory chips,The Wall Street Journal reports that Micron is pressing the Trump administration to block Apple’s push to use memory chips from Chinese suppliers. Here are the details.,https://9to5mac.com/2026/07/24/report-apple-and-micron-clash-before-trump-over-chinese-memory-chips/,2026-07-25T02:03:00Z,"The Wall Street Journal reports that Micron is pressing the Trump administration to block Apples push to use memory chips from Chinese suppliers. Here are the details.
Last month, just before Apple … [+4557 chars]"
Maya Posch,A Look Inside a 1997 BBC Ceefax Generator,"Ceefax was the BBC’s broadcast teletext service that ran until 2012, providing text and rudimentary graphics that were broadcast invisibly with the TV signal. In order to get this teletext …read more",https://hackaday.com/2026/07/11/a-look-inside-a-1997-bbc-ceefax-generator/,2026-07-11T08:00:57Z,"Ceefax was the BBC’s broadcast teletext service that ran until 2012, providing text and rudimentary graphics that were broadcast invisibly with the TV signal. In order to get this teletext data merge… [+1832 chars]"
Gayoung Lee,Volcanoes Started Earth’s ‘Great Dying.’ This Unexpected Plant Made It Worse,"Sometimes, the most unexpected combinations can drive the worst natural disasters.",https://gizmodo.com/volcanoes-started-earths-great-dying-this-unexpected-plant-made-it-worse-2000789352,2026-07-22T20:20:14Z,"Some 200 million years ago, dramatic changes in climate and geology drove the extinction of approximately 80% of species on Earth. This hectic time in Earths history, the end-Triassic mass extinction… [+4403 chars]"
Ash Parrish,Xbox User Got His Baby Pictures Back But Says The Process Felt ‘A Little Bit Shady’,"Joshua Khane says that if his post hadn't blown up, he wouldn't have gotten his digital library restored",https://kotaku.com/xbox-baby-pictures-restored-digital-ownership-2000717163,2026-07-17T17:30:29Z,"Joshua Khane has had his digital library restored, returning to him his Xbox games and, most importantly, his baby pictures. Earlier this week, the streamer made a post on X, sharing that his Microso… [+1916 chars]"
Reuters,China aims to spur consumption in first five-year blueprint,"BEIJING, July 13 (Reuters) - China will aim for annual retail sales of around 60 trillion yuan ($9 trillion) by 2030 under its first five-year plan focusing...",https://finance.yahoo.com/economy/policy/articles/china-aims-retail-sales-around-092836691.html,2026-07-13T12:27:52Z,"BEIJING, July 13 (Reuters) - China will aim for annual retail sales of around 60 trillion yuan ($9 trillion) by 2030 under its first five-year plan focusing on consumption, implying a slowdown in yea… [+2693 chars]"
Matthew Loh,Ukraine's long-range drones have a new war target: Russia's version of the Amazon warehouse,Nearly a dozen drone strikes in recent days have wiped out merchants' inventory stock and forced hundreds of companies to ask for loan restructurings.,https://www.businessinsider.com/wildberries-russia-amazon-ukraine-long-range-drone-strike-tatyana-kim-2026-7,2026-07-30T05:05:25Z,"<ul><li>Ukrainian long-range drones have been hitting warehouses belonging to a Russian e-commerce giant.
</li><li>About 10 such facilities have been hit in recent days, with at least 9 people kille… [+4916 chars]"
Kyle Barr,Nintendo Makes It Clear You Were Never Going to Get a Tariff Refund,Trump’s tariffs and RAM prices mean you shouldn't expect gaming will get any cheaper.,https://gizmodo.com/nintendo-makes-it-clear-you-were-never-going-to-get-a-tariff-refund-2000788452,2026-07-21T15:30:36Z,Nintendo doesnt believe customers deserve a cut of Trump’s boneheaded tariff scheme. The Mario maker made it clear in a recent legal filing that it doesnt believe you deserve any money back on spiked… [+3256 chars]
Antuan Goodwin,Rivian Sues US Government for Tariff Refund,The EV maker says a Supreme Court ruling striking down “Liberation Day” tariffs isn’t enough — it wants a guaranteed refund with interest.,https://www.cnet.com/home/electric-vehicles/rivian-sues-us-government-for-tariff-refund/,2026-07-27T23:26:06Z,American electric truck and SUV manufacturer Rivian filed a lawsuit against the US government last week to claw back tariffs paid under President Donald Trump’s “Liberation Day” trade policy tariffs … [+3385 chars]
Peter Gelling,"Senate powerhouse Lindsey Graham has died. Here's how he influenced corporate taxes, foreign trade, and defense.","Sen. Lindsey Graham served more than 30 years in Congress. The powerful lawmaker helped influence corporate tax, tariffs, and defense policy.",https://www.businessinsider.com/lindsey-graham-views-policies-corporate-tax-defense-spending-trade-tariffs-2026-7#article,2026-07-12T16:58:09Z,"Sen. Lindsey Graham waits to begin a hearing on Capitol Hill in Washington, DC.Pool/Getty Images
<ul><li>Sen. Lindsey Graham died on Sunday at the age of 71.</li><li>The senator's office confirmed h… [+6174 chars]"
The Associated Press,Trump to impose double-digit tariffs on dozens of countries,"The United States will slap taxes of 10% to 12.5% on imports from 60 countries accounting for 99% of U.S. imports, charging that they have inadequately enforced bans on goods produced by forced labor.",https://www.npr.org/2026/07/23/g-s1-135388/trump-tariffs-trade-country,2026-07-23T22:06:50Z,WASHINGTON President Donald Trump is going ahead with new double-digit tariffs on dozens of U.S. trading partners just as the clock runs out Friday on stopgap levies he imposed after a stinging defea… [+6366 chars]
Alex Valdes,US Sanctions First VPN in Crackdown on Ransomware Criminals,European authorities dismantled the VPN service in May following a yearslong investigation.,https://www.cnet.com/tech/services-and-software/us-treasury-sanctions-first-vpn-service-1vpns-ransomware/,2026-07-16T15:13:00Z,"The US Department of the Treasury this week sanctioned First VPN Service, saying it enabled cybercriminals to launch ransomware attacks against American companies and institutions. 
The Office of Fo… [+4330 chars]"
Webb Wright,White House Denies Giving OpenAI ‘Green Light’ to Publicly Release Its Latest Model,"The Trump administration insists the power to release new AI models rests entirely with the companies, even as its been wrapping OpenAI and Anthropic in bureaucratic red tape.",https://gizmodo.com/white-house-denies-giving-openai-green-light-to-publicly-release-its-latest-model-2000782955,2026-07-08T15:40:48Z,"There seems to be some confusion around who has the authority to approve the release of new AI models in the United States.
OpenAI announced in an X post on Tuesday night that its latest model, GPT-… [+3234 chars]"
Kelsey Vlamis,"Trump wants Canada to pay more tariffs for the 'filthy, polluted, and unhealthy' wildfire smoke","Trump blamed Canada for wildfire smoke and called for more tariffs, accusing the country of mismanaging its forests.",https://www.businessinsider.com/trump-blames-canada-for-wildfire-smoke-threatens-new-tariffs-2026-7#article,2026-07-17T20:31:29Z,"Trump blamed Canada for the wildfire smoke and threatened additional tariffs.SAUL LOEB / AFP via Getty Images
<ul><li>Trump blamed Canada for the wildfire smoke that has wafted into the northern US.… [+1699 chars]"
NPR Staff,US allies hit with new tariffs object to Trump's forced labor claims,Australia and the European Union were among U.S. trade partners who condemned the tariffs.,https://www.npr.org/2026/07/24/nx-s1-5906301/us-global-trump-tariffs-reaction,2026-07-24T10:31:08Z,"Many of America's key allies on Friday criticized the U.S. administration's new tariffs against them, after President Trump renewed the tax on more than 60 countries just as the previous tariffs expi… [+2748 chars]"
Rafael Nam,Trump is hellbent on tariffs. Here are 5 implications,Trump's determination to find new legal justifications for his tariffs threatens to prolong the uncertainty facing the U.S. and global economies.,https://www.npr.org/2026/07/25/nx-s1-5905692/trump-tariffs-economy-inflation,2026-07-25T09:00:00Z,"President Trump's second term has been marked by intense economic uncertainty, from the war with Iran to tensions with countries around the world and there appears to be no reprieve coming.
The Whit… [+5785 chars]"
,Americanswers… on 5 Live! Is Donald Trump serious about running for a third term?,"And, why is the US-Saudi nuclear deal splitting the Republican Party?",https://www.bbc.co.uk/sounds/play/p0p15555?at_campaign=rss,2026-07-27T19:29:00Z,"Available for over a year
Donald Trump joked at the White House Correspondents Dinner that he would run for a fourth term as president before taking out a red hat with the words 'TRUMP 2028' on it. … [+2684 chars]"
Scott Horsley,What a Monopoly importer learned when it tried to make things in the U.S.A.,"After getting hit with tariffs for the imported board games he sells, Jonathan Silva decided to see if he could produce a version of his Monopoly game in the United States. This is what he learned.",https://www.npr.org/2026/07/12/nx-s1-5887378/monopoly-tariffs-china-manufacturing-made-inusa,2026-07-12T09:00:00Z,"The board game Monopoly has always taught some important economic lessons: The benefits of owning real estate. The profit potential of railroad mergers. The value of a get-out-of-jail-free card. 
No… [+3513 chars]"
Katherine Li,Trump threatens the EU with fresh tariffs over its regulatory clash with Silicon Valley,"Trump said he is planning a trade probe into the EU for ""taking direct aim"" at American tech companies like Google, paving the way for new tariffs.",https://www.businessinsider.com/trump-threatens-eu-with-fresh-tariffs-over-fines-on-google-2026-7#article,2026-07-24T18:59:56Z,"Donald Trump said he plans a trade probe into the EU over fines against Google and other US tech firms like Meta.Andrew Harnik/Getty Images
<ul><li>Donald Trump plans a trade probe into the EU over … [+2247 chars]"
,Bessent warns China could face sanctions over AI IP theft,,https://consent.yahoo.com/v2/collectConsent?sessionId=1_cc-session_6ed76212-0422-4f54-b8bd-11895fa05859,2026-07-21T15:56:11Z,"If you click 'Accept all', we and our partners, including 250 who are part of the IAB Transparency &amp; Consent Framework, will also store and / or access information on a device (in other words, us… [+1046 chars]"
Michel Martin,Morning news brief,"U.S.-Iran strikes escalate, affecting global energy markets, Trump imposes double-digit tariffs on dozens of countries, Vigil held in Madison, Wisconsin, for man killed by police.",https://www.npr.org/2026/07/24/nx-s1-5895986/morning-news-brief,2026-07-24T08:45:17Z,"U.S.-Iran strikes escalate, affecting global energy markets, Trump imposes double-digit tariffs on dozens of countries, Vigil held in Madison, Wisconsin, for man killed by police."
Reuters,EU imposes sanctions on Russians over human rights and cybercrime,July 13 (Reuters) - The European Union on Monday broadened sanctions against Russia to include individuals and entities responsible for cybercrime and human...,https://ca.news.yahoo.com/eu-imposes-sanctions-russians-over-134342649.html,2026-07-13T13:48:03Z,"July 13 (Reuters) - The European Union on Monday broadened sanctions against Russia to include individuals and entities responsible for cybercrime and human rights violations, naming popular social m… [+1148 chars]"
,Bipartisan senators announce agreement with Trump administration on Russia sanctions,,https://consent.yahoo.com/v2/collectConsent?sessionId=1_cc-session_909a6fb5-0100-4ca8-b89a-2cbe6b783dab,2026-07-10T20:40:32Z,"If you click 'Accept all', we and our partners, including 249 who are part of the IAB Transparency &amp; Consent Framework, will also store and / or access information on a device (in other words, us… [+1046 chars]"
By Lisandra Paraguassu,"Brazil readies 'tough' retaliation to new Trump tariffs, sources say","By Lisandra Paraguassu BRASÍLIA, July 16 (Reuters) - Brazil's government convened top ministers and staff at the presidential palace on Thursday to prepare t...",https://www.yahoo.com/news/articles/brazil-readies-tough-retaliation-trump-185743162.html,2026-07-16T18:57:43Z,"By Lisandra Paraguassu
BRASÍLIA, July 16 (Reuters) - Brazil's government convened top ministers and staff at the presidential palace on Thursday to prepare the country's response to Washington's lat… [+2041 chars]"
,Chinese car sales in Mexico surge despite new tariffs,,https://consent.yahoo.com/v2/collectConsent?sessionId=1_cc-session_f0a91ba6-c377-4e91-ba62-9502a449a594,2026-07-20T10:09:28Z,"If you click 'Accept all', we and our partners, including 250 who are part of the IAB Transparency &amp; Consent Framework, will also store and / or access information on a device (in other words, us… [+1046 chars]"
https://www.facebook.com/bbcnews,ICC top prosecutor removed over sexual misconduct allegations,Karim Khan denies allegations of engaging in an improper sexual relationship with a junior ICC staff member and seeking to stop her pursuing her complaint.,https://www.bbc.co.uk/news/articles/cqjxddx12qqo,2026-07-24T19:57:04Z,"Members of the International Criminal Court (ICC) have voted to dismiss Karim Khan as chief prosecutor for alleged sexual misconduct.
Elected the ICC's third prosecutor in 2021, Khan was suspended l… [+3619 chars]"
Eric Boehm,Trump's New 50% Tariff on Canadian Goods Is Actually an Admission That Trade Wars Don't Work,"The trade war caused exports to Canada to fall. Now, Trump is pointing to that fact to justify more tariffs.",https://finance.yahoo.com/economy/policy/articles/trumps-50-tariff-canadian-goods-160531267.html,2026-07-21T16:05:31Z,"Shortly after the Trump administration announced massive new tariffs on some Canadian imports on Monday, the White House's official X account made a telling statement about the policy.
""Canada impos… [+4799 chars]"
Eleanor Mueller,Trump ducks Supreme Court with new tariffs,The levies replace tariffs that expired on Friday.,https://www.semafor.com/article/07/23/2026/trump-ducks-supreme-court-with-new-tariffs,2026-07-24T16:33:46Z,"The News
The Trump administration rolled out a fresh batch of tariffs that took effect when a prior round lapsed at midnight, effectively replacing the global levies the Supreme Court struck down ea… [+1790 chars]"
Marco Quiroz-Gutierrez,"After the Supreme Court killed his first tariffs, Trump turns to a new legal workaround to impose 25% tariffs on Brazil and possibly others",Trump’s tariff program has gone from generating billions to forcing billions in refunds thanks to February's Supreme Court ruling.,https://finance.yahoo.com/economy/policy/articles/supreme-court-killed-first-tariffs-212852588.html,2026-07-17T21:28:52Z,"President Donald Trump's sweeping tariffs were supposed to raise billions of dollars in government revenue while reviving American manufacturing. Instead, after a Supreme Court ruling forced the Trum… [+5450 chars]"
Sasha Rogelberg,Trump has created a ‘trickle up’ tariff economy that means U.S. companies aren’t done hiking consumer prices over import taxes,The Federal Reserve of New York found that nearly half of service firms and manufacturers anticipated raising prices as a result of tariffs.,https://finance.yahoo.com/economy/policy/articles/trump-created-trickle-tariff-economy-070000981.html,2026-07-09T07:00:00Z,"President Donald Trump isn't done implementing this tariff policy, and U.S. companies aren't done raising prices in response.
Businesses are still adjusting prices to account for levies and the ongo… [+4054 chars]"
MICHAEL CASEY,US citizen is found guilty of helping export tech to Iran in violation of sanctions,A Massachusetts man was found guilty Monday of conspiring to unlawfully export electronic components to Iran in violation of U.S. sanctions.  Mahdi Mohammad...,https://www.yahoo.com/news/us/articles/us-citizen-found-guilty-helping-151232611.html,2026-07-13T15:12:32Z,"BOSTON (AP) A Massachusetts man was found guilty Monday of conspiring to unlawfully export electronic components to Iran in violation of U.S. sanctions.
Mahdi Mohammad Sadeghi, who worked at the glo… [+3923 chars]"
Associated Press,EU targets Russian intelligence officers accused of running a yearslong cyber spying campaign,"The European Union on Monday imposed sanctions on Russian military intelligence officers, hackers and private companies, denouncing what it called a yearslon...",https://www.yahoo.com/news/world/articles/eu-targets-russian-intelligence-officers-093256863.html,2026-07-13T09:32:56Z,"BRUSSELS (AP) The European Union on Monday imposed sanctions on Russian military intelligence officers, hackers and private companies, denouncing what it called a yearslong cyber espionage campaign t… [+1793 chars]"
Andrew Romano,Trump just announced new tariffs on dozens of countries. Here's what they'll mean for you.,These seven charts show how the president's sweeping tariffs are affecting the economy.,https://www.yahoo.com/news/us/article/trump-just-announced-new-tariffs-on-dozens-of-countries-heres-what-theyll-mean-for-you-231224777.html,2026-07-23T23:12:24Z,"The Trump administration announced new double-digit tariffs on about 60 trading partners on Thursday, just as the temporary 10% duty that President Trump previously imposed on nearly all global impor… [+7474 chars]"
Kelsey Vlamis,I'm a small-business owner who paid thousands in tariff fees. I've given up on the idea of getting any of it refunded.,"Marc Bowker, who sells comic books and action figures, says he paid thousands in tariff fees but doesn't expect to see any refunds.",https://www.businessinsider.com/small-business-owner-paid-thousands-tariffs-given-up-refunds-2026-7#article,2026-07-13T07:36:01Z,"Marc Bowker said he's paid thousands of dollars in tariff fees but does not expect to receive any refunds.Marc Bowker
<ul><li>A small-business owner says he doesn't expect to get refunds for the tar… [+4541 chars]"
Faisal Islam - Economics editor,Faisal Islam: The UK's Trump trade deal no longer looks world-beating,"While the US tariffs imposed on the UK are effectively unchanged, other countries now have a better deal.",https://www.bbc.com/news/articles/c9v4ymwddwgo?xtor=AL-72-%5Bpartner%5D-%5Byahoo.north.america%5D-%5Bheadline%5D-%5Bnews%5D-%5Bbizdev%5D-%5Bisapi%5D,2026-07-24T14:14:36Z,"It has been a long road for President Donald Trump as he looks for a justification to erect a tariff wall around the US, including against key allies.
From the opioid crisis to illegal migration, th… [+3613 chars]"
"Lily Hay Newman, Matt Burgess",EU Politicians Investigated Pegasus Spyware. Then It Ended Up on One of Their Phones,"“It is a direct attack on the rule of law,” says one European Parliament member of the new findings from Citizen Lab.",https://www.wired.com/story/eu-politicians-investigated-pegasus-spyware-then-it-ended-up-on-one-of-their-phones/,2026-07-03T05:00:00Z,"The research stops short of naming any government that may have used Pegasus against Kouloglou, noting in particular that it found no indication of Greek government involvement. But Citizen Lab does … [+3549 chars]"
,Here's what Trump's sweeping new tariffs mean for your pocketbook,,https://consent.yahoo.com/v2/collectConsent?sessionId=1_cc-session_cd7796cd-8f1c-47f5-973b-41c104d57dfa,2026-07-24T19:22:52Z,"If you click 'Accept all', we and our partners, including 250 who are part of the IAB Transparency &amp; Consent Framework, will also store and / or access information on a device (in other words, us… [+1046 chars]"
,Trump offers to lift sanctions on Turkey that could lead to F-35 jet sales,,https://consent.yahoo.com/v2/collectConsent?sessionId=1_cc-session_6277e4c8-6bea-431a-8405-61383c6ec5f0,2026-07-07T14:37:23Z,"If you click 'Accept all', we and our partners, including 249 who are part of the IAB Transparency &amp; Consent Framework, will also store and / or access information on a device (in other words, us… [+1046 chars]"
,UK sanctions Russian labs and people over chemical weapons used on Navalny and Skripal,,https://consent.yahoo.com/v2/collectConsent?sessionId=1_cc-session_c06545e2-741b-42b0-a533-8dab07f9d434,2026-07-06T12:50:55Z,"If you click 'Accept all', we and our partners, including 249 who are part of the IAB Transparency &amp; Consent Framework, will also store and / or access information on a device (in other words, us… [+1046 chars]"
ABC NEWS,Trump slaps additional 50% tariff on certain Canadian goods,The Trump administration is slapping an additional 50% tariffs on certain Canadian goods imported into the U.S.,https://abcnews.com/Politics/trump-slaps-additional-50-tariff-canadian-goods/story?id=134929955,2026-07-20T21:12:03Z,"The Trump administration announced Monday it will hit Canada with an additional 50% tariff on certain goods imported into the United States.
This is a developing story. Please check back for updates."
By David Lawder,Trump to impose 'forced labor' duties on Friday as temporary 10% US tariffs expire,"By David Lawder July 23 (Reuters) - The Trump administration on Friday will impose new tariffs of 10% and 12.5% on goods from 60 trading partners, including...",https://finance.yahoo.com/economy/policy/articles/trump-impose-forced-labor-duties-211025284.html,2026-07-24T01:33:46Z,"By David Lawder
July 23 (Reuters) - The Trump administration on Friday will impose new tariffs of 10% and 12.5% on goods from 60 trading partners, including the European Union, over allegations of l… [+5733 chars]"
Megan Messerly and Daniel Desrochers,‘We’re getting into an ugly phase’: Trump’s new tariffs are angering voters and US allies alike,The Trump administration is once again threatening to impose high tariffs. White House allies worry it’s undercutting the GOP’s affordability message.,https://www.yahoo.com/news/politics/articles/were-getting-into-an-ugly-phase-trumps-new-tariffs-are-angering-voters-and-us-allies-alike-094500219.html,2026-07-23T09:45:00Z,"Tariffs are back and they couldn't come at a worse time for the GOP.
Some Republicans fear the eye-popping new levies President Donald Trump threatened to slap on Canada and generic drug makers this… [+7188 chars]"
Jessica Murphy - Canada digital editor,'Everything on the table' including retaliation as Canada plans response to US tariffs,Prime Minister Mark Carney says trade talks with Washington are intensifying ahead of the new US tariffs coming into effect in August.,https://www.bbc.com/news/articles/cgmkye80xg1o?xtor=AL-72-%5Bpartner%5D-%5Byahoo.north.america%5D-%5Bheadline%5D-%5Bnews%5D-%5Bbizdev%5D-%5Bisapi%5D,2026-07-24T13:58:38Z,"Canadian Prime Minister Mark Carney says ""everything is on the table depending on the outcome of the negotiations"" as the country's trade dispute with the US heats up.
Carney's comments come after h… [+2726 chars]"
,"Trump imposes 50% tariffs on dairy, alcohol, and cars from Canada",,https://consent.yahoo.com/v2/collectConsent?sessionId=1_cc-session_f320a358-2f5f-4056-9bb3-055bba1460ee,2026-07-20T21:52:50Z,"If you click 'Accept all', we and our partners, including 250 who are part of the IAB Transparency &amp; Consent Framework, will also store and / or access information on a device (in other words, us… [+1046 chars]"
,"Trump imposes 50% tariffs on Canadian goods, citing disputes over autos, alcohol and cheese",,https://consent.yahoo.com/v2/collectConsent?sessionId=1_cc-session_c60bd018-f594-4342-8bca-9c3f48b039af,2026-07-20T21:01:43Z,"If you click 'Accept all', we and our partners, including 250 who are part of the IAB Transparency &amp; Consent Framework, will also store and / or access information on a device (in other words, us… [+1046 chars]"
JIM MORRIS,"Trump's tariff threat could impact Canadian economy but may be negotiation tactic, experts say",The U.S. threat of 50% tariffs on Canadian goods will have a ripple effect on the country’s economy but also could be a negotiation tactic by the U.S. admini...,https://finance.yahoo.com/economy/policy/articles/trumps-tariff-threat-could-impact-231544457.html,2026-07-22T23:15:44Z,"VANCOUVER, British Columbia (AP) The U.S. threat of 50% tariffs on Canadian goods will have a ripple effect on the country's economy but also could be a negotiation tactic by the U.S. administration,… [+3634 chars]"
John Walker,Nintendo Says It Doesn’t Owe Customers Anything After Increasing Switch Prices For Tariffs It Didn’t Have To Pay,The Japanese company has filed for a U.S.-based class action lawsuit to be dismissed,https://kotaku.com/nintendo-switch-2-price-class-action-lawsuit-trump-tariffs-2000717971,2026-07-21T11:55:04Z,"Back in April we learned that a group of Nintendo customers were launching a class action suit against the Switch maker, claiming they are now owed money after Nintendo increased hardware prices in r… [+2744 chars]"
WILL WEISSERT,"Trump is set to defend his economic policies in Michigan, where new Canadian tariffs may sting","President Donald Trump plans to tout his handling of the economy during a visit to suburban Detroit on Monday, defending sweeping tariffs in a swing state wh...",https://www.yahoo.com/news/politics/articles/trump-set-defend-economic-policies-104718656.html,2026-07-27T10:47:18Z,"MILFORD, Mich. (AP) President Donald Trump plans to tout his handling of the economy during a visit to suburban Detroit on Monday, defending sweeping tariffs in a swing state where their effects have… [+5499 chars]"
Associated Press,China slaps export controls on 14 EU entities in retaliation for Russia-related sanctions,China announced on Friday it was adding 14 European entities to an export control list in retaliation for the European Union penalizing 14 Chinese enterprise...,https://www.yahoo.com/news/world/articles/china-slaps-export-controls-14-102737750.html,2026-07-24T10:27:37Z,BEIJING (AP) China announced on Friday it was adding 14 European entities to an export control list in retaliation for the European Union penalizing 14 Chinese enterprises as part of its latest round… [+1326 chars]
Tyler August,"MicroPython is this Summer’s Hottest Title for the SNES, Thanks to Claude Fable","MicroPython, for the uninitiated, is a pared-down version of python meant to run on today’s powerful microcontollers. As impressive as it was for its day, the SNES is not quite in their leage…",https://hackaday.com/2026/07/11/micropython-is-this-summers-hottest-title-for-the-snes-thanks-to-claude-fable/,2026-07-11T20:00:04Z,"MicroPython, for the uninitiated, is a pared-down version of python meant to run on today’s powerful microcontollers. As impressive as it was for its day, the SNES is not quite in their leage in term… [+1734 chars]"
Reuters,IEA cuts Russian oil output forecasts on Ukrainian attacks,"MOSCOW, July 10 (Reuters) - Russian oil output will decline by about 3% to 8.9 million barrels per day this year because of Ukrainian drone attacks on energy...",https://www.yahoo.com/news/articles/iea-cuts-russian-oil-output-114431497.html,2026-07-10T11:44:31Z,"MOSCOW, July 10 (Reuters) - Russian oil output will decline by about 3% to 8.9 million barrels per day this year because of Ukrainian drone attacks on energy infrastructure, the International Energy … [+2133 chars]"
JIM MORRIS,Prime Minister Carney says Canada is ready to respond if Trump's new tariffs go into effect,Prime Minister Mark Carney said Thursday that Canada is intensifying negotiations with the United States to reach a comprehensive trade deal but is prepared...,https://www.yahoo.com/news/politics/articles/prime-minister-carney-says-canada-220611565.html,2026-07-23T22:06:11Z,"VANCOUVER, British Columbia (AP) Prime Minister Mark Carney said Thursday that Canada is intensifying negotiations with the United States to reach a comprehensive trade deal but is prepared to respon… [+3593 chars]"
"Max Zahn, Isabella Murray",Trump set to impose sweeping tariffs on 60 trade partners,The tariff closely resembles a proposal issued in June.,https://abcnews.com/Business/trump-set-impose-sweeping-tariffs-60-trade-partners/story?id=135020049,2026-07-23T22:19:14Z,"President Donald Trump's administration is set to impose sweeping tariffs on 60 trading partners, including the European Union, according to a notice from U.S. Trade Representative Jamieson Greer's o… [+475 chars]"
JOSH BOAK,"Trump says Walmart cut prices at his request, but Walmart statement omits administration's role","President Donald Trump on Monday sought to take credit for recent price cuts by Walmart, but a statement by the retailer made no mention of the administratio...",https://www.yahoo.com/news/politics/articles/trump-says-walmart-cut-prices-224834895.html,2026-07-06T22:48:34Z,"WASHINGTON (AP) President Donald Trump on Monday sought to take credit for recent price cuts by Walmart, but a statement by the retailer made no mention of the administration's involvement in its dec… [+2555 chars]"
Max Zahn,What Trump's sweeping new tariffs mean for your wallet,Trump's levies on more than 80 countries took effect on Friday.,https://abcnews.com/Business/trumps-sweeping-new-tariffs-wallet/story?id=135050974,2026-07-27T16:30:06Z,"President Donald Trump's new round of sweeping tariffs on more than 80 countries took effect on Friday, ratcheting up an effort to reconstruct levies struck down by the Supreme Court earlier this yea… [+5285 chars]"
,The Latest: Trump praises his sweeping tariffs while in Michigan for a speech on the economy,,https://consent.yahoo.com/v2/collectConsent?sessionId=1_cc-session_6e094890-a2a0-4a69-ae79-ff2d3a807815,2026-07-27T12:58:06Z,"If you click 'Accept all', we and our partners, including 250 who are part of the IAB Transparency &amp; Consent Framework, will also store and / or access information on a device (in other words, us… [+1046 chars]"
"Fritz Farrow, Isabella Murray, Sarah Kolinovsky, Lalee Ibssa","Trump says he'll consider giving Turkey F-35 jets, adds that US will lift sanctions",President Trump said he will consider allowing Turkey to buy American F-35 fighter jets as he arrived in Ankara for a NATO summit.,https://abcnews.com/Politics/trump-hell-giving-turkey-35-jets-adds-us/story?id=134547490,2026-07-07T15:35:17Z,"President Donald Trump, during the first day of the NATO Summit in Ankara on Tuesday, said he will consider allowing Turkey to buy American F-35 fighter jets -- despite possessing Russian-made air de… [+3386 chars]"
By Cecile Mantovani and Denis Balibouse,Swiss cheesemakers try to fill hole in sales from US tariffs,"MOLESON-SUR-GRUYERES, Switzerland, July 25 (Reuters) - The Alpine farmers who make one of Switzerland's most famous cheeses are seeking ‌to fill the hole in...",https://finance.yahoo.com/economy/policy/articles/swiss-cheesemakers-try-fill-hole-101000735.html,2026-07-25T10:10:00Z,"By Cecile Mantovani and Denis Balibouse
MOLESON-SUR-GRUYERES, Switzerland, July 25 (Reuters) - The Alpine farmers who make one of Switzerland's most famous cheeses are seeking to fill the hole in sa… [+1767 chars]"
MOLLY QUELL,Fate of ICC chief prosecutor heads to unprecedented vote as US sanctions keep him out of New York,Diplomats from around the world are gathering at United Nations headquarters in New York on Friday to decide whether to permanently remove the embattled chie...,https://www.yahoo.com/news/politics/articles/fate-icc-chief-prosecutor-heads-165759101.html,2026-07-23T16:57:59Z,"THE HAGUE, Netherlands (AP) Diplomats from around the world are gathering at United Nations headquarters in New York on Friday to decide whether to permanently remove the embattled chief prosecutor o… [+4103 chars]"
Erin Hale,"How US Senate Russia sanctions could spell 100% tariffs for India, China",Russian energy exports could face sweeping tariffs under bill named for late Senator Lindsey Graham.,https://www.aljazeera.com/news/2026/7/31/how-us-senate-russia-sanctions-could-spell-100-tariffs-for-india-china,2026-07-31T06:24:37Z,"A sweeping package of new Russian sanctions has cleared its first hurdle in the United States Congress, and, if passed, could trigger huge tariffs for countries such as India and China which continue… [+6263 chars]"
https://www.facebook.com/bbcnews,Canada's 'powerful' dairy sector is in Trump's trade crosshairs,Canada's dairy supply management system is in the spotlight after the US president singled it out as one of three main irritants used to justify new tariffs.,https://www.bbc.co.uk/news/articles/ce8kvm84lxmo,2026-07-23T00:15:12Z,"Canada's dairy industry policy is among the most politically sacrosanct in the country. It has also long been a thorn in the side of Donald Trump.
Now, Canada's dairy supply management system is bac… [+2540 chars]"
By David Ljunggren and Maria Cheng,Ontario premier says Trump's criticism of Canada's efforts to stop wildfires is 'absolutely unacceptable',"By David Ljunggren and Maria Cheng July 18 (Reuters) - Ontario Premier Doug Ford said U.S. criticism of Canadian efforts to stop the ""terrible scenario"" of s...",https://www.yahoo.com/news/articles/canada-prepares-evacuate-ontario-community-132330056.html,2026-07-18T17:41:29Z,"By David Ljunggren and Maria Cheng
July 18 (Reuters) - Ontario Premier Doug Ford said U.S. criticism of Canadian efforts to stop the ""terrible scenario"" of spreading forest fires in his province and… [+3309 chars]"
,Watch: Are Trump's tariffs delivering on his objectives?,"The BBC's Samira Hussain explains how President Trump's tariffs affect US economy, who pays the price, and whether they're working.",https://www.bbc.co.uk/news/videos/c5yw2xgnv2jo,2026-07-24T10:21:31Z,"Tariffs have never been far from the headlines during President Trump's second term in office and another raft of these import taxes has just come into force. 
The BBC's Samira Hussain explains how … [+163 chars]"
Corin Cesaric-Epple,Publishers Accuse OpenAI of Withholding Evidence in Copyright Lawsuits,"In a new motion, the New York Times, Ziff Davis and 15 other media organizations say OpenAI ""chose obstruction"" on details about how it trains its AI models.",https://www.cnet.com/tech/services-and-software/publishers-openai-copyright-lawsuits-nyt-ziff-davis/,2026-07-09T22:58:42Z,"On Thursday, multiple news organizations accused OpenAI of withholding evidence about how the company trains its artificial intelligence models in a new motion that's connected to a series of ongoing… [+3561 chars]"
"Fernando Cervantes Jr., USA TODAY",Trump says Canada opening Gordie Howe bridge without US was 'fine',"President Donald Trump said on July 24, that it was 'fine' that Canada excluded the U.S. from the opening ceremony of the new Gordie Howe Bridge.",https://www.usatoday.com/story/news/politics/2026/07/24/trump-canada-opening-gordie-howe-bridge-without-us/91041526007/,2026-07-24T21:05:30Z,"President Donald Trump said Friday, July 24, that it was ""fine"" that Canada excluded the United States from the opening ceremony of the new Gordie Howe International Bridge after he threatened the co… [+2276 chars]"
https://www.facebook.com/bbcnews,Resistance and revenge - Iran wanted to send a message with its farewell to Khamenei,"Three days of public mourning in Tehran was a political spectacle Iran's leaders wanted the world to see, writes the BBC's international correspondent Lyse Doucet.",https://www.bbc.co.uk/news/articles/c07yy3j3nljo,2026-07-07T00:46:03Z,"""I want to say one sentence to President Trump and the world,"" declared a grey-haired man named Mojtaba, who came to us saying he had a message. 
""Soon, very soon you will see signs of revenge at th… [+2552 chars]"
The Associated Press,ICC member states vote to remove chief prosecutor Karim Khan,"The International Criminal Court voted to remove the global tribunal's chief prosecutor on Friday, nearly two years after sexual misconduct allegations against him first emerged, the court's oversight body announced.",https://www.npr.org/2026/07/24/g-s1-135498/icc-court-prosecutor-karim-khan-vote,2026-07-24T21:37:37Z,"UNITED NATIONS The International Criminal Court voted to remove the global tribunal's chief prosecutor on Friday, nearly two years after sexual misconduct allegations against him first emerged, the c… [+3962 chars]"
Dan George,Ramsey 'fully committed' to Oxford despite embargo,"Oxford United head coach Aaron Ramsey says he is ""fully committed"" to the club despite the U's being put under a temporary transfer embargo.",https://www.bbc.co.uk/sport/football/articles/cy8my81d82do,2026-07-22T14:36:30Z,"Oxford United head coach Aaron Ramsey has said that he is ""fully committed"" to the club despite the U's being put under a temporary transfer embargo. 
Just weeks after he took over as boss, Oxford w… [+990 chars]"
By Eduardo Baptista,"China accuses US of 'AI hegemonism', threatens countermeasures over potential probes","BEIJING, July 27 (Reuters) - China's commerce ministry on Monday accused the United States of ""AI hegemonism"" and threatened countermeasures after senior U....",https://www.yahoo.com/news/articles/china-accuses-us-ai-hegemonism-121752253.html,2026-07-27T12:24:23Z,"By Eduardo Baptista
BEIJING, July 27 (Reuters) - China's commerce ministry on Monday accused the United States of ""AI hegemonism"" and threatened countermeasures after senior U.S. officials said Chin… [+3289 chars]"
"Kinsey Crowley, USA TODAY NETWORK","Canadian travel to US dips 25% under Trump's presidency, report says","Donald Trump's presidency has had a negative impact on Canadian travel, according to a report. See how the sentiment toward the US has decreased visits.",https://www.usatoday.com/story/news/politics/2026/07/28/donald-trump-canada-travel-impact-report/91074249007/,2026-07-28T15:54:24Z,"Canadian travel to the U.S. dropped about one-quarter in 2025 compared to the previous year, a new report shows.
The U.S. has been the primary destination for Canadian international travel due to pr… [+4111 chars]"
https://www.facebook.com/bbcnews,World chess chief faces endgame after EU announces Russia war sanctions,"Arkady Dvorkovich, a former Russian deputy prime minister, now faces an EU travel ban and asset freeze.",https://www.bbc.co.uk/news/articles/cewrk58k2k4o,2026-07-24T16:08:51Z,"The world of chess has been thrown into turmoil after the president of the International Chess Federation (Fide), Arkady Dvorkovich, said he was stepping aside because he was included on the European… [+3431 chars]"
By Steve Holland,Trump administration launches effort to isolate International Criminal Court,"(Corrects paragraph 5 to say ICC issued an arrest warrant against Netanyahu instead of an indictment, which requires an extra judicial step in the ICC system...",https://www.yahoo.com/news/articles/trump-administration-launches-effort-isolate-140509865.html,2026-07-13T15:01:21Z,"(Corrects paragraph 5 to say ICC issued an arrest warrant against Netanyahu instead of an indictment, which requires an extra judicial step in the ICC system)
By Steve Holland
WASHINGTON, July 13 (… [+2842 chars]"
Zac Hall,WSJ: Apple avoided semiconductor tariffs last year thanks to Intel chip deal,Intel in the U.S. is expected to make at least some upcoming Mac and iPhone chips for Apple. That recent development may have been the key to a major tariff exemption on semiconductors Apple received almost a year ago.,https://9to5mac.com/2026/07/10/wsj-apple-avoided-semiconductor-tariffs-last-year-thanks-to-intel-chip-deal/,2026-07-11T06:03:08Z,Intel in the U.S. is expected to make at least some upcoming Mac and iPhone chips for Apple. That recent development may have been the key to a major tariff exemption on semiconductors Apple received… [+1627 chars]
Hartley Charlton,Apple's Manufacturing in India Gets Boost From New Tariff Exemptions,"Apple stands to gain from India's decision to eliminate import duties on a range of components used in smartphone manufacturing, in a move that could further lower costs for the company's rapidly growing India-based supply chain.





According to a report fr…",https://www.macrumors.com/2026/07/09/apple-gets-boost-from-india-tariff-exemptions/,2026-07-09T16:06:08Z,"Apple stands to gain from India's decision to eliminate import duties on a range of components used in smartphone manufacturing, in a move that could further lower costs for the company's rapidly gro… [+1455 chars]"
Ernesto Van der Sar,Vietnam Uses HiAnime Arrests As Defense Against U.S. Trade Sanctions,"Facing potential U.S. trade sanctions over online piracy, Vietnam is using the recent shutdown and its criminal prosecution of the HiAnime piracy ring as a key line of defense. Notably, Vietnam's response was submitted on the same day that the HiAnime prosecu…",https://torrentfreak.com/vietnam-uses-hianime-arrests-as-defense-against-u-s-trade-sanctions/,2026-07-29T11:42:29Z,"Earlier this year, the U.S. Trade Representative (USTR) classified Vietnam as Priority Foreign Country, because of its lacking anti-piracy enforcement.
That designation, applied for the first time i… [+4809 chars]"
"Andy Greenberg, Dell Cameron, Lily Hay Newman",Your Period Tracker Is (Probably) Spying on You,"Plus: Russian cyberspies turn to infrastructure hacking, DHS repeatedly fails to realize it’d been hacked, a breach exposes an AI music generator’s scraping ways, and more.",https://www.wired.com/story/security-news-this-week-your-period-tracker-is-probably-spying-on-you/,2026-07-18T10:30:00Z,"Hours of San Francisco Police Department drone video footage exposed on the open web illustrates a new era of incredibly granularand consequentialurban surveillance. Meanwhile, the San Francisco City… [+7974 chars]"
NICOLE WINFIELD,"Vatican declares ultraconservative society in schism, excommunicates bishops and warns faithful","The Vatican responded aggressively Thursday to a traditionalist society that consecrated bishops without the pope’s consent, declaring the Society of St. Piu...",https://www.yahoo.com/news/world/articles/vatican-declares-society-st-pius-073256093.html,2026-07-02T07:32:56Z,"VATICAN CITY (AP) The Vatican responded aggressively Thursday to a traditionalist society that consecrated bishops without the pope's consent, declaring the Society of St. Pius X in schism, excommuni… [+5471 chars]"
Ethan Gach,There’s Technically A Way To Get A Switch 2 For Just $400 Before Its Big Price Increase But It’s Not Going To Last Long,You could potentially save up to $100,https://kotaku.com/theres-technically-a-way-to-get-a-switch-2-for-just-400-before-its-big-price-increase-but-its-not-going-to-last-long-2000718158,2026-07-21T21:19:37Z,"The Switch 2 is currently $450. In just a few months, it’s going up to $500. But some lucky few can currently get it for just $400 thanks to a new deal that will no doubt sell out fast.
Amazon-owned… [+1104 chars]"
The Associated Press,"US Sen. Lindsey Graham has died after a brief and unexpected illness, his office says","U.S. Sen. Lindsey Graham died Saturday evening after a ""brief and sudden illness.",https://www.npr.org/2026/07/12/nx-s1-5890790/us-sen-lindsey-graham-dies,2026-07-12T07:10:41Z,"U.S. Sen. Lindsey Graham died Saturday evening after a ""brief and sudden illness,"" his office said in statement posted on social media.
The office did not provide any additional details about the So… [+1695 chars]"
Barry Ritholtz,"Tariffs, Yet Again","Overnight, the Trump Administration announced a new, massive set of tariffs, claiming authorization by Section 301 of the Trade Act of 1974. The full list of the 60 countries tariffs were levied on is at The Independant. These are as likely unlawful as the IE…",https://ritholtz.com/2026/07/tariffs-yet-again/,2026-07-24T15:00:20Z,"A required part of this site couldnt load. This may be due to a browser
 extension, network issues, or browser settings. Please check your
 connection, disable any ad blockers, or try using a diffe… [+12 chars]"
Scott Horsley,The economy slowed a bit -- but Americans continued to spend,"The U.S. economy grew at an annual rate of 1.5% in the spring, according to the Commerce Department. That's a modest slowdown from the previous quarter — but consumer spending picked up steam.",https://www.npr.org/2026/07/30/nx-s1-5913230/economy-gdp-inflation,2026-07-30T14:47:23Z,"The U.S. economy grew more slowly this spring than it did earlier in the year, but consumers continue to spend freely. 
Gross domestic product the broadest measure of economic activity grew at an an… [+1462 chars]"
Hannah Raslan,US tariffs ‘strengthen’ Lula against Bolsonaro’s son in upcoming elections,"With Lula polling ahead and tariffs squeezing Brazil's economy, the Bolsonaro family's Washington strategy is faltering.",https://www.aljazeera.com/news/2026/7/23/us-tariffs-strengthen-lula-against-bolsonaros-son-in-upcoming-elections,2026-07-23T01:20:37Z,"A slew of United States actions against Brazil, including a range of tariffs and sanctions on local criminal gangs, is playing into Brazilian voter sentiment ahead of the presidential elections in Oc… [+6676 chars]"
Al Jazeera,EU countries consider sanctions on trade from illegal Israeli settlements,Pressure from EU member states to impose sanctions has increased in recent months amid escalating settler violence.,https://www.aljazeera.com/news/2026/7/13/eu-countries-consider-sanctions-on-trade-from-illegal-israeli-settlements,2026-07-13T10:32:25Z,"The European Unions foreign ministers are meeting in Brussels to discuss imposing sanctions on Israeli settlements in the occupied West Bank.
Pressure from EU member states to impose sanctions has i… [+2736 chars]"
Oscar Gonzalez,Xbox Testing Ad-Supported Streaming With Xbox Insiders,The limited test lets players stream select games they already own for up to an hour.,https://www.cnet.com/tech/gaming/xbox-testing-ad-supported-streaming-with-xbox-insiders/,2026-07-23T22:13:55Z,"Earlier this year, Xbox gamers noticed little messages hinting at an ad-supported streaming tier coming to the platform. This streaming option is now available for testing for Xbox Insiders, and it’s… [+2248 chars]"
Chris Hamill-Stewart,Ukraine’s Zelenskyy set to meet Trump as Iran and Ukraine wars converge,"The US Senate will vote Tuesday on Russian sanctions, days after Ukraine attacked an Iranian vessel in the Caspian Sea.",https://www.aljazeera.com/news/2026/7/28/ukraines-zelenskyy-set-to-meet-trump-as-iran-and-ukraine-wars-converge,2026-07-28T03:16:30Z,"Ukrainian President Volodymyr Zelenskyy is expected to meet United States President Donald Trump in the White House on Tuesday, a meeting that could coincide with the introduction of tough new sancti… [+2992 chars]"
,Rain returns for some parts of the UK,Rain is returning for some of us this weekend – but is it enough for places that have seen little or now rain for weeks?,https://www.bbc.co.uk/news/videos/c4gj0040xjjo,2026-07-24T16:12:53Z,"Up Next. Watch: Another day, more Trump tariffs - but are they working? Video, 00:01:37Watch: Another day, more Trump tariffs - but are they working?"
Al Jazeera,Trump imposes new double-digit tariffs on dozens of countries,"With existing 10 percent levies set to expire, Trump issues new tariffs on 60 countries under forced labour provision.",https://www.aljazeera.com/news/2026/7/24/trump-imposes-new-double-digit-tariffs-on-dozens-of-countries,2026-07-24T01:08:08Z,President Donald Trump is going ahead with new double-digit tariffs on dozens of trading partners of the United States just as the clock runs out on Friday on stopgap levies he announced after a stin… [+2323 chars]
Reuters,"Vessel sinks a week after being struck by Russian fire, Ukrainian officials say","July 26 (Reuters) - An international cargo vessel sank off the coast of Ukraine's Black Sea port of Odesa on Sunday, a week after Ukrainian officials said it...",https://uk.news.yahoo.com/vessel-sinks-week-being-struck-182400510.html,2026-07-26T18:24:00Z,"July 26 (Reuters) - An international cargo vessel sank off the coast of Ukraine's Black Sea port of Odesa on Sunday, a week after Ukrainian officials said it had been struck by Russian forces.
Ukrai… [+979 chars]"
Cameron Faulkner,"Gaming laptops are too expensive right now, but this one’s a good value",It’s not a great time to shop for a gaming laptop. The unprecedented rise in cost for RAM (and storage to a slightly lesser extent) has made laptops with low-to-midrange specs cost much more than they should. Recent deals on gaming laptops worth your attentio…,https://www.theverge.com/gadgets/962754/msi-gaming-laptop-ethernet-switch-pc-steam-game-deal-sale,2026-07-08T14:43:00Z,"<ul><li></li><li></li><li></li></ul>
Todays roundup covers a wide range of stuff, from Ethernet PoE switches to Teenage Mutant Ninja Turtles 4K Blu-rays.
Todays roundup covers a wide range of stuff… [+4565 chars]"
Jake Epstein,"Ukrainian troops are walking more and spreading out to avoid drones, special operator says",Soldiers carry pump-action shotguns as a last-resort defense against the Russian drones that have saturated the battlefield.,https://www.businessinsider.com/ukrainian-troops-walk-more-spreading-out-avoid-drones-special-operator-2026-7#article,2026-07-22T11:37:01Z,"Elite Ukrainian soldiers are walking more and spreading out to avoid drone attacks.Roman PILIPEY/AFP via Getty Images
<ul><li>Elite Ukrainian soldiers are walking farther and spreading out more as t… [+3897 chars]"
Jonathan Buckland,The Glass Backbone: Why the Army's Logistics Will Break in the Next War,"The United States Army spent the last two decades optimizing sustainment for permissive environments defined by uncontested supply lines, contractor support, and static forward operating bases. As the National Defense Strategy shifts toward strategic competit…",http://mwi.westpoint.edu/the-glass-backbone-why-the-armys-logistics-will-break-in-the-next-war/,2026-07-09T13:24:43Z,"The United States Army spent the last two decades optimizing sustainment for permissive environments defined by uncontested supply lines, contractor support, and static forward operating bases. As th… [+12531 chars]"
Ayesha Ali,Judge allows suit over airline window seats without a window to proceed,Judge denies United Airlines' request to dismiss class-action suit by a passenger alleging the airline charged them extra and sold window seats that didn’t have windows.,https://abcnews.com/Business/judge-allows-suit-airline-window-seats-window-proceed/story?id=134561478,2026-07-07T22:47:14Z,A California judge denied United Airlines' request to dismiss a class-action lawsuit filed against the airline last year by a passenger alleging that the airline knowingly charged them extra for a wi… [+1797 chars]
Jake Epstein,"Ukrainian troops are walking more and spreading out to avoid drones, special operator says",Soldiers carry pump-action shotguns as a last-resort defense against the Russian drones that have saturated the battlefield.,https://www.businessinsider.com/ukrainian-troops-walk-more-spreading-out-avoid-drones-special-operator-2026-7,2026-07-22T11:37:01Z,"<ul><li>Elite Ukrainian soldiers are walking farther and spreading out more as they enter the kill zone.
</li><li>A special operator said the measures were put in place following a surge in Russian … [+3840 chars]"
Ashley N. Soriano,United flight forced to land at Arizona Air Force base,Passengers were bussed to the Phoenix airport.,https://www.newsnationnow.com/us-news/military/united-airlines-flight-forced-landing-air-force-base/,2026-07-21T16:09:35Z,"(NewsNation) A United Airlines commercial flight from Houston to Phoenix was forced to land at a military base Monday due to severe weather.
The emergency landing happened at Luke Air Force Base in … [+1200 chars]"
https://www.facebook.com/bbcnews,What your summer reading list says about you,"Just picked your holiday book? Our choices can subconsciously reveal important parts of our personality, studies show.",https://www.bbc.co.uk/news/articles/cd69glgl2jzo,2026-07-31T00:26:02Z,"You've been dreaming about that summer break on the sun lounger, book in one hand and drink in the other, for months. Now the dash to the airport gate, train station or hours-long drive is all that s… [+1530 chars]"
By Mohi Narayan,Bab el-Mandeb shipping rises amid hopes of resolution in US-Iran war,"By Mohi Narayan NEW DELHI, July 28 (Reuters) - The number of vessels passing through Bab el-Mandeb rose to 28 on Monday, a four-day high, while traffic throu...",https://www.yahoo.com/news/articles/bab-el-mandeb-shipping-rises-073038000.html,2026-07-28T07:30:38Z,"By Mohi Narayan
NEW DELHI, July 28 (Reuters) - The number of vessels passing through Bab el-Mandeb rose to 28 on Monday, a four-day high, while traffic through the Strait of Hormuz remained low, acc… [+1722 chars]"
"Laura Paddison, CNN",An impenetrable steel ‘Black Box’ will record ‘every step’ humanity takes toward catastrophe,A disused airport in Tasmania’s rugged West Coast will soon be home to an angular steel structure with a confronting purpose: document the ‘demise of the pla...,https://www.cnn.com/2026/07/09/climate/earths-black-box-humanity-apocalypse-tasmania,2026-07-09T12:00:25Z,"A disused airport onTasmania's rugged West Coast will soon be home to an angular steel structure with a haunting purpose: to record ""every step"" humanity takes toward ""catastrophe.""
The striking mon… [+5402 chars]"
https://www.facebook.com/bbcnews,Small plane crash in Bahamas kills 10 people,"The country's prime minister called the crash, on the country's independence day, a tragedy.",https://www.bbc.co.uk/news/articles/ckg47lz10p7o,2026-07-11T04:47:37Z,"Nine passengers and a pilot have died in a small plane crash in the Bahamas, officials said.
The light aircraft was making a short trip from Lynden Pindling International Airport, near capital Nassa… [+1574 chars]"
"Aaron Cooper, CNN",Anti-collision alarms sound in the cockpits of two Delta planes during close call at Atlanta airport,A Delta jet that aborted a landing at Hartsfield-Jackson Atlanta International Airport got so close to a plane taking off that anti-collision alarms sounded...,https://www.cnn.com/2026/07/28/us/atlanta-delta-close-call,2026-07-29T03:58:42Z,"A Delta jet that aborted a landing at Hartsfield-Jackson Atlanta International Airport got so close to a plane taking off that anti-collision alarms sounded in both aircraft, according to air traffic… [+1662 chars]"
,WestJet cancels 81 flights ahead of Sunday strike deadline,WestJet announced early Saturday morning that 81 of the day's scheduled flights have been scrubbed ahead of the stike deadling on Sunday.,https://www.cbc.ca/news/canada/westjet-flights-cancelled-strike-9.7293613,2026-07-30T13:06:16Z,"Some travellers are heading into the long weekend on edge, as WestJet begins its first round of cancellations ahead of a possible strike by flight attendants.
The airline announced early Saturday mo… [+3289 chars]"
Dan Whateley,TikTok is testing a rival to Amazon Prime as it looks to create a US e-commerce giant,TikTok is testing a new membership program for shoppers called TikTok Shop Plus that includes free shipping and exclusive discounts.,https://www.businessinsider.com/tiktok-is-testing-an-amazon-prime-style-membership-program-2026-7#article,2026-07-24T20:33:30Z,"Krisztian Bocsi/Rolf Vennenbernd/Getty Images
<ul><li>TikTok is testing a membership program for shoppers called TikTok Shop Plus.</li><li>Like Amazon Prime, the offering includes discounts, coupons… [+3275 chars]"
Zoe Skyforest,Running DOOM on a Custom CPU Built From Scratch,"Running DOOM on weird obscure hardware is a fun hacker pastime that’s been around for a long time now. It’s always enjoyable to see someone port it to an egg timer, or a hat, or whateve…",https://hackaday.com/2026/07/23/running-doom-on-a-custom-cpu-built-from-scratch/,2026-07-23T15:30:00Z,"Running DOOM on weird obscure hardware is a fun hacker pastime that’s been around for a long time now. It’s always enjoyable to see someone port it to an egg timer, or a hat, or whatever else. But wh… [+1507 chars]"
"Barbie Latza Nadeau, CNN",Venice protesters clash with police as Trump envoy’s mega yacht crashes their party,Around 300 protesters clashed with riot police in Venice on Friday evening over the arrival of US ambassador to Italy Tilman Fertitta’s $450 million mega yac...,https://www.cnn.com/2026/07/18/europe/protests-venice-italy-us-envoy-yacht-intl,2026-07-18T14:56:10Z,Around 300 protesters clashed with riot police in Venice on Friday evening over the arrival of US ambassador to Italy Tilman Fertitta's $450 million mega yacht Boardwalk during the city's annual Rede… [+3717 chars]
jepstein@businessinsider.com (Jake Epstein),Top NATO general says he believes alliance forces are ready for a drone-infested battlefield like the one in Ukraine,Gen. Alexis Grynkewich told Business Insider that Ukraine's participation in NATO exercises has helped the alliance sharpen its skills.,https://www.businessinsider.com/nato-forces-ready-for-battlefield-like-ukraine-top-general-2026-7#article,2026-07-22T14:21:01Z,"NATO's top general said that he believes allied forces could survive on a battlefield like the one in Ukraine, saturated with drones, electronic warfare, and constant surveillance.
""I think the answ… [+4518 chars]"
,WestJet passengers brace for disruptions as flight attendant strike looms,"With strike and lockout notices issued by the union and airline, flight attendants could walk off the job as soon as Sunday. That leaves passengers to decide whether they want to hope for a deal, or make other travel plans.",https://www.cbc.ca/news/business/westjet-passengers-prepare-for-flight-attendant-strike-9.7291004,2026-07-30T13:06:16Z,"As WestJet's flight attendants prepare to walk off the job as soon as Sunday if a deal isn't reached by then, passengers are bracing for disruptions.
The Canadian Union of Public Employees (CUPE), w… [+5884 chars]"
Mariette Williams,I've been to 20 Caribbean islands. These are the 5 I'd return to — and the 2 I'd skip despite having great experiences.,"I've been to 20 Caribbean islands and recommend visiting places like St. Lucia, Dominica, St. John, Grenada, and Turks and Caicos.",https://www.businessinsider.com/caribbean-islands-to-visit-places-to-skip-frequent-traveler-2026-7#article,2026-07-22T13:36:49Z,"I've visited 20 islands in the Caribbean.Mariette Williams
<ul><li>After visiting 20 islands in the Caribbean, I have lots of favorites and a few I wouldn't return to.</li><li>St. Lucia is home to g… [+4896 chars]"
Jason Weisberger,United argued that a window seat is just a seat near a wall,"I mean, you could put a window in the wall?
United Airlines tried to argue that a ""window seat"" does not necessarily include a window, which is the kind of corporate reasoning that makes a person check whether ""airplane"" still means airplane. — Read the rest …",https://boingboing.net/2026/07/08/united-argued-that-a-window-seat-is-just-a-seat-near-a-wall.html,2026-07-08T17:59:44Z,"I mean, you could put a window in the wall?
United Airlines tried to argue that a ""window seat"" does not necessarily include a window, which is the kind of corporate reasoning that makes a person ch… [+1110 chars]"
Cameron Faulkner,The DJI Osmo Pocket 3 lookalike is down to $329,"Initially, I was going to tell you about a good deal happening on the DJI Osmo Pocket 3, which is down from the $500 it’s sold at most of the year to $378 at multiple retailers. But there’s a better deal happening on a nearly identical portable camera, the Xt…",https://www.theverge.com/gadgets/961612/xtra-muse-dji-osmo-pocket-3-ipad-air-magic-mouse-deal-sale,2026-07-06T15:09:18Z,"<ul><li></li><li></li><li></li></ul>
Xtras Muse is $50 less than DJIs version. You can also save on Apples iPad Air (M3) and the black Magic Mouse.
Xtras Muse is $50 less than DJIs version. You can… [+4268 chars]"
Antonio G. Di Benedetto,Sony brings back the superzoom RX10 with a stacked sensor and a high price,"Sony is bringing back the RX10 superzoom camera after a nearly nine-year gap between models. The newly announced RX10 V retains the same 24-600mm equivalent f/2.4-4 Zeiss Vario-Sonnar 25x zoom lens of its last two predecessors, but it has lots of upgrades els…",https://www.theverge.com/tech/962439/sony-rx10v-superzoom-camera-price-specs-hands-on,2026-07-08T17:00:36Z,"<ul><li></li><li></li><li></li></ul>
The RX10 V gets features from its bigger Sony Alpha brethren, but its lens is from 2016.
The RX10 V gets features from its bigger Sony Alpha brethren, but its l… [+4919 chars]"
Ethan Gach,God Of War Laufey Joins The Growing Pile Of February 2027 Game Releases,The PS5 exclusive barely seven months away from launching,https://kotaku.com/god-of-war-laufey-joins-the-growing-pile-of-february-2027-game-releases-2000719291,2026-07-25T07:27:21Z,God of War Laufey will be Sony’s next PlayStation 5 exclusive after Marvel’s Wolverine launches in September. A February release date for the upcoming action-adventure from Santa Monica Studio was re… [+1501 chars]
,Planning to fly WestJet? What you need to know about the looming strike,"A work stoppage looms for 4,400 flight attendants at Canada's second-largest air carrier after their union issued a 72-hour strike notice early Thursday morning. WestJet responded to the union's move by issuing a 72-hour lockout notice. For summer travellers …",https://www.cbc.ca/news/canada/westjet-strike-concerns-9.7291146,2026-07-30T13:06:16Z,"A work stoppage looms for 4,400 flight attendants at Canada's second-largest air carrier after their union issued a 72-hour strike notice early Thursday morning. WestJet responded to the union's move… [+5309 chars]"
Yousef Mawry,Leading Houthi threatens ‘siege’ on Saudi Arabia after Yemen airport attack,"Speaking to Al Jazeera, leading Houthi Mohammed al-Bukhaiti warns of attacks on Saudi Arabia.",https://www.aljazeera.com/news/2026/7/14/leading-houthi-threatens-siege-on-saudi-arabia-after-yemen-airport-attack,2026-07-14T15:20:28Z,"Sanaa, Yemen A leading official with Yemens Houthi rebels, officially known as Ansar Allah, has threatened a siege on Saudi Arabia in retaliation for an attack on Sanaa International Airport. The Hou… [+4218 chars]"
ABC News,WATCH: Construction workers perform 'Viking Row',"Construction workers building Norway's newest airport took to the tarmac to perform the viral ""Viking Row"" ahead of the country's World Cup match against England.",https://abcnews.com/video/134675472/,2026-07-12T02:06:35Z,"<ul><li>Trump green lights new round of talks while doubling down that ceasefire is over
</li><li>Trump won't sign bipartisan housing bill set to become law overnight
</li><li>Parents of Nolan Well… [+4420 chars]"
Claire Blackshaw,Shipping Godot VR and Porting to PSVR2: A Partial Post Mortem,"TLDR: Written version of the talk I gave at Develop Brighton 2026. Yes Godot can ship commercial VR, we paid roughly £80k in early adopter tax to do it. War stories from rebuilding Godot's core, the",https://www.claire-blackshaw.com/blog/2026/07/shipping-godot-vr-and-porting-to-psvr2-a-partial-post-mortem/,2026-07-29T12:48:18Z,"TLDR: Written version of the talk I gave at Develop Brighton 2026. Yes Godot can ship commercial VR, we paid roughly £80k in early adopter tax to do it. War stories from rebuilding Godot's core, the … [+41401 chars]"
Koh Ewe,China says pilot crashed small plane into skyscraper for 'personal reasons',"The 66-year-old, who died in the crash, had anxiety and referenced ""ending his life"" in his diary.",https://www.bbc.com/news/articles/cr47129ky6do?xtor=AL-72-%5Bpartner%5D-%5Byahoo.north.america%5D-%5Bheadline%5D-%5Bnews%5D-%5Bbizdev%5D-%5Bisapi%5D,2026-07-02T09:49:14Z,"The pilot who crashed his small plane into Beijing's tallest skyscraper last week was suffering from ""chronic insomnia and anxiety"" and did so for ""personal reasons"", authorities said Thursday.
The … [+2264 chars]"
David Pierce,Smart rings are looking like my kind of AI gadget,"Over the last few months, I've spent a lot of time talking to my computer. One underrated feature of the LLM revolution has been a remarkable leap in all kinds of dictation technology - even the fastest, cheapest models are getting very good at understanding …",https://www.theverge.com/gadgets/971744/smart-ring-ai-gadget-stream-index,2026-07-28T11:39:01Z,"<ul><li></li><li></li><li></li></ul>
While everyone tries to make smart glasses, pins, and everything else happen, the most subtle device might be the best device.
While everyone tries to make smar… [+6073 chars]"
Maya Posch,Porting the Nvidia GPU Driver to Haiku for 3D Acceleration,"As good as a desktop OS may be, at some point it has to feature accelerated 3D graphics. This has been a bit of a sticking point for Haiku OS, as none of the big names in GPU cards are likely to st…",https://hackaday.com/2026/07/12/porting-the-nvidia-gpu-driver-to-haiku-for-3d-acceleration/,2026-07-12T20:00:07Z,"As good as a desktop OS may be, at some point it has to feature accelerated 3D graphics. This has been a bit of a sticking point for Haiku OS, as none of the big names in GPU cards are likely to star… [+2259 chars]"
Ethan Gach,Fans Are Desperate For A Zelda: Ocarina Of Time Remake Nintendo Direct As Price And Pre-Order Rumors Swirl,Also: that mobile version of Final Fantasy 14 has been canceled,https://kotaku.com/fans-are-desperate-for-a-zelda-ocarina-of-time-remake-nintendo-direct-as-price-and-pre-order-rumors-swirl-2000717069,2026-07-17T17:00:07Z,When will Nintendo spill the beans on The Legend of Zelda: Ocarina of Time (2026)? Will we really get that Star Wars: Knights of the Old Republic remake in 2028? And why is Square Enix nuking its Fin… [+6052 chars]
Rain Noe,A Wearable Hands-Free Action Camera with Live Previewing,"This MusicCam Pro is a set of waterproof bone-conducting headphones with a built-in 4K camera. Created by Chinese startup VibeLens, this is the second generation of this product, the first (a 2K version) having been Kickstarted last year. Aimed at content cre…",https://www.core77.com/posts/144695/A-Wearable-Hands-Free-Action-Camera-with-Live-Previewing,2026-07-10T13:00:00Z,"This MusicCam Pro is a set of waterproof bone-conducting headphones with a built-in 4K camera. Created by Chinese startup VibeLens, this is the second generation of this product, the first (a 2K vers… [+710 chars]"
Caolán Magee,Why is the US attacking southern Iran’s civilian infrastructure?,Analysts say the goals range from targeting Iran's supply lines to curbing its influence in the Strait of Hormuz.,https://www.aljazeera.com/news/2026/7/17/why-is-the-us-attacking-southern-irans-civilian-infrastructure,2026-07-17T11:26:39Z,"The United States has expanded its military campaign against Iran, with Tehran accusing Washington of striking civilian infrastructure as US forces carried out a sixth consecutive night of attacks.
… [+11093 chars]"
Ben Shimkus,Tesla's newest set of wheels is a $225 bike for toddlers,Tesla's $225 Balance Bike is the latest gear aimed at young customers. It's priced like other high-end two-wheelers.,https://www.businessinsider.com/teslas-balance-bike-toddlers-elon-musk-2026-7#article,2026-07-17T16:22:44Z,"Tesla is launching a bike that's ""suitable for children 2-5 years old.""Tesla
<ul><li>Tesla launched the Balance Bike for Kids on Thursday.</li><li>The $225 pedal-less bike is already out of stock, a… [+2393 chars]"
Yves Smith,Iran War: Jordan Strike Shows Iran Intensifying War to Exhaust US Economy and Military; Trump Takes Bait by Retaliating,Today's Iran war news: Iran is trying to deke Trump into more energy and munitions depleting action. He seems to be falling into the trap.,https://www.nakedcapitalism.com/2026/07/iran-war-jordan-strike-shows-iran-intensifying-war-to-exhaust-us-economy-and-military-trump-takes-bait-by-retaliating.html,2026-07-30T09:15:13Z,"[Yves here. Today we also have an important post by Rob Urie that starts with an important discussion of the Iran war, including discussion of fresh developments. So please read today’s update in con… [+20181 chars]"
"Fernando Cervantes Jr., USA TODAY","Trump sees approval rating boost amid unpopular Iran war, poll shows",Trump's slight improvement in the polls came as the same Reuters/Ipsos poll found that only 33% of all Americans said they approve of the war on Iran.,https://www.usatoday.com/story/news/politics/2026/07/27/trump-approval-rating-iran-war-poll/91069947007/,2026-07-27T23:35:40Z,"President Donald Trump's approval rating saw a slight uptick in a new Reuters/Ipsos poll released July 27, though the survey also found that only one in three Americans supports the ongoing war in Ir… [+3085 chars]"
RT,India summons Russian diplomat after 4 sailors killed in Odessa port attack,New Delhi condemned the strike on the commercial vessel MV Golden Leo and urged Moscow to prevent attacks on civilian shipping,https://www.rt.com/india/643282-india-summons-russian-diplomat/,2026-07-21T09:29:55Z,"India has summoned Russia’s chargé d’affaires after an attack in the Ukrainian port of Odessa left four Indian sailors dead.
Vladimir Ladanov was summoned to hear India’s grave concerns and unequivo… [+1682 chars]"
,"Despite WestJet wind-down plans, a strike isn't a sure bet, but the clock is ticking","WestJet, Canada's second-largest airline, is preparing to wind-down operations ahead of a potential strike or lockout by its flight attendants. But an agreement to gradually halt operations doesn't mean the company is guaranteed to go through a labour dispute…",https://www.cbc.ca/news/business/westjet-winddown-strike-9.7289209,2026-07-29T18:35:35Z,"WestJet, Canada's second-largest airline, is preparing to wind down operations ahead of a potential strike or lockout by its flight attendants. 
But an agreement to gradually halt operations doesn't… [+5089 chars]"
"Zac Anderson and Bart Jansen, USA TODAY",'We will kill you.' Iran defiant as Trump moves to 'smack them.',"The U.S. military launched strikes in Iran July 29, with Trump saying he wanted to hit them ""very hard"" and ""smack them a little bit.""",https://www.usatoday.com/story/news/world/2026/07/30/iran-war-tehran-trump-military-strikes-hormuz-saudi/91106384007/,2026-07-30T18:08:48Z,President Donald Trump and Iranian leaders are ratcheting up bellicose messages for each other as hostilities resume and the war appears perched to blow into a regional conflict with Tehran's continu… [+6036 chars]
Seth Godin,The Builder’s Creed,"A hundred and fifteen years ago, Christian Larson wrote one of the first popular self-help manifestos. The Optimist’s Creed argued that it was a choice, and a useful promise. Not to promise the world, or the boss, or the market. To promise ourselves. Optimism…",https://seths.blog/2026/07/the-builders-creed/,2026-07-07T09:03:00Z,"A hundred and fifteen years ago, Christian Larson wrote one of the first popular self-help manifestos. The Optimist’s Creed argued that it was a choice, and a useful promise. Not to promise the world… [+4341 chars]"
"Alisha Ebrahimji, Alaa Elassar, CNN","A teen, a fiancé and a ‘fearless’ father of 2 are among the service members killed or missing in the Iran war","Tyler James Feehan’s greatest adventures awaited on the other side of his deployment: getting married, earning an MBA and finishing law school, his loved one...",https://www.cnn.com/us/us-military-deaths-iran-war,2026-07-25T02:48:25Z,"Tyler James Feehan found a way to live life to the fullest, but some of his greatest adventures awaited him on the other side of his deployment: getting married, graduating with an MBA and finishing … [+27247 chars]"
"Jake Kwon, Leehyun Choi and Hosu Lee",'It eats away at my body': The human cost of S Korea's ultra-convenient overnight deliveries,"Night-time deliveries are ubiquitous in hyper-connected Korea, stirring a debate about working conditions.",https://www.bbc.com/news/articles/cq6dgz7e4m8o?xtor=AL-72-%5Bpartner%5D-%5Byahoo.north.america%5D-%5Bheadline%5D-%5Bnews%5D-%5Bbizdev%5D-%5Bisapi%5D,2026-07-24T22:03:54Z,"A week before her son died Park Mi-suk asked him to quit his job.
For more than a year, the 27-year-old had been working overnight shifts at a warehouse for the country's largest online retailer, Co… [+10465 chars]"
Shola Lawal,US strikes Iran for second night – is the peace process all over now?,"Neither side has officially called off the interim peace agreement, despite the escalation.",https://www.aljazeera.com/news/2026/7/9/us-strikes-iran-for-second-night-is-the-peace-process-all-over-now,2026-07-09T10:49:40Z,"A second and bigger barrage of air attacks by the United States has hit Iran in two days, as fragile peace talks between the two countries appear at risk of collapsing.
The US attacked several parts… [+12080 chars]"
Ethan Gach,Capcom’s On An Epic Win Streak And The Numbers Are Backing It Up,The Japanese publisher keeps posting Ws and it's translating into selling more games,https://kotaku.com/capcoms-on-an-epic-win-streak-and-the-numbers-are-backing-it-up-2000719764,2026-07-28T14:30:21Z,Some publishers release good games that sell poorly. Some publishers release bad games that sell surprisingly well. Capcom is currently in the rarified position of shipping games that are both very g… [+1843 chars]
tDames,DJI Osmo Action 5 Pro 4K Action Camera Essential Combo $288 + Free S&H,"Smart Fly Gear via Amazon has DJI Osmo Action 5 Pro 4K Action Camera Essential Combo w/ 47GB Built-in Storage (6937224107939) on sale for $288. Shipping is free.

Thanks to Deal Hunter tDames for sh",https://slickdeals.net/f/19728996-dji-osmo-action-5-pro-essential-combo-4k-120fps-waterproof-action-camera-w-1-1-3-sensor-47gb-built-in-storage-288-00-free-shipping,2026-07-07T00:04:37Z,"This collaborative space allows users to contribute additional information, tips, and insights to enhance the original deal post. Feel free to share your knowledge and help fellow shoppers make infor… [+26 chars]"
Black Forest Labs,Flux 3 X Mimic: The Next Generation of Video-Action Models,"FLUX 3 is running robots. Built with mimic and deployed at Audi, FLUX-mimic shows content creation and physical AI share one foundation: a model that understands the world.",https://bfl.ai/blog/flux-3-mimic,2026-07-24T09:31:48Z,"An early version of FLUX 3, our new multimodal foundation model, is now running on robots. We gave mimic robotics early access to FLUX.3. Their strength in robot learning and deployment, combined wit… [+13327 chars]"
"David Hambling, Senior Contributor, 
 David Hambling, Senior Contributor
 https://www.forbes.com/sites/davidhambling/",Ukraine Destroys Road And Rail Bridges To Cut Russian Supply Lines,"Ukraine is now destroying bridges vital to Russia's logistics using drones and mini cruise missiles, in an unprecedented and rapidly expanding campaign .",https://www.forbes.com/sites/davidhambling/2026/07/03/ukraine-destroys-road-and-rail-bridges-to-cut-russian-supply-lines/,2026-07-03T09:14:07Z,"The destroyed road bridge at Hranitne, reportedly the work of Ukrainian drones 
Russian MoD via X
Ukraine ramped up its Logistics lockdown in June with a new tactic: destroying road and railway bri… [+7177 chars]"
,Kuwaiti worker killed as U.S.-Iran conflict widens,"An Iranian strike hit a Chinese firm's building in northern Kuwait Thursday morning, severely damaging the structure and killing a worker, Kuwait's military said, hours after Jordan's air defences shot down five missiles launched from Iran.",https://www.cbc.ca/news/world/iran-war-us-saudi-iraq-9.7290235,2026-07-30T10:52:15Z,"The United States and Iran each fired barrages of missiles Thursday, as the pattern of back-and-forth strikes took hold again and hope dimmed for any quick resolution to the war.
An Iranian strike h… [+5320 chars]"
Rei Padla,OKNIFE’s $59.99 Titanium EDC Pen Skips the Bolt Action,"OKNIFE prices the B1 Lightning Strike titanium EDC pen at $59.99, which is real money for a ballpoint. The company’s argument is that you’re paying for a machined grade 5 titanium body, a clip that deploys the refill in place of a bolt action, and a fidget sp…",https://the-gadgeteer.com/2026/07/25/oknife-b1-lightning-strike-titanium-edc-pen/,2026-07-26T01:00:00Z,"If you buy something from a link in this article, we may earn a commission. Learn more
OKNIFE prices the B1 Lightning Strike titanium EDC pen at $59.99, which is real money for a ballpoint. The comp… [+4881 chars]"
Bojjihuntindeals,"12"" Marvel Avengers: Deadpool Action Figure w/ Accessory $5.95 + Free S&H w/ Prime","Woot! has 12"" Marvel Avengers: Deadpool Action Figure w/ Accessory for $5.94. Shipping is free for Amazon Prime Members (must log in with your Amazon account and select a shipping address in orde",https://slickdeals.net/f/19796487-12-marvel-avengers-deadpool-action-figure-w-accessory-5-94-free-shipping-w-prime,2026-07-26T11:53:07Z,"This collaborative space allows users to contribute additional information, tips, and insights to enhance the original deal post. Feel free to share your knowledge and help fellow shoppers make infor… [+26 chars]"
Reuters,"China's actions risk creation of new status quo, Taiwan official says","TAIPEI, July 8 (Reuters) - China's gradually increasing pressure tactics risk creating an entirely new status quo in the Taiwan Strait, which the internation...",https://ca.news.yahoo.com/chinas-actions-risk-creation-status-064151977.html,2026-07-08T06:41:51Z,"TAIPEI, July 8 (Reuters) - China's gradually increasing pressure tactics risk creating an entirely new status quo in the Taiwan Strait, which the international community may not realise until it is t… [+2359 chars]"
Rajesh Pandey,I stopped carrying these everyday items after my Google Pixel took over,"Wallet, Recorder, boarding pass, and more",https://www.androidpolice.com/i-stopped-carrying-everyday-items-google-pixel-took-over/,2026-07-09T12:15:14Z,"Smartphones have already replaced cameras, music players, GPS devices, video players, and countless other gadgets.
But over the past couple of years, my Google Pixel has quietly replaced several eve… [+5109 chars]"
Chethan Rao,Check out Anbernic’s upcoming Nintendo Switch Lite-lookalike in action,"Anbernic’s RG 55G1 Android handheld has been detailed in an extensive gameplay video, showcasing its prowess with multiple retro titles.",https://www.androidauthority.com/anbernic-rg-55g1-handheld-gameplay-3684429/,2026-07-06T14:52:13Z,<ul><li>Anbernic has shared a gameplay video showing off the RG 55G1s ability to run several retro games.</li><li>The manufacturer has remained tight-lipped about the Android handhelds core specs and… [+2516 chars]
Yves Smith,Iran War: Iran Hits US Base in Jordan After US-Saudi Strike on Iraqi Militia,Today's Iran war news. So much for that pause. Iran hit the US base in Jordan because provocation as Netanyahu pushes for bigger US strikes.,https://www.nakedcapitalism.com/2026/07/iran-war-iran-hits-us-base-in-jordan-after-us-saudi-strike-on-iraqi-militia.html,2026-07-29T09:09:33Z,"[Yves here. Today’s Iran war post launched before complete because I had to run out. It does seem to be largely done but given the resumption of kinetic action, there may be late-breaking news. So pl… [+22556 chars]"
John Powers,An eco-journalist takes on a Big Tech in this modern twist on the heist novel,Nathaniel Rich's literary thriller centers on a young couple who strike out against a data center.<em> Cloudthief</em> wraps a smart exploration of our data-dominated society inside an entertaining heist yarn.,https://www.npr.org/2026/07/16/nx-s1-5895124/cloudthief-review-nathaniel-rich-data-centers,2026-07-16T16:23:47Z,George Orwell famously wrote that it takes a constant struggle to see what's in front of one's nose. That may be truer than ever. These days we barely register things that 20 years ago would've seeme… [+4452 chars]
Sherif Saed,Workers at MindsEye studio protesting controversial fan event this weekend after multiple rounds of layoffs,"Members of Build a Rocket Boy, the development studio behind the often maligned MindsEye, will be picketing outside the studio's Edinburgh offices this Saturday, 11th July. The workers are protesting a fan event the developer is hosting this weekend. Read more",https://www.eurogamer.net/mindseye-build-a-rocket-boy-protests-fan-event,2026-07-08T15:00:38Z,"Members of Build a Rocket Boy, the development studio behind the often maligned MindsEye, will be picketing outside the studio's Edinburgh offices this Saturday, 11th July. The workers are protesting… [+1881 chars]"
Vikki Blake,"Final Fantasy 15, and others, could come to Nintendo Switch 2 – ""it's not entirely impossible""","Square Enix has hinted that it's ""not entirely impossible"" that we could see Final Fantasy 15 on Nintendo Switch 2. Read more",https://www.eurogamer.net/final-fantasy-15-switch-2,2026-07-05T12:53:25Z,"Square Enix has hinted that it's ""not entirely impossible"" that we could see Final Fantasy 15 on Nintendo Switch 2.
Addressing shareholders in a recent meeting, one attendee pointed to the Switch 2 … [+2136 chars]"
"Fernando Cervantes Jr. and Isabella Russomanno, USA TODAY",Brewery that promised free beer when Trump dies loses alcohol permit,A brewery whose owner once offered free beer when President Trump dies is set to lose its alcohol permit but vows to fight the decision.,https://www.usatoday.com/story/news/politics/2026/07/29/brewery-free-beer-trump-dies-loses-permit/91099766007/,2026-07-30T00:43:22Z,"A Wisconsin brewery whose owner once promised to give away free beer if President Donald Trump dies is set to lose its alcohol permit, state officials confirmed to USA TODAY on July 29.
Minocqua Bre… [+3784 chars]"
Garrison Vance,Report: Trump Granted Saudi Crown Prince Approval for Strike on Yemen’s Sanaa Airport,"President Donald Trump gave Saudi Crown Prince Mohammed bin Salman his support for a military action against the Houthis in Yemen during a phone call on Friday, July 10, 2026, according to a report from Axios cited by Antiwar.com. U.S. officials told Axios re…",https://www.naturalnews.com/2026-07-14-trump-granted-saudi-prince-approval-strike-yemen.html,2026-07-14T06:00:00Z,"President Donald Trump gave Saudi Crown Prince Mohammed bin Salman his support for a military action against the Houthis in Yemen during a phone call on Friday, July 10, 2026, according to a report f… [+5177 chars]"
Al Jazeera Staff,US bombs Iran for ninth consecutive night as Hormuz tensions escalate,"Iranian media report blasts in cities in the far north and far south, including Tabriz and Chabahar.",https://www.aljazeera.com/news/2026/7/20/us-bombs-iran-for-ninth-consecutive-night-as-hormuz-tensions-escalate,2026-07-20T01:48:59Z,"The United States has launched strikes on Iran for a ninth consecutive night, with Iranian media reporting explosions in multiple cities, including Sirik, Jask, Tabriz and Chabahar.
The attacks on M… [+3477 chars]"
Eragorn,Open-Box: GoPro MAX 2 8K 360 Action Camera $258 or less + Free S/H,"Best Buy has New or Open-Box: GoPro MAX 2 8K 360 Action Camera on sale below. Shipping is free. Otherwise, select free store pickup where available.

Thanks Deal Hunter Eragorn for sharing this deal",https://slickdeals.net/f/19738482-open-box-gopro-max-2-8k-360-action-camera-258-or-less-free-s-h,2026-07-10T09:20:42Z,"This collaborative space allows users to contribute additional information, tips, and insights to enhance the original deal post. Feel free to share your knowledge and help fellow shoppers make infor… [+26 chars]"
"Natalie Neysa Alund, USA TODAY",Lost 1952 Pan Am plane found off Puerto Rico coast nearly 75 years later,"Search teams found the wreckage of a Pan Am plane that crashed off Puerto Rico in 1952, resting 2,000 feet deep.",https://www.usatoday.com/story/news/nation/2026/07/21/lost-1952-pan-am-plane-found-puerto-rico-atlantic/90994132007/,2026-07-21T17:02:03Z,"Wreckage of a Pan Am plane that crashed off Puerto Rico's coast nearly 75 years ago has been found on the ocean floor, search teams scouting for the long-lost aircraft announced on July 21.
The pass… [+2945 chars]"
Akshay Gangwar,Nintendo tells customers it doesn’t owe them a cut of its tariff refunds,"In its response to a class-action lawsuit, Nintendo has stated that it doesn't owe customers a cut of its tariff refunds.",https://www.androidauthority.com/nintendo-customers-tariff-refunds-lawsuit-3689986/,2026-07-22T06:43:21Z,<ul><li>Nintendo has basically told its customers that it wont give them a cut of its tariff refunds.</li><li>The company hiked prices in August last year due to increased tariffs imposed by the Trum… [+1862 chars]
Dan Selcke,6 new Netflix shows and movies you need to binge this weekend (July 31-August 2),"From brand-new historical dramas to classic action movies, here's what you need to watch this weekend on Netflix.",https://www.makeuseof.com/6-netflix-shows-movies-july-31-august-2-bombing-pan-am-103-fast-furious/,2026-07-30T15:30:13Z,"When it comes to streaming, you can always count on Netflix to have something new for you to watch. Whether you want a miniseries or a multi-season epic, a comedy or a drama, a documentary or a comed… [+5621 chars]"
Yves Smith,Iran War: Conflicting Reports on Momentary Pause – Restart of Talks or Iran Readying Big Strike? Russia Diesel Export Halt and Qatar LNG Pullback Increase Energy Pressure,Today's Iran war news: Information fog is thick – yet more peace deal happy talk as underlying disputes fester and energy stresses worsen.,https://www.nakedcapitalism.com/2026/07/iran-war-conflicting-reports-on-momentary-pause-restart-of-talks-or-iran-readying-big-strike-russia-diesel-export-halt-and-qatar-lng-pullback-increase-energy-pressure.html,2026-07-10T10:54:58Z,"[Today’s Iran war post launched not quite done. Please return at 8:00 AM EDT or refresh this page then for a final version]
So here it is, a Friday. Predictably, there are new and not-convincingly s… [+16865 chars]"
phoinix,"GoPro MAX2 8K Action Camera w/ 4' Extension Pole, 2 Batteries, 64GB microSD $369 + Free S&H","Various Retailers have GoPro MAX2 8K Action Camera Bundle w/ 4' Extension Pole, 2 1960mAh Enduro Batteries and 64GB SanDisk microSD Card (CHDFZ-311-TH) on sale from $369. Shipping is free. 

T",https://slickdeals.net/f/19735641-369-gopro-max2-accessory-bundle-at-amazon,2026-07-09T00:22:17Z,"I have this bundle. I would not describe the selfie sick as chintzy. It is actually really well built with a rubber grip, it's very sturdy even at full extension, and the invisible pole feature works… [+556 chars]"
,Attacks by the U.S. and Iran intensify across the Middle East,"The United States launched new airstrikes against Iran early Thursday, and Tehran responded by targeting Bahrain, Kuwait and Qatar in crossfire that again threatened an interim deal intended to help end the war in the Persian Gulf.",https://www.cbc.ca/news/world/iran-u-s-missile-strike-gulf-9.7263833,2026-07-09T11:12:19Z,"The United States launched new airstrikes against Iran early Thursday, and Tehran responded by targeting Bahrain, Kuwait and Qatar in crossfire that again threatened an interim deal intended to help … [+7157 chars]"
Hai Dang,Vietnamese activist places rare national spotlight on Gaza’s suffering,Activist Bao Ngoc draws attention to plight of Palestinians in country where protest is tightly controlled.,https://www.aljazeera.com/news/2026/7/16/vietnamese-activist-places-rare-national-spotlight-on-gazas-suffering,2026-07-16T23:39:36Z,"Ho Chi Minh City, Vietnam  Earlier this year, Vietnamese social media was overtaken by a name: Tieu Nguyen Bao Ngoc.
The 28-year-old from Vietnams largest city, Ho Chi Minh, was said to be the first… [+10982 chars]"
Mike Pearl,A Feature That Makes Your Phone Data Self-Destruct in Authorities’ Hands May Soon Have Its Day in Court,"The defendant, an Atlanta area activist, denies having done it. But is it even illegal?",https://gizmodo.com/a-feature-that-makes-your-phone-data-self-destruct-in-authorities-hands-may-soon-have-its-day-in-court-2000790831,2026-07-25T19:12:42Z,"Is it illegal to make your data self-destruct in the hands of the authority figure trying to snoop around on your phone, or are you within your rights to make that happen?
If you’re a fan of privacy… [+5093 chars]"
Tim Hardwick,12 New Things Your iPhone Can Do in iOS 27,"Apple will release iOS 27 in September, and despite the company's focus this year on refining its flagship operating system and nixing bugs, there are still many additional features on the way, not least of which is Apple's new context-aware Siri, re-tooled f…",https://www.macrumors.com/2026/07/03/new-things-iphone-can-do-ios-27/,2026-07-03T14:25:41Z,"Apple will release iOS 27 in September, and despite the company's focus this year on refining its flagship operating system and nixing bugs, there are still many additional features on the way, not l… [+7140 chars]"
Sarang Sheth,Self-Watering Origami Pot Expands With Your Plant So You Never Have to Repot in Panic Again,"Self-Watering Origami Pot Expands With Your Plant So You Never Have to Repot in Panic AgainNature never repots anything. A tree does not pause its growth every eighteen months so someone can slide it out of its current location, dust...",https://www.yankodesign.com/2026/07/10/self-watering-origami-pot-expands-with-your-plant-so-you-never-have-to-repot-in-panic-again/,2026-07-11T01:45:06Z,"Nature never repots anything. A tree does not pause its growth every eighteen months so someone can slide it out of its current location, dust off the roots, and drop it into a bigger hole. Growth ju… [+6533 chars]"
Al Jazeera,Yemen’s Houthis declare naval blockade of Saudi Arabia: What to know,Yemeni group says the announcement is based on the principle of 'an eye for an eye'.,https://www.aljazeera.com/news/2026/7/20/yemens-houthis-declare-naval-blockade-of-saudi-arabia-what-to-know,2026-07-20T15:39:37Z,"Houthi leaders in Yemen have declared a naval blockade against Saudi Arabia, effective immediately.
The announcement on Monday came days after the group, officially known as Ansar Allah, threatened … [+4531 chars]"
Imogen Garfinkel,Iran 'considered attacking Ukrainian port in revenge for strikes on Caspian Sea ships heading for Russia' as two wars continue to merge,"Tehran considered attacking a seaport in Ukraine in revenge for strikes on an Iranian ship heading for Russia, but a flurry of diplomacy has calmed the situation.",https://www.dailymail.com/news/article-16012941/Iran-considered-attacking-Ukrainian-port-revenge-strikes-Caspian-Sea-ships-heading-Russia-two-wars-continue-merge.html,2026-07-29T10:07:30Z,"Tehran considered attacking a seaport in Ukraine in revenge for strikes on an Iranian ship heading for Russia, but a flurry of diplomacy has calmed the situation for now.
The incident is the latest … [+6484 chars]"
Al Jazeera Staff,Gulf states come under Iranian fire as US strikes intensify,Tehran targets multiple countries across the region as the wave of US strikes on Iran steps up.,https://www.aljazeera.com/news/2026/7/17/gulf-states-come-under-iranian-fire-as-us-strikes-intensify,2026-07-17T08:18:13Z,"Tehran launched strikes against several countries across the Gulf and wider region overnight as the United States military raised its attacks on Iran.
Reports on Friday morning said that Bahrain, Ir… [+3900 chars]"
Sumaiya Motara - North West,"I feared my stalker would kill me, says survivor",A victim of stalking from Lancashire describes how she was too scared to leave her house at times.,https://www.bbc.com/news/articles/cd7lg0vgyg1o?xtor=AL-72-%5Bpartner%5D-%5Byahoo.north.america%5D-%5Bheadline%5D-%5Bnews%5D-%5Bbizdev%5D-%5Bisapi%5D,2026-07-30T05:11:53Z,"A woman who feared she would be killed by her stalker has described how she struggled to persuade police to take her safeguarding concerns seriously.
To protect her identity, the BBC has agreed to r… [+5035 chars]"
"Danny Fullbrook - Bedfordshire, Hertfordshire and Buckinghamshire",Dog rescued from railway line with help from drone,"Maddie's story has a happy ending, but Network Rail warns people to secure their pets near railways.",https://www.bbc.com/news/articles/c87n3gye2vyo?xtor=AL-72-%5Bpartner%5D-%5Byahoo.north.america%5D-%5Bheadline%5D-%5Bnews%5D-%5Bbizdev%5D-%5Bisapi%5D,2026-07-30T05:22:07Z,"A dog has been rescued from a railway embankment with the assistance of a drone.
Cairn terrier Maddie got stuck near Hitchin, Hertfordshire, on 21 July.
British Transport Police deployed a drone wh… [+628 chars]"
https://www.facebook.com/bbcnews,Heat health alerts extended as record for most 34C days in a year broken,Almost all of England is under amber alerts for likely disruption to health services and travel.,https://www.bbc.co.uk/news/articles/cyv0znm6y2eo,2026-07-09T16:52:24Z,"Amber heat health alerts have been extended to the north of England, as the third heatwave of the year saw temperatures soar to35C (95F) on Thursday.
The alerts cover almost all of England, indicati… [+1919 chars]"
Ellsworth Toohey,In 1895 a train burst through a Paris station and stood on its nose,"On October 22, 1895, a steam locomotive smashed through the upper-floor wall of a Paris railway station and came to rest on its nose in the street below. The photograph of the Montparnasse derailment is one of the most famous images in the history of transpor…",https://boingboing.net/2026/07/29/montparnasse-derailment.html,2026-07-29T12:00:00Z,"On October 22, 1895, a steam locomotive smashed through the upper-floor wall of a Paris railway station and came to rest on its nose in the street below. The photograph of the Montparnasse derailment… [+975 chars]"
Jake Wallace - Guernsey,Captain 'misread' runway in airport overrun,The report follows an incident where a plane left the runway at Guernsey airport in 2024.,https://www.bbc.com/news/articles/c2dy8ejj51ko?xtor=AL-72-%5Bpartner%5D-%5Byahoo.north.america%5D-%5Bheadline%5D-%5Bnews%5D-%5Bbizdev%5D-%5Bisapi%5D,2026-07-02T13:33:11Z,"A passenger aircraft overran the end of Guernsey Airport's runway after its captain attempted a ""gentle touchdown"" while ""misreading the perspective of the runway"", investigators found.
The Gatwick … [+2185 chars]"
https://www.facebook.com/bbcnews,Train crash driver died from traumatic injuries,An inquest hears Shaun Burton died in the collision in which 102 people needed hospital treatment.,https://www.bbc.co.uk/news/articles/c9323k52n67o,2026-07-14T09:16:39Z,"A train driver died from traumatic injuries to the brain and chest in the Bedfordshire train crash, an inquest has heard.
Shaun Burton, 60, died when his train ploughed into the back of another serv… [+1314 chars]"
Talia Lakritz,3 US airports plan to replace TSA agents with private contractors in a bid to reduce disruptions to passengers — see the list,The TSA Gold+ program aims to expand the use of private contractors while retaining federal oversight. Three airports are set to participate.,https://www.businessinsider.com/airports-tsa-private-security-government-shutdown-2026-7#article,2026-07-23T17:36:54Z,"US airports experienced longer security wait times when Transportation Security Administration officers missed paychecks during the government shutdown in March.Mark Felix/Bloomberg via Getty Images… [+3958 chars]"
Ben King - Business reporter; Katy Austin - Transport correspondent,British Airways flight called mayday on approach to Heathrow,The call was made on an Airbus A320 flying from Dusseldorf airport in Germany on 6 July following two stall warnings.,https://www.bbc.com/news/articles/cn8n1knkkz9o?xtor=AL-72-%5Bpartner%5D-%5Byahoo.north.america%5D-%5Bheadline%5D-%5Bnews%5D-%5Bbizdev%5D-%5Bisapi%5D,2026-07-30T17:49:02Z,"A British Airways flight issued a ""mayday"" distress call on its approach to Heathrow Airport earlier this month, according to a statement from France's accident investigation authority.
The call was… [+1716 chars]"
By Kemol King,"Captain, crew members in deadly Guyana ferry accident charged with murder","By Kemol King GEORGETOWN, July 28 (Reuters) - The captain and two crew members of a passenger ferry in Guyana that capsized were charged with murder on Tuesd...",https://www.yahoo.com/news/world/articles/captain-crew-members-deadly-guyana-170751250.html,2026-07-28T17:07:51Z,"By Kemol King
GEORGETOWN, July 28 (Reuters) - The captain and two crew members of a passenger ferry in Guyana that capsized were charged with murder on Tuesday, more than a week after the disaster k… [+1518 chars]"
Eric McDaniel,"House votes to extend government funding, aiming to avoid an election year shutdown","Lawmakers are hoping to avoid a third shutdown since last September. The stopgap funding measure now heads to the Senate, where it faces an uncertain future.",https://www.npr.org/2026/07/21/nx-s1-5902245/government-funding-house-vote-continuing-resolution,2026-07-22T02:20:15Z,"The House of Representatives voted 220 to 205 on Tuesday to extend funding for the government at existing levels through December 4.
Six Democrats joined with Republicans to advance the bill. The go… [+2763 chars]"
Aurelia Foster,Virgin jet engineer killed in accident at Heathrow,The Met Police is investigating the circumstances of how Georgie Buxton died from injuries sustained while working on a jet.,https://www.bbc.com/news/articles/c9d8q63v26lo?xtor=AL-72-%5Bpartner%5D-%5Byahoo.north.america%5D-%5Bheadline%5D-%5Bnews%5D-%5Bbizdev%5D-%5Bisapi%5D,2026-07-28T13:37:13Z,"A Virgin Atlantic engineer has died nearly a month after sustaining injuries while carrying out maintenance work on a commercial airplane at Heathrow Airport.
Georgie Buxton is believed to have been… [+2140 chars]"
Reuters,London's Gatwick Airport hit by water supply problem,"LONDON, July 26 (Reuters) - Water supplies to London's Gatwick Airport were disrupted on Sunday after a power outage at a local treatment works, authorities...",https://uk.news.yahoo.com/londons-gatwick-airport-hit-water-125200757.html,2026-07-26T12:52:00Z,"LONDON, July 26 (Reuters) - Water supplies to London's Gatwick Airport were disrupted on Sunday after a power outage at a local treatment works, authorities at the airport said in a statement on X.
… [+840 chars]"
Pete Syme,Why 9 planes had to declare an emergency above one of Europe's busiest airports,14 flights scheduled to land at London Gatwick Airport were diverted after a British Airways plane was met by emergency vehicles on the runway.,https://www.businessinsider.com/why-9-planes-declared-emergencies-near-london-gatwick-airport-2026-7#article,2026-07-15T16:03:20Z,"A British Airways Airbus A320 stopped on the runway at London Gatwick Airport.Nicolas Economou/NurPhoto via Getty Images
<ul><li>Nine airplanes declared emergencies while flying near London around m… [+3166 chars]"
CLAIRE RUSH,Major Oregon interstate closed for 70 miles due to wildfire,"Part of a major interstate highway in Oregon was closed Monday due to a wildfire that has prompted evacuation orders, one of dozens of blazes burning across...",https://www.yahoo.com/news/weather-news/articles/major-oregon-interstate-closed-70-194608788.html,2026-07-27T19:46:08Z,"PORTLAND, Ore. (AP) Part of a major interstate highway in Oregon was closed Monday due to a wildfire that has prompted evacuation orders, one of dozens of blazes burning across the state.
The Fox Fi… [+2189 chars]"
Taylor Rains,The FAA says passengers are making a dangerous mistake during aircraft evacuations,"Aircraft are designed to be fully evacuated in 90 seconds or less, and passengers who try to grab their bags slow that down.",https://www.businessinsider.com/faa-video-warns-passengers-leave-bags-behind-airline-emergency-evacuations-2026-7#article,2026-07-15T09:01:02Z,"The FAA said passengers are increasingly breaking a key safety rule during emergency evacuations.ANDRES GALLEGO/AFP via Getty Images
<ul><li>An FAA video says passengers taking bags during an aircra… [+4120 chars]"
Josie Fischels,"Record heat cancels America 250 events, delays trains","Events in D.C. and Philadelphia were axed, and Amtrak is delaying some trains.",https://www.newsnationnow.com/weather/heat-wave-amtrak-cancellations-delays-america-250-celebrations-fourth-of-july/,2026-07-04T14:51:53Z,"(NewsNation) Record-breaking heat is upending Fourth of July celebrations across the country, forcing the cancellation of parades in Washington, D.C. and Philadelphia, delaying Amtrak trains througho… [+3003 chars]"
"C. A. Bridges and Sarah Perkel, USA TODAY NETWORK","Allegiant adds new routes at Fort Lauderdale Airport. Destinations, dates",Thirty new and returning seasonal Allegiant Air routes are coming to Florida — with many of them set to provide service to and from Fort Lauderdale.,https://www.usatoday.com/story/news/state/florida/2026/07/14/allegiant-new-seasonal-florida-routes-fort-lauderdale/90911990007/,2026-07-14T17:18:48Z,"Thirty new and returning seasonal Allegiant Air routes are coming to Florida with many of them set to provide service to and from Fort Lauderdale.
Eight of the Allegiant routes, largely set to begin… [+3728 chars]"
Associated Press,"Wildfire forces another 55,000 people to evacuate in southwest France","LEGE-CAP FERRET, France (AP) — A raging wildfire in southwest France forced the evacuation of 55,000 people overnight Sunday, taking the total forced out of...",https://www.yahoo.com/news/world/articles/wildfire-forces-another-55-000-062840298.html,2026-07-26T06:28:40Z,"LEGE-CAP FERRET, France (AP) A raging wildfire in southwest France forced the evacuation of 55,000 people overnight Sunday, taking the total forced out of their homes to 220,000 in one region alone a… [+713 chars]"
"Aaron Cooper, CNN",Flying too slow while overloaded in icy conditions caused last year’s deadly commercial plane crash in Alaska,"A pilot of an overloaded commuter plane appears to have been distracted by icy conditions and didn’t pay attention to his airspeed, leading to a crash that k...",https://www.cnn.com/2026/07/30/us/ntsb-alaska-plane-crash-cause,2026-07-30T22:25:39Z,"A pilot of an overloaded commuter plane appears to have been distracted by icy conditions and didn't pay attention to his airspeed, leading to a crash that killed all 10 people onboard, the National … [+4211 chars]"
https://www.facebook.com/bbcnews,Families of 43 victims await verdict in Genoa bridge disaster,A large section of the giant Morandi motorway bridge crumbled and collapsed on to the railway tracks below.,https://www.bbc.co.uk/news/articles/c20y00712ezo,2026-07-15T23:02:37Z,"Families of the victims are calling for answers after so many years of uncertainty.
Egle Possetti, who also represents the victims' families committee, says she and other relatives of the deceased h… [+1398 chars]"
Pete Syme,Why 9 planes had to declare an emergency above one of Europe's busiest airports,14 flights scheduled to land at London Gatwick Airport were diverted after a British Airways plane was met by emergency vehicles on the runway.,https://www.businessinsider.com/why-9-planes-declared-emergencies-near-london-gatwick-airport-2026-7,2026-07-15T16:03:20Z,"<ul><li>Nine airplanes declared emergencies while flying near London around midnight.
</li><li>London Gatwick Airport's runway was temporarily closed due to a problem with a British Airways jet.
</… [+2838 chars]"
JOSH FUNK,"NYC helicopter that crashed and killed 6 last year showed signs of a bird strike, safety board says",Bird remains found on the wreckage of a sightseeing helicopter that crashed into the Hudson River last year in New York City and killed 6 people suggest that...,https://www.yahoo.com/news/us/articles/nyc-helicopter-crashed-killed-6-184432009.html,2026-07-16T18:44:32Z,"Bird remains found on the wreckage of a sightseeing helicopter that crashed into the Hudson River last year in New York City and killed 6 people suggest that it struck several geese, investigators sa… [+3852 chars]"
Sean Cudahy,"SFO flight delays surged 60% this spring. Now, United says relief could be in sight.","United Airlines, the top carrier at San Francisco International Airport, says improvements are coming soon after months of flight delays.",https://thepointsguy.com/news/sfo-summer-flight-delays-united-says-relief-coming/,2026-07-16T21:44:21Z,"Things are about to get a lot better at San Francisco International Airport (SFO), United Airlines said Thursday, following a messy few months of flight delays.
Since April, travelers have run into … [+3677 chars]"
Danielle Han,Donald Trump Was Really Weird at Lindsey Graham’s Funeral,"Sat right in the front row, Trump treated the solemn state funeral like an unwanted two-hour delay at a Newark airport gate.",https://www.jezebel.com/donald-trump-was-really-weird-at-lindsey-grahams-funeral,2026-07-29T17:24:26Z,"Yesterday, political figures and foreign leadersincluding Israeli Prime Minister Benjamin Netanyahu and Ukrainian President Volodymyr Zelenskyygathered at the Washington National Cathedral to mourn t… [+3353 chars]"
Emma Smith,Trump presence means two-hour queues for World Cup final,Supporters are facing hours of queues to get into New York New Jersey Stadium amid heightened security for the 2026 World Cup final.,https://www.bbc.co.uk/sport/football/articles/c304p73m3zgo,2026-07-19T16:17:06Z,"There are two levels of security at the stadium, run by both the Secret Service and Transportation Security Administration (TSA).
The latter is usually responsible for security at airports in the Un… [+687 chars]"
"Thao Nguyen, USA TODAY",Floatplane catches fire after emergency landing near Sucia Island,A seaplane carrying 11 people crashed near Sucia Island in Washington's San Juan Islands. All aboard were accounted for.,https://www.usatoday.com/story/news/nation/2026/07/23/kenmore-air-seaplane-crash-san-juan-islands/91032187007/,2026-07-24T03:22:35Z,"A Kenmore Air floatplane carrying 11 people made an emergency landing and then caught fire on July 23 near Sucia Island in Washington state's San Juan Islands, prompting a large rescue response by em… [+3289 chars]"
https://www.facebook.com/bbcnews,"New EU border system tripling time at passport control, airport boss says",Ryanair has also warned passengers travelling to Europe this summer to prepare for extended waits.,https://www.bbc.co.uk/news/articles/ckg5gg6n9x3o,2026-07-19T01:47:59Z,"The EU's new border system has nearly tripled the time it's taking for Brits to get through passport control even after improvements have been made, a boss at Rome's main airport has said.
It comes … [+1448 chars]"
Oswarld (Kwangseob Ahn),Bloomberg Terminal Is Ugly and Clunky–Everyone Still Uses It,Iran's parliament speaker tweeted a Bloomberg command—by accident?,https://oztalking.com/en/issues/bloomberg-terminal-lock-in,2026-07-04T06:08:11Z,"Opening
Hello, subscriber. This is Ozs Knowledge Talking. A tweet on X (formerly Twitter) recently sent a shock through the trading floors. The poster was none other than Mohammad Bagher Ghalibaf, S… [+22497 chars]"
"techkritiko@gmail.com (Jay Bonggolto) , Jay Bonggolto",Android Auto is finally getting the Google Maps feature drivers have wanted,"Android Auto is finally getting a live, color-changing speedometer in Google Maps after years of waiting, but you'll have to sit tight while this long-overdue update slowly rolls out.",https://www.androidcentral.com/apps-software/android-auto/android-auto-is-finally-getting-the-google-maps-feature-drivers-have-wanted,2026-07-20T14:40:00Z,"What you need to know
<ul><li>Google Maps is finally bringing a live speedometer to Android Auto, closing a long-standing feature gap with Android phones and Apple CarPlay.</li><li>The rollout is cu… [+2717 chars]"
Cory Schouten,JetBlue to restore flights at LaGuardia's historic Marine Air Terminal after Spirit shutdown,"A general view of a jetBlue airliner headed towards JFK Airport on Aug. 23, 2024.
 

The deal means the Queens-based JetBlue could add up to 12 daily round trips out of the airport starting in 2027. [ more › ]",https://gothamist.com/news/jetblue-to-restore-flights-at-laguardias-historic-marine-air-terminal-after-spirit-shutdown,2026-07-21T17:38:07Z,LaGuardia Airport's historic Marine Air Terminal could once again serve air travelers after JetBlue won an auction to take over gates that were abandoned earlier this year when Spirit Airlines went b… [+1707 chars]
"Nadine El-Bawab, Clara McMichael, Dada Jovanovic, Daphne Tolis","Passenger window on Ryanair flight dislodges, partially sucking out passenger","A passenger window on a Ryanair flight dislodged shortly after takeoff from Thessaloniki, Greece, partially sucking out a passenger.",https://abcnews.com/US/passenger-window-ryanair-flight-dislodges-partially-sucking-passenger/story?id=134652591,2026-07-10T17:42:08Z,"A passenger window on a Ryanair flight dislodged shortly after takeoff from Thessaloniki, Greece, partially sucking out a passenger on Friday. 
A 61-year-old male passenger in the window seat was pa… [+2163 chars]"
Matty Edwards - West of England; Adam Grierson - Somerset,'Chaos' as four-month-long roadworks begin,"A one-way system will be in place for 12 weeks, diverting traffic from a major route.",https://www.bbc.com/news/articles/c7vg3g40edqo?xtor=AL-72-%5Bpartner%5D-%5Byahoo.north.america%5D-%5Bheadline%5D-%5Bnews%5D-%5Bbizdev%5D-%5Bisapi%5D,2026-07-20T14:02:45Z,"Motorists have been warned to expect four months of disruption as gas and electricity works next to an ongoing housing development begin.
A one-way system will be in place for 12 weeks on the A358 S… [+3166 chars]"
Yadullah Abidi,"5 Claude, OpenClaw, and Hermes skills that deserve to be in your toolkit",Good AI agents don't happen by accident.,https://www.makeuseof.com/claude-openclaw-hermes-skills-deserve-in-toolkit/,2026-07-21T19:00:17Z,"If you're constantly jumping between AI tools and agents, you'll quickly realize that good prompting only gets you so far, and at some point, you're just repeating the same instructions. Fortunately,… [+6075 chars]"
Sean Cudahy,Predict your TSA wait: This handy app is back up and running after 2 government shutdowns,Knowing what's ahead is important for air travel. The MyTSA app can help you anticipate wait times at the airport checkpoints.,https://thepointsguy.com/airline/tsa-app/,2026-07-02T13:00:55Z,"Standing in a long airport security line while precious minutes tick away before your flight is bad. But it's even worse when the line catches you off-guard.
Sure, this is where line-skipping progra… [+4096 chars]"
Cristian Dina,"Visa is cutting 2,600 tech jobs to bankroll the tech that threatens it","Visa is cutting about 2,600 jobs, roughly 7% of its staff, and it is cutting them mostly from the teams that build its technology. The money it saves is going into the payment methods that could one day make those rails matter less. The payments network confi…",https://thenextweb.com/news/visa-layoffs-2600-jobs-ai-stablecoin-reinvestment/,2026-07-29T13:49:23Z,"Visa is cutting about 2,600 jobs, roughly 7% of its staff, and it is cutting them mostly from the teams that build its technology. The money it saves is going into the payment methods that could one … [+3030 chars]"
John Gruber,Ryanair Literally Sucks,A passenger on board a flight from Greece to Germany was partially sucked out of a window when it broke soon after takeoff. A hospital official in northern Greece said the 61-year-old man suffered neck and shoulder injuries and friction burns. Passengers repo…,https://apnews.com/article/greece-germany-ryanair-passenger-457c424f541152af1becdb387c90cfdd,2026-07-11T03:04:10Z,"THESSALONIKI, Greece (AP) Fellow passengers pulled back a man who was partially sucked out of a dislodged airplane window on Friday, a few minutes after takeoff on a flight from northern Greece to Ge… [+4296 chars]"
Sean Cudahy,3 airports to join new 'TSA Gold+' program: What's that mean for travelers?,Airports are opting in to the TSA's new private screening program. Here's what that will mean for air travel.,https://thepointsguy.com/news/tsa-gold-plus-private-security-what-it-means-travelers/,2026-07-24T14:45:25Z,"A trio of U.S. airports is getting set to outsource security screening to private contractors in the coming months.
Three airports in Tampa, Des Moines, and Charleston, South Carolina will be the fi… [+6158 chars]"
Chance Miller,Flighty update adds powerful new Connection Assistant feature,"A big update to Flighty, the popular flight-tracking app, is available on the App Store today. The latest version of Flighty makes the app even more powerful, headlined by a powerful new Connection Assistant feature. Here’s how it works.",https://9to5mac.com/2026/07/07/flighty-update-adds-powerful-new-connection-assistant-feature/,2026-07-07T18:00:22Z,"A big update to Flighty, the popular flight-tracking app, is available on the App Store today. The latest version of Flighty makes the app even more powerful, headlined by a powerful new Connection A… [+1911 chars]"
Elizabeth Gibney,The existential choice facing UK physics facilities: commercialize or close,"The national synchrotron source, a laser facility and a particle accelerator are under threat of closure unless cash is found.",https://www.nature.com/articles/d41586-026-02171-7,2026-07-27T00:00:00Z,"Credit: David Goddard/Getty
Can commercial funding fill a hole of £42 million (US$56 million) a year in the finances of some of the United Kingdoms flagship science laboratories and facilities? 
Th… [+5796 chars]"
staff@jalopnik.com (Michael Frank),Are You More Likely To Get Into A Car Accident In The City Or The Country?,"Accidents are part of driving, but not every kind of drive is the same. So are you safer on the city streets, or in a more rural environment?",https://www.jalopnik.com/2205701/city-vs-country-car-accident-more-likely/,2026-07-05T02:25:00Z,"We know that city slickers think that because they don't drive, they're somehow safer. Sadly, they're not, not even if they practice ""defensive walking"". Positively, the Governor's Highway Safety Ass… [+1658 chars]"
Rachel Treisman,Trump allies could weaken historic preservation rules to fast-track federal projects,A council packed with Trump appointees is poised to rewrite historic preservation rules. Critics say that could help him build his D.C. arch faster — and endanger important sites across the country.,https://www.npr.org/2026/07/23/nx-s1-5904435/section-106-review-trump-historic-preservation-council,2026-07-23T20:14:58Z,The Trump administration is eyeing a workaround for one of the procedural hurdles facing its proposed 250-foot arch: weakening federal oversight of all construction projects affecting historic sites.… [+10458 chars]
https://www.facebook.com/bbcnews,Why do lorries still keep hitting railway bridges?,"National Rail says there are more than 1,500 bridge strikes across Britain's rail network each year.",https://www.bbc.co.uk/news/articles/cx264613mvgo,2026-07-05T06:17:00Z,"For rail passengers, it can be galling to hear or read that your train has been delayed, putting your journey, your day, back into a land of uncertainty.
That is the obvious consequence when a vehic… [+956 chars]"
phoinix,24-Ct Alka-Seltzer Cold & Flu + Congestion Relief Fast Gels Medicine 2 for $10.40 w/ S&S,"Amazon [amazon.com] has *24-Count Alka-Seltzer Plus Cold & Flu Power Max Liquid Gels* 2 for $18.94 - 80% (multibuy discount) - 5% when you check out via Subscribe & Save = *$10.41*. 
*Shipping is...",https://slickdeals.net/f/19704669-sns-ac-10-41-2-24-count-alka-seltzer-plus-cold-flu-power-max-liquid-gels-5-21-each-at-amazon,2026-07-02T07:04:35Z,Amazon has 24-Count Alka-Seltzer Cold &amp; Flu + Congestion Relief Fast Gels Medicine on sale for 2 for $18.94 - 5% Subscribe &amp; Save - Extra 80% Off 1 ($7.58) (discount automatically applied at … [+242 chars]
Parth Shah,I always change these Google Maps and Android Auto settings before every long road trip,Small tweaks make road trips easier,https://www.androidpolice.com/always-change-these-google-maps-android-auto-settings-before-long-road-trip/,2026-07-23T12:30:15Z,"A long road trip can quickly become frustrating when Google Maps keeps suggesting inconvenient routes, Android Auto feels cluttered, or constant notifications interrupt the drive.
That is why I neve… [+4881 chars]"
Dan Bova,"He Got Laid Off and Made a TikTok Video As a ‘Joke.’ Six Years Later, He Has a Following of Millions: ‘I Didn’t Think There Was a Demand for This’","Creator Mamadou Ndiaye on obsession, opportunity cost, and how he grew ""Casual Geographic"" ainto a massive brand.",https://www.entrepreneur.com/business-news/how-mamadou-ndiay-built-casual-geographic-into-a-viral-brand,2026-07-10T17:21:34Z,"This week on How Success Happens, I sat down with Mamadou Ndiaye, the internet zoologist behind the insanely funny and popular Casual Geographic channel. Hes the guy who turned animals that can f*cki… [+4970 chars]"
Al Jazeera,Guyana reports ferry disaster death toll rises to 41,Search continues for dozens more people unaccounted for after the MV Barima capsized on Saturday night.,https://www.aljazeera.com/news/2026/7/21/guyana-reports-ferry-disaster-death-toll-rises-to-41,2026-07-21T20:54:41Z,"Guyanas authorities have raised the death toll from last weekends ferry accident off the coast to at least 41 people.
Officials said on Tuesday that 14 additional bodies had been recovered by search… [+1793 chars]"
staff@slashfilm.com (Jeremy Smith),One Of Star Wars: The Force Awakens' Biggest Leaks Was A Complete Accident,"Disney and Lucasfilm managed to keep a lid on some of Star Wars: The Force Awakens' biggest surprises, but an early leak was one big accident.",https://www.slashfilm.com/2176640/star-wars-the-force-awakens-millennium-falcon-leak-accident/,2026-07-04T16:30:00Z,"When Matthew Myatt and his colleagues in the Airbourne Aviation Flying Club, based just outside of London at Popham Airfield, took to the skies on a random afternoon in 2014, he was looking to snap s… [+1433 chars]"
Miss Cellania,Flightradar24 Reports on 747-Space Shuttle Crash,"Flightradar24 is an internet service that tracks aircraft flights all over the world. If a plane flies overhead, you can point your phone to it and pull up the aircraft type, the flight number, its origin and destination, and even its altitude and speed. You …",https://www.neatorama.com/2026/07/18/Flightradar24-Reports-on-747-Space-Shuttle-Crash/,2026-07-18T18:08:02Z,"Flightradar24 is an internet service that tracks aircraft flights all over the world. If a plane flies overhead, you can point your phone to it and pull up the aircraft type, the flight number, its o… [+913 chars]"
Gabija Saveiskyte,Infamous Pan Am Plane That Crashed In 1952 Finally Found 74 Years After Tragedy That Claimed 52 Lives,"For families who spent generations wondering where the aircraft had disappeared, the discovery offered a long-awaited sense of closure.",https://www.boredpanda.com/pan-am-plane-wreckage-finally-found-74-years-after-crash/,2026-07-23T11:08:48Z,"The wreckage of a Pan American World Airways aircraft that disappeared beneath the Atlantic Ocean more than seven decades ago has finally been found, bringing closure to one of aviation’s oldest unso… [+8201 chars]"
,"After major derailment, Repentigny, Que., asks Ottawa to reduce freight train speeds in urban areas",The City of Repentigny is formally asking Ottawa to reassess speed limits for trains in urban areas after a derailment earlier this month saw 46 cars jump the tracks in a residential neighbourhood.,https://www.cbc.ca/news/canada/montreal/repentigny-asks-ottawa-to-consider-reducing-train-speeds-9.7271210,2026-07-15T17:41:36Z,"The City of Repentigny is asking the federal Transport Ministry to consider permanently reducing train speeds in urban areas following a major derailment
 earlier this month in a residential neighbo… [+1739 chars]"
By Lewis Jackson and Sam Li,Explainer-China's oil imports have plunged during the Iran war. How much will they recover?,"BEIJING, July 17 (Reuters) - For five years, China imported an average of 11.5 million barrels of oil per day.",https://finance.yahoo.com/energy/articles/explainer-chinas-oil-imports-plunged-054046958.html,2026-07-17T05:40:46Z,"By Lewis Jackson and Sam Li
BEIJING, July 17 (Reuters) - For five years, China imported an average of 11.5 million barrels of oil per day. Since April, it has averaged just 8 million bpd.
The speed… [+5005 chars]"
Trains.com Staff,Norfolk Southern’s earnings rise with volume gains,Norfolk Southern posted Q2 earnings that saw operating income rise 5% on revenue that was 11% higher. The post Norfolk Southern’s earnings rise with volume g...,https://finance.yahoo.com/markets/stocks/articles/norfolk-southern-earnings-rise-volume-190554444.html,2026-07-23T19:05:54Z,"Norfolk Southern reported stronger second-quarter profits today amid across-the-board volume growth.
""A lot's changed since our last call. Most importantly the sharp inflection in volumes, initially… [+3730 chars]"
Alexander Cope,"Cliff Bleszinski, the lead designer of Xbox 360's original Gears of War trilogy, wants to work full-time on video games again after an eight-year hiatus","In an interview with 80.LV, Cliff Bleszinski of Gears of War fame, provides insight into his journey of recovering from his health issues, reflects on the closure of his studio, Boss Key, and expresses a desire to work on video games after rediscovering his l…",https://www.windowscentral.com/gaming/cliff-bleszinski-of-gears-of-war-wants-to-work-on-games-again,2026-07-21T09:36:11Z,"Cliff Bleszinski is a legendary name among Xbox fans, as this man was the lead designer behind the original Gears of War trilogy that helped put the Xbox 360 become a dominant force during the mid-to… [+4010 chars]"
,Would this survival pod make you feel safer?,"LifePods survival capsules from Momentum Technologies offer flood, ballistic and earthquake protection starting around $27,000 before shipping costs.",https://www.foxnews.com/tech/survival-pod-make-feel-safer,2026-07-19T11:48:42Z,"Disaster prep used to mean bottled water, flashlights and maybe a generator in the garage. Now a French startup is taking all of that to the next level. Momentum Technologies recently showed off its … [+13820 chars]"
,The moment Tuesday's powerful earthquake hit Japan,Video shows locations across the region where a strong earthquake struck Japan's Kyushu island on 28 July.,https://www.bbc.co.uk/news/videos/cvg7v55gxnqo,2026-07-28T15:32:37Z,"A powerful earthquake struck Japans Kyushu island 28 July, forcing more than 150,000 people to evacuate. The quake caused power outages, damaged roads, brought down part of a castle wall, and destroy… [+255 chars]"
https://www.facebook.com/bbcnews,More than 100 aftershocks hit Japan after deadly quake that killed 13,"People are being urged to stay alert, with earthquake aftershocks potentially reaching magnitude 7, officials say",https://www.bbc.co.uk/news/articles/cgk43y21j0do,2026-07-29T11:10:54Z,"Japan's south-western Kyushu region has had more than 100 aftershocks since it was struck on Tuesday by a magnitude 6.8 earthquake which left at least 13 people dead.
Many others were said to be in … [+957 chars]"
Kristin Wright,Guam and surrounding Pacific islands brace for impact of Super Typhoon Bavi,"People in the Northern Mariana Islands – remote U.S. territories in the Pacific Ocean – are preparing for Super Typhoon Bavi, which experts say could bring winds of over 180 miles per hour.",https://www.npr.org/2026/07/05/g-s1-132052/guam-pacific-islands-brace-super-typhoon-bavi,2026-07-05T17:22:55Z,"Residents of the remote U.S. territories of Guam and the other Northern Mariana Islands are preparing for the arrival of Super Typhoon Bavi, which is forecast to cause severe damage.
The rapidly int… [+3532 chars]"
"Laura Paddison, CNN",Another ‘Super El Niño’ is brewing. Scientists are looking at a controversial solution to squash them,The planet is braced for a Super El Niño which could dramatically increase deadly extreme weather. Could dimming the sun reduce its ferocity?,https://www.cnn.com/2026/07/08/climate/super-el-ninos-extreme-weather-geoengineering-cloud-brightening,2026-07-08T18:00:25Z,"A Super El Niño is brewing and it could be the most intense in decades, threatening a dramatic increase in deadly extreme weather. But what if there was a way humans could dial down the ferocious imp… [+6295 chars]"
https://www.facebook.com/bbcnews,Viral TikTok beauty spot owners warn people not to visit secluded reservoir,"Described as a ""blue lagoon"", visitors flocked to see the turquoise waters during Covid.",https://www.bbc.co.uk/news/articles/c78yyjdkx39o,2026-07-20T22:00:00Z,"Since taking ownership in 2024, Brombil Reservoir Ltd said it had invested in structural surveys, engineering assessments, landscaping and waste clearance.
It added that compliance requirements from… [+1716 chars]"
The Associated Press,Hope dwindles for rescue in southwestern Japan quake as death toll climbs to 23,"Time was running out to find survivors, as rescuers continued to work in the Kumamoto area on Japan 's southern main island of Kyushu, where the magnitude 7.1 earthquake hit Tuesday.",https://www.npr.org/2026/07/30/nx-s1-5913050/japan-earthquake-updates,2026-07-30T05:18:58Z,"KUMAMOTO, Japan Rural communities in southwestern Japan were struggling to get their lives back to normal Thursday, two days after a powerful earthquake set off an explosion at a mall, toppled a fact… [+2588 chars]"
Mike Pearl,Major Publishers Are Reportedly Considering a Drastic Step to Get Their Content Out of Google’s AI Answers,Disallowing search indexing would be a big escalation.,https://gizmodo.com/major-publishers-are-reportedly-considering-a-drastic-step-to-get-their-content-out-of-googles-ai-answers-2000788873,2026-07-22T09:30:04Z,"Publishers are facing very tough choices when it comes to Googles AI, according to a new Wall Street Journal report. Facing a drought of search traffic, theyre considering cutting off Googles access … [+2409 chars]"
The Associated Press,Rescuers search for the missing after Japan earthquake as death toll rises to 13,Soldiers and emergency workers combed through a badly damaged shopping mall and collapsed houses looking for trapped survivors Wednesday after a powerful earthquake that killed at least 13 people.,https://www.npr.org/2026/07/29/nx-s1-5911613/japan-earthquake-updates,2026-07-29T05:34:42Z,"KUMAMOTO, Japan Soldiers and emergency workers combed through a badly damaged shopping mall and collapsed houses looking for trapped survivors Wednesday after a powerful earthquake that killed at lea… [+2438 chars]"
Reuters,Shipping problems continue as Rhine water level falls again,"HAMBURG, July 27 (Reuters) - The river Rhine in Germany has fallen after weekend rain in south Germany was less than expected and is forecast to fall further...",https://finance.yahoo.com/markets/commodities/articles/shipping-problems-continue-rhine-water-081225142.html,2026-07-27T08:12:25Z,"HAMBURG, July 27 (Reuters) - The river Rhine in Germany has fallen after weekend rain in south Germany was less than expected and is forecast to fall further in coming days, the country's inland navi… [+1731 chars]"
Matthew Loh,Ukraine's war robot usage jumped 122% in 6 months as the frontline 'kill zone' for human troops grows,"Ukraine said its forces carried out 16,676 ground drone missions in June, up from 7,511 in January.",https://www.businessinsider.com/ukraine-uncrewed-ground-vehicle-drone-usage-double-kill-zone-expand-2026-7#article,2026-07-13T06:12:47Z,"A ground drone travels along a road covered by anti-drone nets in Donetsk.Nina Liashonok/Ukrinform/NurPhoto
<ul><li>Ukraine said it used ground drones in over 16,000 missions in June, up from 7,500 … [+2555 chars]"
The Associated Press,Death toll from southwestern Japan quake climbs to 34,"Searchers continued to work in the Kumamoto area, including at the site of the collapsed mall, where some of the most serious damage was recorded.",https://www.npr.org/2026/07/31/g-s1-136503/japan-quake-death-toll,2026-07-31T05:40:16Z,"KUMAMOTO, Japan The death toll climbed to 34 from a powerful earthquake in southwestern Japan that set off an explosion at a mall, toppled a factory chimney and flattened homes, the Kumamoto prefectu… [+3304 chars]"
"By Joe Cash, Yimou Lee and Mariko Katsumura","China, Taiwan brace for Typhoon Bavi, possibly the most powerful storm in years","By Joe Cash, Yimou Lee and Mariko Katsumura BEIJING/SUAO, Taiwan/TOKYO, July 9 (Reuters) - China and Taiwan were bracing for possibly the most destructive tr...",https://www.yahoo.com/news/weather-news/articles/typhoon-bavi-churns-towards-taiwan-015948831.html,2026-07-09T07:07:59Z,"By Joe Cash, Yimou Lee and Mariko Katsumura
BEIJING/SUAO, Taiwan/TOKYO, July 9 (Reuters) - China and Taiwan were bracing for possibly the most destructive tropical storm in years as Typhoon Bavi chu… [+4628 chars]"
"Dinah Voyles Pulver and Doyle Rice, USA TODAY",'Mind-blowing' El Niño stuns scientists. Why are they so concerned?,"A Pacific El Niño is setting daily warm water records. Scientists say the world is in uncharted waters, and they aren't sure what will happen next.",https://www.usatoday.com/story/news/weather/2026/07/25/el-nino-updates-data-impacts/91028072007/,2026-07-25T14:34:50Z,"The world's most influential climate pattern is baring its teeth in the Pacific.
The strengthening El Niño a natural warming of seawater that influences weather around the planet is setting daily wa… [+7874 chars]"
ABC News,WATCH: Dwayne Johnson talks new live-action 'Moana',Johnson joins fellow stars Auli'i Cravalho and Catherine Laga'aia to take viewers behind the scenes of the live-action adaptation of the classic animated film.,https://abcnews.com/video/134646337/,2026-07-10T15:02:01Z,"<ul><li>Israel warns of new Iranian plot to kill Trump: Sources
</li><li>Maine Democrats work to replace Platner as Senate nominee
</li><li>Man nearly sucked out of window on Ryanair flight
</li><… [+4235 chars]"
ABC News,WATCH: Pentagon releases 4th batch of UFO files,ABC News' Luis Martinez reports on the latest release from the Pentagon.,https://abcnews.com/video/134653183/,2026-07-10T15:44:54Z,"<ul><li>Israel warns of new Iranian plot to kill Trump: Sources
</li><li>Ceasefire with Iran is over, Trump says
</li><li>Maine Democrats work to replace Platner as Senate nominee
</li><li>Man nea… [+4285 chars]"
"Jessie Yeung, CNN",Why does Japan experience so many large earthquakes?,"Almost no other country in the world is rocked by such frequent and damaging earthquakes as Japan, which sits on the boundary of four tectonic plates.",https://www.cnn.com/2026/07/29/asia/japan-earthquake-kumamoto-ring-of-fire-intl-hnk,2026-07-29T08:23:19Z,"Almost no other country in the world is rocked by such frequent and damaging earthquakes as Japan an island nation that sits on the boundary of four tectonic plates, the constantly-shifting slabs of … [+6624 chars]"
ABC News,WATCH: McDonalds teams up with BTS again,"ABC News' Rocsi Diaz discusses what's trending on your feeds, including BTS' BT21 Happy Meal, Future's new album and new developments in NFL wide receiver Stefon Diggs' legal fight.",https://abcnews.com/video/134664320/,2026-07-10T21:54:31Z,"<ul><li>Israel warns of new Iranian plot to kill Trump: Sources
</li><li>Ceasefire with Iran is over, Trump says
</li><li>Video from Tyler Robinson's roommate shown at hearing
</li><li>Pentagon re… [+4233 chars]"
ABC News,WATCH: Harry Styles' 'As It Was' becomes Spotify’s 5th most-streamed song ever,ABC News’ Will Ganss shares the buzziest stories of the day in “GMA” Pop News.,https://abcnews.com/video/134658610/,2026-07-10T19:05:23Z,"<ul><li>Israel warns of new Iranian plot to kill Trump: Sources
</li><li>Ceasefire with Iran is over, Trump says
</li><li>Video from Tyler Robinson's roommate shown at hearing
</li><li>Pentagon re… [+4233 chars]"
ABC News,WATCH: Maine Democrats work to replace Platner as Senate nominee,"Progressive Change Campaign Committee co-founder Adam Green discusses the state of the race, which has been rocked by sexual assault allegations against Graham Platner.",https://abcnews.com/video/134644578/,2026-07-10T19:08:58Z,"<ul><li>Israel warns of new Iranian plot to kill Trump: Sources
</li><li>Ceasefire with Iran is over, Trump says
</li><li>Video from Tyler Robinson's roommate shown at hearing
</li><li>Pentagon re… [+4233 chars]"
Michael Cripe,Marvel's Wolverine Trailer Flooded With Comments as Physical Disc Backlash Against PlayStation Continues,"Insomniac Games attempted to drum up excitement when it published a new cinematic trailer for Marvel's Wolverine yesterday, but it didn't take long for it to flood with negative comments from fans who haven't forgiven Sony after it announced plans to cease pr…",https://www.ign.com/articles/marvels-wolverine-trailer-flooded-with-comments-as-physical-disc-backlash-against-playstation-continues,2026-07-17T22:40:29Z,"Insomniac Games attempted to drum up excitement when it published a new cinematic trailer for Marvel's Wolverine
 yesterday, but it soon became flooded with negative comments from fans who haven't f… [+3371 chars]"
"Kasha Patel, Chiara Negrello, CNN",An American blue crab took over Italian lagoons. Now fishers are looking for new careers,"Within three years, an Atlantic blue crab invasion has transformed Italy’s lucrative clam industry – forcing generations of fishers to give up their licenses...",https://www.cnn.com/2026/07/18/climate/italy-manila-clam-blue-crab-invasion,2026-07-18T04:41:49Z,"As the sun was rising, two fisherwomen dragged their boat through the Scardovari lagoon in northeastern Italy. Oscarina Soncin stood in one of the largest clam-harvesting sites in Europe the frigid w… [+14711 chars]"
"Kenton Gewecke, Jon Haworth, Bill Hutchinson",Tropical Storm Bertha makes a 2nd Gulf Coast landfall,"Tropical storm Bertha made landfall in southeast Louisiana on Wednesday afternoon and is now back over the ocean, approximately 95 miles southeast of Lake Charles.",https://abcnews.com/US/tropical-storm-bertha-heads-texas-after-making-landfall/story?id=135011934,2026-07-23T21:50:53Z,"Tropical storm Bertha made its second landfall on the Gulf Coast in two days, moving ashore near the Texas-Louisiana state line on Thursday, a day after it first made landfall in southeast Louisiana.… [+1279 chars]"
Mark Warren,"Oblivion Remastered's lengthy patch drought could end with its Switch 2 release, which Bethesda say includes ""optimisations"" they hope to bring to PC","It's been just over a year since Oblivion Remastered got update 1.2, a patch aiming to improve its performance and fix a bunch of bugs that'd been floating around since release. Since that point, the Elder Scrolls 4 revamp's been without any major updates, de…",https://www.rockpapershotgun.com/oblivion-remastereds-lengthy-patch-drought-could-end-with-its-switch-2-release-which-bethesda-say-includes-optimisations-they-hope-to-bring-to-pc,2026-07-23T11:30:00Z,"It's been just over a year since Oblivion Remastered got update 1.2, a patch aiming to improve its performance and fix a bunch of bugs that'd been floating around since release. Since that point, the… [+2293 chars]"
By Sybille de La Hamaide,Wildfires darken the clouds over France's Bordeaux wine industry,"By Sybille de La Hamaide PARIS, July 28 (Reuters) - Wildfires burning outside Bordeaux are underscoring the climate challenges facing France's largest wine r...",https://www.yahoo.com/news/science/articles/wildfires-darken-clouds-over-frances-165730011.html,2026-07-28T16:57:30Z,"By Sybille de La Hamaide
PARIS, July 28 (Reuters) - Wildfires burning outside Bordeaux are underscoring the climate challenges facing France's largest wine region, where producers are grappling with… [+2809 chars]"
,New sodium-ion battery could reshape grid storage,"CATL launches TENER, the first commercially ready sodium-ion battery energy storage system designed for grid storage and renewable energy support.",https://www.foxnews.com/tech/new-sodium-ion-battery-reshape-grid-storage,2026-07-02T17:00:06Z,A new sodium-ion battery from Chinese battery giant CATL could eventually affect something much closer to home: the power grid that keeps your lights on. CATL has introduced its TENER Sodium Energy S… [+8516 chars]
Klara Kofen,A past and future of trade secrets,A past and future of trade secrets,https://www.cabinetmagazine.org/issues/70/kofen.php,2026-07-30T19:26:18Z,"A past and future of trade secrets
History is dry. All diagrams produced by the author using Anthropics Claude Sonnet 4.5.
Radar chart with labels readings wet world, acceleration, leave earth for … [+42150 chars]"
ABC News,WATCH: 37 children lose their lives annually trapped in hot cars as new tech emerges,"Automotive technology is offering a solution to the issue, but simple reminder techniques can also help prevent tragedy.",https://abcnews.com/video/134656021/,2026-07-10T18:43:42Z,"<ul><li>Trump green lights new round of talks while doubling down that ceasefire is over
</li><li>Trump won't sign bipartisan housing bill set to become law overnight
</li><li>Man fatally shot by I… [+4285 chars]"
ABC News,WATCH: Simple bike ride leads to extraordinary act of kindness,"A 14-year-old bicylist became a neighborhood hero after spotting a woman wandering alone in the Arizona heat, appearing disoriented. His quick call to her family and first responders helped save her.",https://abcnews.com/video/134683759/,2026-07-12T02:09:00Z,"<ul><li>Trump green lights new round of talks while doubling down that ceasefire is over
</li><li>Trump won't sign bipartisan housing bill set to become law overnight
</li><li>Parents of Nolan Well… [+4420 chars]"
ABC News,"WATCH: Despite being struck by car, DoorDash driver completes her delivery",The DoorDash driver was hit by a sedan authorities say fleeing police in Houston. She suffered only minor injuries and got up and finished the drop-off.,https://abcnews.com/video/134684032/,2026-07-12T00:05:25Z,"<ul><li>Trump green lights new round of talks while doubling down that ceasefire is over
</li><li>Trump won't sign bipartisan housing bill set to become law overnight
</li><li>Parents of Nolan Well… [+4420 chars]"
ABC News,WATCH: Humanoid robots step up to the operating table,"ABC News' Leslie Lopez gets an inside look at ""Surgie,"" a robot guided by surgeons during real operations that could become a future game changer for hospitals.",https://abcnews.com/video/134674628/,2026-07-12T01:29:13Z,"<ul><li>Trump green lights new round of talks while doubling down that ceasefire is over
</li><li>Trump won't sign bipartisan housing bill set to become law overnight
</li><li>Parents of Nolan Well… [+4420 chars]"
ABC News,WATCH: Comedian Jeff Arcuri on his new Netflix stand-up special and working crowds,"ABC News' Linsey Davis spoke with comedian Jeff Arcuri on his new Netflix stand-up special, his rise through Tik Tok and his unique ability to work a crowd.",https://abcnews.com/video/134667866/,2026-07-11T00:54:24Z,"<ul><li>Trump green lights new round of talks while doubling down that ceasefire is over
</li><li>Trump won't sign bipartisan housing bill set to become law overnight
</li><li>Man fatally shot by I… [+4285 chars]"
ABC News,WATCH: Pentagon releases new trove of eerie UFO files,"The Pentagon has released eerie new videos and images showing more of what the government calls ""unidentified anomalous phenomena,"" or a UAP - commonly referred to the public as a UFO.",https://abcnews.com/video/134666117/,2026-07-11T00:28:12Z,"<ul><li>Trump green lights new round of talks while doubling down that ceasefire is over
</li><li>Trump won't sign bipartisan housing bill set to become law overnight
</li><li>Man fatally shot by I… [+4285 chars]"
ABC News,WATCH: China touts first reusable rocket booster,"China says it has successfully returned a reusable rocket booster, marking a major breakthrough in space technology.",https://abcnews.com/video/134665903/,2026-07-11T00:28:40Z,"<ul><li>Trump green lights new round of talks while doubling down that ceasefire is over
</li><li>Trump won't sign bipartisan housing bill set to become law overnight
</li><li>Man fatally shot by I… [+4285 chars]"
,Super typhoon as wide as France heads to East Asia,"As Super Typhoon Bavi approaches, residents in Taiwan, Japan and China have been stockpiling supplies.",https://www.aljazeera.com/video/newsfeed/2026/7/10/super-typhoon-as-wide-as-france-heads-to-east-asia,2026-07-10T14:08:37Z,"NewsFeed
As Super Typhoon Bavi approaches, residents in Taiwan, Japan and China have been stockpiling supplies and closing businesses. Hundreds of fishing boats have rushed back to port to shelter f… [+60 chars]"
Michael Le Page,Global warming already causing crop losses of over $20 billion a year,"Climate change is already having a big impact on crop yields, and the subsequent financial losses will continue to rise as the world keeps warming",https://www.newscientist.com/article/2533593-global-warming-already-causing-crop-losses-of-over-20-billion-a-year/,2026-07-10T15:00:51Z,"The economies of countries where many people work in farming will be hit the hardest
Imago/Alamy
Global warming-fuelled heat and drought is already hitting yields of maize, wheat and soybeans to th… [+4450 chars]"
By Tom Polansek,"USDA reports unusually large US beef export sales, raising doubts over data","CHICAGO, July 2 (Reuters) - With U. beef prices soaring and supplies tight, the U.",https://finance.yahoo.com/markets/commodities/articles/usda-reports-unusually-large-us-174951408.html,2026-07-02T17:49:51Z,"By Tom Polansek
CHICAGO, July 2 (Reuters) - With U.S. beef prices soaring and supplies tight, the U.S. Department of Agriculture surprised meat producers and traders on Thursday by reporting a spike… [+2318 chars]"
,Cruise ship hotel left listing in China port after high tides,A cruise ship-turned-luxury floating hotel that has been idle for about 14 years rolled onto its side while docked.,https://www.aljazeera.com/video/newsfeed/2026/7/15/cruise-ship-hotel-left-listing-in-china-port-after-high-tides,2026-07-15T16:55:01Z,"NewsFeed
A cruise ship-turned-luxury floating hotel that has been idle for about 14 years rolled onto its side while docked in Wenzhou, China. The operator blamed unusually high tides, which may be … [+72 chars]"
"Ivan Watson, Rebecca Wright, Dan Hodge and Yasmin Coles, CNN",Chinese ship shoots water cannon at Philippine vessel with CNN crew on board near flashpoint shoal,"Chinese ships fired water cannon at Philippine vessels, including one carrying a CNN crew, near a dangerous flashpoint in the South China Sea on Friday – the...",https://www.cnn.com/2026/07/24/asia/china-philippines-south-china-sea-scarborough-intl-hnk,2026-07-24T09:19:41Z,"Chinese ships fired water cannon at Philippine vessels, including one carrying a CNN crew, near a dangerous flashpoint in the South China Sea on Friday the third tense confrontation this week in the … [+8430 chars]"
Rokket,"8"" Mainstays Ombre Glass Hurricane Pillar Candle Holder (3 Colors) $2.95","Walmart [walmart.com] has *Mainstays 8"" Ombre Glass Hurricane Pillar Candle Holder* (Purple, Brown or Smoke) on sale for *$2.96*. Shipping is free w/ Walmart+ (free trial available [walmart.com]) or...",https://slickdeals.net/f/19780566-mainstays-8-ombre-glass-hurricane-pillar-candle-holder-purple-brown-or-smoke-2-96-free-shipping-w-walmart-or-on-35,2026-07-20T15:12:01Z,"This collaborative space allows users to contribute additional information, tips, and insights to enhance the original deal post. Feel free to share your knowledge and help fellow shoppers make infor… [+26 chars]"
Caroline Lewis,Will climate change make plague-filled NYC summers like this one the new norm?,"The skyline of lower Manhattan and One World Trade Center are reflected on the top of a monument as wildfire smoke from Canada shrouds the sun as it rises in New York City on July 18, 2026, as seen from Jersey City, New Jersey.
 

Policy experts say climate c…",https://gothamist.com/news/will-climate-change-make-plague-filled-nyc-summers-like-this-one-the-new-norm,2026-07-27T10:30:59Z,"Extreme heat and wildfire smoke, flash flood warnings and the second deadly Legionnaires outbreak in two years not to mention a rise in tick-borne illnesses. If it feels like this New York summer has… [+8129 chars]"
Ethan Gach,"The New Wolverine Trailer Now Has 10,000+ Comments About PlayStation Discs",Marvel's Wolverine could be Insomniac Games' last release with a physical edition,https://kotaku.com/the-new-wolverine-trailer-now-has-10000-comments-about-playstation-discs-2000717422,2026-07-18T15:01:20Z,"PlayStation fans are continuing to rake Sony over the coals for its plan to end disc production in 2028, around the same time the PS6 launches. The current battleground is the YouTube comment section… [+2653 chars]"
DIGITIMES,Kumamoto quake exposes Kyushu auto supply-chain fault lines,"Japan's July 28 Kumamoto earthquake disrupted vehicle and component production across Kyushu, forcing Toyota Motor Kyushu, Honda Motor, Nissan Motor and major suppliers to halt or curtail output while assessing factory damage, parts availability and logistics…",https://www.digitimes.com/news/a20260730VL226/kumamoto-earthquake-vehicle-component-production.html,2026-07-30T07:00:04Z,"Japan's July 28 Kumamoto earthquake disrupted vehicle and component production across Kyushu, forcing Toyota Motor Kyushu, Honda Motor, Nissan Motor and major suppliers to halt or curtail output whil… [+52 chars]"
Jake Conley,A 'Super El Niño' is expected to squeeze commodities even further this year,"Scientists are expecting a ""Super El Niño"" to emerge this fall, threatening supply for a range of commodities.",https://finance.yahoo.com/markets/article/a-super-el-nino-is-expected-to-squeeze-commodities-even-further-this-year-100000389.html,2026-07-28T10:00:00Z,"Commodities markets may soon have a second major issue to worry about: extreme weather.
As the economy grapples with the supply shock of war in the Middle East and the cut-off traffic through the St… [+5439 chars]"
Al Jazeera Staff,Trump threatens Canada with steeper tariff costs over wildfire smoke,US president has frequently pushed false claims blaming the mismanagement of rival politicians for large wildfires.,https://www.aljazeera.com/news/2026/7/17/trump-threatens-canada-with-steeper-tariff-costs-over-wildfire-smoke,2026-07-17T22:47:31Z,"United States President Donald Trump has threatened to impose additional tariffs against Canada, as a penalty for the wildfire smoke that has clouded cities across North America.
On Friday, Trump co… [+4481 chars]"
CK Smith,The latest thing Trump wants to stop at the border: smoke,Wildfire smoke from Canada sparks tariff threats as the president targets pollution crossing into the U.S.,https://www.salon.com/2026/07/18/the-latest-thing-trump-wants-to-stop-at-the-border-smoke/,2026-07-18T18:26:26Z,"The smoke crossing the U.S.-Canada border has become the latest target of President Donald Trumps tariff threats.
As wildfire smoke from Canada continues to blanket parts of the United States, pushi… [+2993 chars]"
Anna Gragert,The Unfiltered Truth: What Air Purifiers Actually Catch,"I connected with experts to find out where our air quality is headed, and if air purifiers are the breath of fresh air we need.",https://www.cnet.com/home/kitchen-and-household/features/air-purifiers-aqi-hvac-hepa-filters-cover-story/,2026-07-15T12:12:15Z,"The howling winds are like nothing I've heard as they churn the eerie, smoke-filled sky above my community. Nearby, a massive wildfire rages. Disaster is imminent.   
In our second-story apartment, … [+27880 chars]"
Anna Gragert,We Don’t Have a Clean Indoor Air Act. Are Air Purifiers the Answer?,"The Clean Air Act only covers outdoor air, but some pollutants lurk indoors. I consulted experts to determine whether air purifiers are enough to protect our airways.",https://www.cnet.com/home/kitchen-and-household/features/we-dont-have-clean-indoor-air-act-are-air-purifiers-answer/,2026-07-19T09:52:00Z,"The howling winds are like nothing I've heard before as they beat against the windowpanes. The sky is an eerie gray -- not from clouds, but smoke. A massive wildfire rages nearby. Disaster is imminen… [+27916 chars]"
By Siddarth S and Johann M Cherian,Emerging markets stare at inflation risks as powerful El Niño looms,By Siddarth S and Johann M Cherian July 27 (Reuters) - Emerging economies already strained by the Middle East conflict face a new threat: a potentially power...,https://finance.yahoo.com/economy/policy/articles/emerging-markets-stare-inflation-risks-064514843.html,2026-07-27T06:45:14Z,"By Siddarth S and Johann M Cherian
July 27 (Reuters) - Emerging economies already strained by the Middle East conflict face a new threat: a potentially powerful El Niño that could push up food price… [+5381 chars]"
SickerDealer,adidas Men's Adizero Boston 13 Shoes (2 Colors) $64.20 + Free S&H,adidas via eBay has adidas Men's Adizero Boston 13 Shoes (Core Black / Cloud White / Grey Five) for $107 - $42.80 (40% off) when you apply coupon code ADIJULY4 at checkout = $64.20. Shipping is f,https://slickdeals.net/f/19727940-adidas-men-adizero-boston-13-shoes-core-black-cloud-white-grey-five-64-2,2026-07-07T00:17:11Z,"I bought two pairs of Boston 12's and I'm almost at 400 miles with my first pair. If the Boston 13 is anything like the Boston 12, this can be a daily if you like to run fast and if you like ""ground … [+239 chars]"
Al Jazeera,Tornadoes kill 17 in central China as Typhoon Bavi looms offshore,"Severe rain and winds lash southern Guangxi and central Hubei provinces, with President Xi urging an 'all out' response.",https://www.aljazeera.com/news/2026/7/7/tornadoes-kill-17-in-central-china-as-typhoon-bavi-looms-offshore,2026-07-07T17:56:09Z,"Tornadoes and storms battering central China have killed at least 17 people, injured hundreds and forced tens of thousands to flee their homes, with President Xi Jinping calling for all-out rescue ef… [+2501 chars]"
,AE Studio recruiting pirates to recover treasure located by AI,"AE Studio is hiring a pirate. Yes, really. AI maps the wreck, you go recover the cargo.",https://ae.studio/jobs/pirate,2026-07-28T23:03:12Z,"An expedition to recover what bureaucracy quietly buried. The model finds it. You bring it home.
AE Studio is mining roughly eighty million pages of Spanish colonial bureaucracy, ship manifests, adm… [+4870 chars]"
Yves Smith,Links 7/7/2026,"Our blue dailly links: shop cats, moar extreme weather, NATO freakout as Russia pounds Ukraine, EU LNG shortage? Germany v. AfD, India typhoid, Cuba grid fail, EU digitgal passport, JD Vance Trump diss, AI debt worries, BNPL as crisis trigger? Saylor sells Bi…",https://www.nakedcapitalism.com/2026/07/links-7-7-2026.html,2026-07-07T10:59:47Z,"Through the Eyes of Shop Cats Sixth Tone (guurst)
I Thought This Was a Literary Myth Until I Checked Classical Literature (Micael T)
Sciencing With a Primate Brain: Reflections on the Nature of Sci… [+11355 chars]"
Aaron Pruner,Tim Cook’s Final Earnings Call: Record iPhone Sales and Future Pricing Woes,"In his last earnings call as Apple’s CEO, Cook signals potential pricing headwinds due to the ongoing RAM shortage.",https://www.cnet.com/tech/tim-cook-final-apple-earnings-call-iphone-sales-pricing-woes/,2026-07-30T23:42:23Z,"Demand for Apple’s iPhone and MacBook product lines surged during the third quarter of 2026, signaling record-breaking revenues for June. This was the toplining statement from Apple’s outgoing CEO, T… [+2512 chars]"
Michael Sol Warren,NYC’s wildfire smoke clears after second-worst event in modern record,"Wildfire smoke from Canada shrouds the sun as it rises behind the skyline of lower Manhattan and One World Trade Center in New York City.
 

Officials warn smoke could return as Canadian wildfires continue burning. [ more › ]",https://gothamist.com/news/nycs-wildfire-smoke-clears-after-second-worst-event-in-modern-record,2026-07-19T20:27:00Z,"The haze has lifted, the campfire smell has faded and New York City can breathe a little easier.
For now.
City officials said New York has weathered its second-most severe smoke event in the city's… [+1776 chars]"
https://www.facebook.com/bbcnews,Climate we had in 20th Century 'has now gone' - Met Office,The latest report on the UK's climate warns cold mountainous areas are also being lost.,https://www.bbc.co.uk/news/articles/c802041g4v8o,2026-07-15T11:11:32Z,"In the southeast of England, ""we are seeing the emergence of new warmer climates"", explains Kendon. 
At the same time areas including Vale of York and Lancashire have similar temperatures now to tho… [+1572 chars]"
Barry Ritholtz,10 Tuesday AM Reads,My Two-for-Tuesday morning train WFH reads: • Gold’s Faithful Think Twice as Prices Slide From Record Highs: The metal declined again Monday after the U.S. and Iran traded a fresh round of attacks. Gold slides off record highs and the faithful are wobbling. N…,https://ritholtz.com/2026/07/10-tuesday-am-reads-481/,2026-07-14T10:30:12Z,Golds Faithful Think Twice as Prices Slide From Record Highs: The metal declined again Monday after the U.S. and Iran traded a fresh round of attacks. Gold slides off record highs and the faithful ar… [+5222 chars]
Zack Zwiezen,Halo: Campaign Evolved: The Kotaku Review,A technically impressive and mostly fine remake of a great game that I’m struggling to recommend,https://kotaku.com/halo-campaign-evolved-remake-ce-ps5-pro-xbox-kotaku-review-2000718494,2026-07-23T15:00:29Z,"It is 2001. Im playing Halosopening level on Microsofts new console, the Xbox. Im having a good time. It is 2011. Im playing Halos opening level in Halo: Combat Evolved Anniversary Edition. Im having… [+8100 chars]"
"Susana Erazo, CNN",He died in Venezuela’s earthquakes a day after the US deported him. Now his mother is seeking justice,"Oswadeliz Núñez remembers arguing with her son Daniel when he got a tattoo when he was 24. About four years later, that tattoo helped her identify his body.",https://www.cnn.com/2026/07/17/americas/venezuela-earthquake-deportation-intl-latam,2026-07-17T10:00:26Z,"Lee el artículo en español
Oswadeliz Núñez remembers arguing with her son Daniel when he decided to get a tattoo when he was 24. About four years later, that tattoo helped her identify Daniel's body… [+8110 chars]"
Faisal Ali,Record El Niño threatens to unleash floods across East Africa and Asia,Aid groups warn a record-strength El Niño could unleash flooding and hunger from Somalia to Pakistan.,https://www.aljazeera.com/news/2026/7/14/record-el-nino-threatens-to-unleash-floods-across-east-africa-and-asia,2026-07-14T01:27:57Z,"A rapidly intensifying El Niño weather pattern is threatening to bring severe flooding, disease and drought to some of the worlds most vulnerable communities across East Africa and Asia, a humanitari… [+3461 chars]"
RT,Typhoon rips roofs off buildings and floods southern China (VIDEOS),"Typhoon Hongxia, also known as Noul, made landfall in Guangdong with winds of up to 162 kph, forcing evacuations, grounding flights, and triggering flash flood warnings across southern China",https://www.rt.com/news/643488-typhoon-slams-southern-china/,2026-07-26T14:46:57Z,"Typhoon Hongxia, internationally known as Noul, made landfall in southern China’s Guangdong Province early Sunday, triggering mass evacuations, widespread transportation disruptions, and torrential r… [+4107 chars]"
Al Jazeera,"Trump imposes 50% US tariffs on some Canadian goods, citing discrimination","Tariffs apply to Canadian wine, hockey sticks, cement, and other products, sparking fears of escalating trade tensions.",https://www.aljazeera.com/news/2026/7/21/trump-imposes-50-us-tariffs-on-some-canadian-goods-citing-discrimination,2026-07-21T00:08:50Z,"US President Donald Trump will impose new 50 percent tariffs on many Canadian goods, claiming discriminatory treatment by Ottawa against US alcohol, automobile and dairy products.
The tariffs, order… [+1884 chars]"
https://www.facebook.com/bbcnews,How cow showers and fans help farmers keep cattle cool,Dairy farmers are using cow showers and fans to protect cattle as hotter summers hit milk production.,https://www.bbc.co.uk/news/articles/c62qz2geq93o,2026-07-29T05:18:49Z,"Experts say prolonged dry weather is now becoming a regular challenge for dairy farms, leaving grass scorched, cattle heat-stressed and farmers relying on winter feed months earlier than planned.
 ""… [+867 chars]"
"Brooke Roberts-Islam, Senior Contributor, 
 Brooke Roberts-Islam, Senior Contributor
 https://www.forbes.com/sites/brookerobertsislam/",Fashion CFOs Are Turning Sustainability Into A P&L Issue,"As sustainability costs rise, fashion CFOs and supplier finance leaders are tying climate, materials and factory investments to margin and resilience.",https://www.forbes.com/sites/brookerobertsislam/2026/07/22/fashion-cfos-are-turning-sustainability-into-a-pl-issue/,2026-07-22T06:30:24Z,"Mulberry Bayswater bag made with British Pasture Leather, at Mulberry's Somerset factory.
Mulberry
Global Fashion Agenda (GFA) put chief financial officers in the driving seat at this years Global … [+13423 chars]"
Omar Kardoudi,"Incredible portable survival pod fends off bombings, floods and worse","A new class of survival capsule wants to turn disaster-proofing into something you can order rather than build. French startup Momentum Technologies showed off its LifePods at VivaTech and Eurosatory 2026 recently, deployable shelters designed to keep people …",https://newatlas.com/outdoors/portable-bunkers-momentum-lifepods/,2026-07-06T13:57:00Z,A new class of survival capsule wants to turn disaster-proofing into something you can order rather than build. French startup Momentum Technologies showed off its LifePods at VivaTech and Eurosatory… [+3981 chars]
https://www.facebook.com/bbcnews,India wants to join the strawberry superpowers,"Indian strawberry farmers rely on varieties imported from the US and Europe, but that could change.",https://www.bbc.co.uk/news/articles/c8x274xxxpwo,2026-07-30T22:04:09Z,"Large farms with more resources are investing in new technology.
Ketan Yashwant Sodha, is the founder and CEO of Berry Fresh Agrotech. He started with traditional open-field farming, but was frustra… [+3739 chars]"
bringatrailer,5k-Mile 1993 GMC Typhoon,"This 1993 GMC Typhoon has spent time in West Virginia, Ohio, and Puerto Rico and now shows 5k miles. It is finished in Apple Red over Charcoal leather and powered by a turbocharged 4.3-liter V6 that drives all four wheels through a four-speed automatic transm…",https://bringatrailer.com/listing/1993-gmc-typhoon-40/,2026-07-13T22:50:22Z,"This 1993 GMC Typhoon has spent time in West Virginia, Ohio, and Puerto Rico and now shows 5k miles. It is finished in Apple Red over Charcoal leather and powered by a turbocharged 4.3-liter V6 that … [+2701 chars]"
Alex Cooke,Earthquake Halts Sony's Kumamoto Sensor Plant as Fujifilm and TSMC Evacuate,"A 7.1-magnitude earthquake struck southern Japan on July 28, forcing evacuations at three of the biggest names in image sensor production. Sony has since confirmed that production remains stopped at its largest sensor plant while it checks the site for damage…",https://fstoppers.com/news/earthquake-halts-sonys-kumamoto-sensor-plant-fujifilm-and-tsmc-evacuate-903769,2026-07-30T01:05:19Z,"A 7.1-magnitude earthquake struck southern Japan on July 28, forcing evacuations at three of the biggest names in image sensor production. Sony has since confirmed that production remains stopped at … [+2545 chars]"
"Joseph Ataman, Frederik Pleitgen and Claudia Otto, CNN",The view from Tehran: Anger and vengeance in the air as Iran buries its longest-serving leader,"It’s been a historic week in Iran. For just the second time in the nearly 50-year history of the Islamic Republic, the country has buried a supreme leader. A...",https://www.cnn.com/2026/07/11/middleeast/view-from-tehran-intl,2026-07-11T04:45:50Z,"It's been a historic week in Iran.
For just the second time in the nearly 50-year history of the Islamic Republic, the country has buried a supreme leader. Ali Khamenei ruled Iran as a spiritual lea… [+7858 chars]"
Al Jazeera Staff,Romanian jet fighter shoots down suspected Russian drone,The incident adds to concern that Moscow’s war on Ukraine risks spilling over to entangle neighbouring NATO states.,https://www.aljazeera.com/news/2026/7/24/romanian-jet-fighter-shoots-down-suspected-russian-drone,2026-07-24T16:53:55Z,"A Romanian fighter jet has shot down a drone, suspected to be Russian, that breached the countrys airspace.
The incident on Friday marked the first time the Eastern European country has intercepted … [+2339 chars]"
Alex Tabarrok,Land Reclamation!,"“Buy land,” they said, “they aren’t making any more.” But in fact, we used to make a lot of land. Half the land area of Boston, a quarter of Manhattan, and 15% of San Francisco were raised from the sea before 1970. Tyler has already pointed to Zigmund Forrest…",https://marginalrevolution.com/marginalrevolution/2026/07/land-reclamation.html,2026-07-09T11:18:32Z,"“Buy land,” they said, “they aren’t making any more.” But in fact, we used to make a lot of land. Half the land area of Boston, a quarter of Manhattan, and 15% of San Francisco were raised from the s… [+2426 chars]"
"Maureen O'Hare, CNN",How a royal scandal created one of the world’s greatest sacred masterpieces,"Istanbul’s Blue Mosque was built by Sultan Ahmed I to rival the city’s Hagia Sophia. An Ottoman masterpiece, it was at one time just a minaret away from blas...",https://www.cnn.com/travel/blue-mosque-istanbul-sultan-ahmed-sultanahmet-camii,2026-07-23T12:20:40Z,"EDITOR'S NOTE:  This CNN Travel series may have adjacent ads by the country it highlights. CNN retains full editorial control over subject matter, reporting and frequency of the articles and videos, … [+10723 chars]"
Tony Dong,Most Income Investors Have Never Heard of the Bond ETF Paying 8 Percent for Betting Against Natural Disasters,"The cost of insuring against natural disasters has climbed sharply over the past decade. More people are living in coastal regions, wildfire-prone communitie...",https://247wallst.com/investing/2026/07/03/most-income-investors-have-never-heard-of-the-bond-etf-paying-8-percent-for-betting-against-natural-disasters/,2026-07-03T16:40:56Z,"Quick Read
<ul><li>ILS provides exposure to catastrophe bonds instead of traditional corporate or government debt: Investors earn high income for assuming insured disaster risk rather than credit or… [+6609 chars]"
"Elizabeth Canales, Associate Professor of Agricultural Economics, Mississippi State University","A perfect storm of factors is driving up US produce prices, but shoppers can still save","US shoppers are seeing higher fruit and vegetable prices thanks to trade tensions, extreme weather and geopolitics, just to name a few reasons.",https://theconversation.com/a-perfect-storm-of-factors-is-driving-up-us-produce-prices-but-shoppers-can-still-save-286608,2026-07-16T12:20:26Z,"While U.S. produce prices are rising across the board, tomatoes are among the most affected. AP Photo/Marco Ugarte
From tomatoes and berries to lettuce and peppers, shoppers are feeling sticker shoc… [+6158 chars]"
,What climate science can tell us about the lost world that inspired The Odyssey,"A new climate study suggests centuries of drought added pressure to the Bronze Age societies that inspired Homer's The Odyssey, revealing how environmental stress, food insecurity and failing trade networks may have shaped a world of collapse and survival.",https://www.cbc.ca/news/science/climate-science-odyssey-9.7286084,2026-07-29T08:00:00Z,"By the time The Odyssey was composed, the Bronze Age palace societies that helped inspire its fictional world had been gone for centuries.
Palaces had fallen, trade networks had fractured and popula… [+6445 chars]"
Tik Root,The year climate change came for the Tour de France,"Record heat, wildfire threats, and an unprecedented stage modification highlighted the growing challenge global warming poses to endurance sports.",https://grist.org/culture/the-year-climate-change-came-for-the-tour-de-france/,2026-07-23T08:15:00Z,"Tadej Pogaar is expected to ride to victory on the Champs-Élysées in Paris when the Tour de France ends Sunday. While his commanding performance has left little doubt about the outcome, the journey t… [+5069 chars]"
ABC News,WATCH: Taco Bell responds to reports of stomach parasite investigation,"Thousands of people have become sick since May from the illness. The source has not yet been identified, but Taco Bell is taking voluntary precautionary action amid the multistate investigation.",https://abcnews.com/video/134775420/,2026-07-15T13:20:18Z,"<ul><li>Acting AG Todd Blanche makes opening statement at confirmation hearing
</li><li>New naval blockade in effect
</li><li>New video footage shows moments before deadly ICE shooting
</li><li>To… [+4622 chars]"
Kellen,Pixel Watch 5 Prices,"Now that Google has announced its Made by Google event for August 12, prepare for a flood of leaks of information onto our plates. Just yesterday, we saw supposed pricing for the new Pixel 11 series and that’s now being followed up with pricing for the Pixel …",https://www.droid-life.com/2026/07/08/pixel-watch-5-prices/,2026-07-08T15:03:57Z,"Now that Google has announced its Made by Google event for August 12, prepare for a flood of leaks of information onto our plates. Just yesterday, we saw supposed pricing for the new Pixel 11 series … [+1279 chars]"
ABC News,WATCH: How stores are luring shoppers with 'Skelly' and other spooky items earlier than ever,"Retailers are unveiling Halloween merchandise months earlier than ever, and ABC News' Sam Champion gets an exclusive preview of one retailer's seasonal collection.",https://abcnews.com/video/134776018/,2026-07-15T14:48:45Z,"<ul><li>Acting AG Todd Blanche makes opening statement at confirmation hearing
</li><li>New naval blockade in effect
</li><li>New video footage shows moments before deadly ICE shooting
</li><li>To… [+4622 chars]"
ABC News,WATCH: Oklahoma tree trimming brothers plummet after cable snaps,"Surveillance video captured a terrifying scene when the tree trimmers plummeted 45 feet. Two brothers, Isaac and Andrew Reyes, suffered serious injuries and are recovering in the hospital.",https://abcnews.com/video/134799402/,2026-07-15T23:39:32Z,"<ul><li>Todd Blanche questioned at attorney general confirmation hearing
</li><li>Epstein survivor seeks accountability from Blanche, DOJ over file release
</li><li>2026 ESPYs preview: Knicks, Step… [+4514 chars]"
ABC News,WATCH: Ryanair passenger speaks out,A woman who helped save her husband after he was nearly pulled out of a plane window shares the terrifying ordeal.,https://abcnews.com/video/134776608/,2026-07-15T13:10:22Z,"<ul><li>Acting AG Todd Blanche makes opening statement at confirmation hearing
</li><li>New naval blockade in effect
</li><li>New video footage shows moments before deadly ICE shooting
</li><li>To… [+4622 chars]"
ABC News,WATCH: Major League baseball All-Star Game moments,"The Midsummer Classic came to Philadelphia, where MLB honored the Declaration of Independence by having players sign the starting lineup with a quill pen 250 years later.",https://abcnews.com/video/134776237/,2026-07-15T14:50:35Z,"<ul><li>Acting AG Todd Blanche makes opening statement at confirmation hearing
</li><li>New naval blockade in effect
</li><li>New video footage shows moments before deadly ICE shooting
</li><li>To… [+4622 chars]"
Paulo Montenegro,SpaceX Starlink Mini 2 Leak Reinforces Built-In Battery And Portability Upgrade,"SpaceX appears to be preparing the launch of its next-generation compact satellite terminal, provisionally named the Starlink Mini 2. Information leaked on social media by hardware engineer Oleg Kutkov suggests that the upcoming device will introduce several …",https://www.ubergizmo.com/2026/07/spacex-starlink-mini-2-leak-reinforces-built-in-battery-and-portability-upgrade/,2026-07-22T15:00:26Z,"SpaceX appears to be preparing the launch of its next-generation compact satellite terminal, provisionally named the Starlink Mini 2. Information leaked on social media by hardware engineer Oleg Kutk… [+2535 chars]"
"Derek Norman, Contributor, 
 Derek Norman, Contributor
 https://www.forbes.com/sites/dereknorman/",The Next Green Revolution: Climate-Resilient Crops,"American farmers face increasing climate volatility. Scientists are developing diverse solutions, integrating genetics, breeding, and engineering to adapt crops.",https://www.forbes.com/sites/dereknorman/2026/07/21/the-next-green-revolution-climate-resilient-crops/,2026-07-21T12:00:00Z,"POLO, IL - AUGUST 10: Corn plants lie on the ground following a derecho storm, a widespread wind storm associated with a band of rapidly moving showers or thunderstorms, on August 10, 2020 near Polo,… [+7808 chars]"
Eleanor Pringle,China’s exports are so huge they’re now lowering inflation in other countries,"A discrepancy between China's export data and U.S. import data is ""not because ships are sinking mid-Pacific,"" notes UBS's Paul Donovan.",https://finance.yahoo.com/economy/policy/articles/china-exports-huge-now-lowering-070600999.html,2026-07-28T07:06:00Z,"The ""Liberation Day"" tariffs of April 2, 2025, were the best example of President Trump's economic nationalismthe concept that nations should prioritize their own industries and workforce over global… [+4583 chars]"
Jennifer Sor,'No longer a Goldilocks market': A Wall Street firm unveils its investing playbook for a new stock regime,"BMO sees a new regime for stocks defined by higher rates, stubborn inflationary pressures, & tighter liquidity. Here's what investors need to know.",https://www.businessinsider.com/how-to-invest-stock-market-outlook-goldilocks-rates-inflation-2026-07,2026-07-06T13:59:25Z,"<ul><li>BMO thinks the stock market's ideal ""Goldilocks"" days are over.
</li><li>The firm says markets will now be shaped by higher rates, stubborn inflation pressures, and tighter liquidity.
</li>… [+4798 chars]"
Sasha Rogelberg,The $39 trillion U.S. national debt isn’t as high as Japan’s and Singapore’s relative to economy size—and yet it’s still worse somehow,“Japan’s debt dynamics are fundamentally different from those of the United States … Japan is the world’s largest creditor nation. The U.S. is the world’s la...,https://finance.yahoo.com/economy/policy/articles/39-trillion-u-national-debt-151021359.html,2026-07-23T15:10:21Z,"Statistics don't always tell the full story, and the U.S. national debt is evidence as to why. 
Despite its $39 trillion national debt, the U.S. barely cracks the top 10 in countries for debt relati… [+4275 chars]"
Jess Weatherbed,"TikTok’s protection of minors should not be opt-in, warns EU",TikTok has attracted the ire of the European Union over its protection of children who use the video sharing platform. The European Commission announced preliminary findings today under the Digital Services Act (DSA) that offer specific issues to address. The…,https://www.theverge.com/tech/970519/tiktok-eu-dsa-child-safety-age-account-privacy,2026-07-24T11:40:03Z,"<ul><li></li><li></li><li></li></ul>
A high level of protection should not be an opt-in; it should be the default.
A high level of protection should not be an opt-in; it should be the default.
by… [+3066 chars]"
Nilay Patel,"‘No company is going to go to jail for you’: Proton’s CTO on balancing privacy, policy, and trust","Today on Decoder, we’ve got the first of a two-part series on the systems that run the world: I’m talking with Bart Butler, the CTO of Proton, the company that makes private and secure productivity software. You probably know it best for Proton Mail, which is…",https://www.theverge.com/podcast/966074/proton-cto-bart-butler-privacy-encryption-surveillance-age-verification,2026-07-16T13:59:05Z,"<ul><li></li><li></li><li></li></ul>
Bart Butler on encryption, child safety, and why theres no such thing as a backdoor for only the good guys.
by
Nilay PatelClose
Posts from this author will be… [+78861 chars]"
Jordan Blum,Trump may have to choose between an endless quagmire and ceding the Strait of Hormuz to Iran,The global energy trade is likely changed forever by the outcome of the Iran war.,https://www.yahoo.com/news/politics/articles/trump-may-choose-between-endless-080700006.html,2026-07-18T08:07:00Z,"Nearly five months into the war in Iran, the conflict has entered a ""second round"" as bombs fly throughout the Middle East after a temporary truce collapsed. Iran is again threatening passage through… [+9226 chars]"
Emma Roth,What’s the catch with the Apple Upgrade program?,"Apple's new Upgrade program is here, allowing you to lease select models of iPhones, iPads, Macs, and Watches with a relatively low monthly payment. The company promises you won't pay more than the full price of the device over the course of the one- to three…",https://www.theverge.com/tech/972583/apple-upgrade-program-deal,2026-07-29T18:40:06Z,"<ul><li></li><li></li><li></li></ul>
We did the math on Apples new device leasing program so you dont have to.
We did the math on Apples new device leasing program so you dont have to.
by
Emma Ro… [+7204 chars]"
Konstantin Lyutovich,Why Dubai is Becoming the World’s Financial Bunker in 2026,"Dubai has emerged as 2026's safest haven for capital. It's a stable, tax-efficient ""financial bunker"" where hard-asset real estate is anchored by a permanent influx of global wealth and talent, making it the smart investor's move amid worldwide economic and g…",https://www.entrepreneur.com/entrepreneurs/why-dubai-is-becoming-the-worlds-financial-bunker-in-2026,2026-07-20T14:46:08Z,"Opinions expressed by Entrepreneur contributors are their own.In an era when the global economy looks like a storm and the geopolitical map is being redrawn in real-time, investors are facing the ult… [+6136 chars]"
BeauHD,South Korea's SK Hynix Launching $28 Billion US Listing To Ride Global AI Wave,"SK Hynix is launching a Nasdaq listing expected to raise about $28 billion, giving US investors easier access to one of the biggest beneficiaries of the AI memory-chip boom. Reuters reports: The company will sell 17.79 million new shares in the depository rec…",https://hardware.slashdot.org/story/26/07/06/1859227/south-koreas-sk-hynix-launching-28-billion-us-listing-to-ride-global-ai-wave,2026-07-06T21:00:00Z,The company will sell 17.79 million new shares in the depository receipt listing on the Nasdaq. Ten ADRs will represent one common share and the stock will be sold in a price range that is due to be … [+1561 chars]
Jonathan Small,This Startup Wants to Build the Weirdest-Looking Passenger Jet Since the Concorde. The U.S. Government Just Invested $3 Billion In It.,"With four aisles and no windows, the airliner would be the first real challenger to Boeing's U.S. monopoly in decades.",https://www.entrepreneur.com/business-news/this-startup-wants-to-build-the-weirdest-looking-passenger-jet-since-the-concorde,2026-07-30T13:17:00Z,"For decades, the default design for an airliner has been a long tube with wings. JetZero just landed a preliminary $3 billion deal from the US government to help build something really different: a “… [+2644 chars]"
Jay Peters,Jon Prosser responds to Apple lawsuit by blaming the other guy,"YouTuber Jon Prosser has finally filed a formal response to Apple's lawsuit made against him and another defendant over allegedly stealing iOS secrets. In his response, Prosser denied that he ""planned or participated in any conspiracy or coordinated scheme"" f…",https://www.theverge.com/tech/961285/jon-prosser-apple-lawsuit-response-ios-leak,2026-07-03T13:12:35Z,"<ul><li></li><li></li><li></li></ul>
Prosser admitted to seeing unreleased iOS features in a FaceTime call and recording it.
Prosser admitted to seeing unreleased iOS features in a FaceTime call an… [+5558 chars]"
Tiisetso Motsoeneng,Economic concerns in focus as Zambia heads to the polls,The southern African nation is seeking to rebuild after defaulting on its debt in 2020 and as it faces severe power shortages.,https://www.semafor.com/article/07/29/2026/zambia-voters-head-to-polls-against-backdrop-of-economic-woes,2026-07-29T11:11:28Z,"The News
Zambians will vote next month in a test for the southern African region's most closely watched economic recovery, facing the twin pressures of emergency power imports and expanded parliamen… [+7166 chars]"
Allison,Dependabot version updates introduce default package cooldown,Dependabot now waits until a new release has been available on its registry for at least three days before opening a version update pull request. This cooldown is now the…,https://github.blog/changelog/2026-07-14-dependabot-version-updates-introduce-default-package-cooldown/,2026-07-14T21:15:51Z,Dependabot now waits until a new release has been available on its registry for at least three days before opening a version update pull request. This cooldown is now the default and requires no conf… [+820 chars]
Mia Osmonbekov,‘Close to as good as it gets’: Jamie Dimon just offered another warning on bubbly markets as Wall Street had a monster quarter,"JPMorgan and Goldman Sachs posted record profits Tuesday even as Iran tensions sent oil surging, with investors shrugged off the chaos as Jamie Dimon warned...",https://finance.yahoo.com/markets/stocks/articles/close-good-gets-jamie-dimon-191701053.html,2026-07-14T19:17:01Z,"Jamie Dimon has seen decades of market cycles, and on Tuesday's JPMorgan earnings call seemed to warn Wall Street about the bank's historic runwhile celebrating another blowout quarter.
""It's gettin… [+2990 chars]"
By Laura Matthews,US investors rethink bonds' role as inflation reshapes portfolios,"By Laura Matthews NEW YORK, July 23 (Reuters) - Some U.S. investors who once relied on bonds to cushion equity selloffs are making more room for commodities,...",https://finance.yahoo.com/markets/commodities/articles/analysis-us-investors-rethink-bonds-100408817.html,2026-07-23T12:24:02Z,"By Laura Matthews
NEW YORK, July 23 (Reuters) - Some U.S. investors who once relied on bonds to cushion equity selloffs are making more room for commodities, infrastructure, private credit and other… [+4543 chars]"
Higgsfield,We Hardened an AI Security Platform Against 16 Critical Vulnerabilities,"The only unified AI security platform covering all 7 attack vectors. Prompt injection, agent hijacking, MCP attacks, RAG poisoning, supply chain, model extraction, and vector database security. Deploy in 5 minutes.",https://aegis-security.higgsfield.app,2026-07-29T10:56:00Z,"Every competitor covers 1-2. AEGIS covers everything.Prompt Defense
3-classifier ensemble + regex fallback blocks prompt injection in &lt;7ms. DAN jailbreak, system extraction, and role override all… [+762 chars]"
GIADA ZAMPANO and PAOLO SANTALUCIA,"Conflicts and energy shocks threaten progress against global hunger, UN agency head warns","Conflicts and disruptions to global energy markets could push millions more people into hunger by driving up fuel, fertilizer and food costs, the head of the...",https://www.yahoo.com/news/world/articles/conflicts-energy-shocks-threaten-progress-102729313.html,2026-07-21T10:27:29Z,"ROME (AP) Conflicts and disruptions to global energy markets could push millions more people into hunger by driving up fuel, fertilizer and food costs, the head of the Rome-based International Fund f… [+3801 chars]"
Alice Tecotzky,"Delegation, trust, and a shared nickname: How two bankers co-lead a 550-person JPMorgan team",John China and Andrew Kresse co-lead a JPMorgan team of more than 550 focused on banking startups. They broke down how they make it work.,https://www.businessinsider.com/jpmorgan-startup-venture-banking-john-china-andrew-kresse-leadership-2026-7#article,2026-07-06T09:52:01Z,"John China and Andrew Kresse co-lead a team of more than 550 JPMorgan employees.JPMorgan
<ul><li>John China and Andrew Kresse co-lead a global team of more than 550 people at JPMorgan.</li><li>The I… [+5406 chars]"
Ellyn Lapointe,The Cheapest Way to Cool Data Centers Won’t Work in a Warmer World,"The weather conditions required for direct air free cooling are growing scarce, according to new research.",https://gizmodo.com/the-cheapest-way-to-cool-data-centers-wont-work-in-a-warmer-world-2000785402,2026-07-14T20:15:38Z,"Like it or not, data centers are now intrinsic to our modern lives, supporting not just the AI boom but healthcare, banking, government services, and other essential sectors. Reliable data center ope… [+5044 chars]"
adamsjack711-ux,"Pkgxray – inspect what gets installed, not what executes","Supply-chain security for AI agents, npm packages, and MCP servers. Analyze packages before you install them — zero-dep Node, runs locally, never executes untrusted code. - adamsjack711-ux/pkgxray",https://github.com/adamsjack711-ux/pkgxray,2026-07-22T12:31:02Z,"pkgxray pre-install security for npm packages, MCP servers, and AI agents.
Use local, zero-dependency package static analysis to inspect npm packages and
Model Context Protocol (MCP) servers before… [+15271 chars]"
By Marc Jones,JPMorgan warns 'super' El Niño and oil shock could prop up global inflation,"By Marc Jones LONDON, July 24 (Reuters) - A rapidly intensifying El Niño weather pattern combined with higher energy prices could add 0.3 percentage points t...",https://finance.yahoo.com/economy/articles/jpmorgan-warns-super-el-ni-151409868.html,2026-07-24T15:14:09Z,"By Marc Jones
LONDON, July 24 (Reuters) - A rapidly intensifying El Niño weather pattern combined with higher energy prices could add 0.3 percentage points to global inflation next year, hitting eme… [+2302 chars]"
By Steven Scheer and Ali Sawafta,Concerns of Palestinian economic crisis grow as Israeli banks prepare to cut ties,"By Steven Scheer and Ali Sawafta JERUSALEM/RAMALLAH, July 23 (Reuters) - Two Israeli banks will halt working with their Palestinian counterparts in the comin...",https://uk.news.yahoo.com/concerns-palestinian-economic-crisis-grow-152829422.html,2026-07-23T15:28:29Z,"By Steven Scheer and Ali Sawafta
JERUSALEM/RAMALLAH, July 23 (Reuters) - Two Israeli banks will halt working with their Palestinian counterparts in the coming months citing risks of associating with… [+4460 chars]"
By Atsuko Aoyama and Noriyuki Hirata,Japan may have sold up to $59 billion in yen-buying intervention,"By Atsuko Aoyama and Noriyuki Hirata TOKYO, July 31 (Reuters) - Japan may have sold as much as $58.97 billion in its latest efforts to bolster its currency,...",https://finance.yahoo.com/markets/currencies/articles/japan-may-sold-58-97-101716079.html,2026-07-31T11:34:22Z,"By Atsuko Aoyama and Noriyuki Hirata
TOKYO, July 31 (Reuters) - Japan may have sold as much as $58.97 billion in its latest efforts to bolster its currency, central bank data indicated on Friday, si… [+1856 chars]"
By Rae Wee,Yen rises as Japan woos pension funds into domestic assets,"By Rae Wee SINGAPORE, July 10 (Reuters) - The yen bounced on Friday on news that Japan plans to encourage pension funds to increase their holdings of domesti...",https://finance.yahoo.com/news/fragile-yen-set-weekly-decline-004342790.html,2026-07-10T05:13:24Z,"By Rae Wee
SINGAPORE, July 10 (Reuters) - The yen bounced on Friday on news that Japan plans to encourage pension funds to increase their holdings of domestic financial assets, a move analysts said … [+3209 chars]"
Carolin Riethmüller,S&P downgrades Oracle to BBB – only one notch above junk level,S&P Global has downgraded Oracle's rating due to massive AI investments. The company is now only one notch away from the speculative territory.,https://www.heise.de/en/news/S-P-downgrades-Oracle-to-BBB-only-one-notch-above-junk-level-11363472.html,2026-07-14T16:56:48Z,"Contents
Rating agency S&amp;P Global has lowered Oracle's creditworthiness from BBB to BBB- this is the lowest notch in the so-called investment-grade area. A further downgrade would push the datab… [+3202 chars]"
By Jesús Aguado,"Analysis-Spain, Portugal step up scrutiny of soaring property markets","By Jesús Aguado MADRID, July 6 (Reuters) - Spain and Portugal are stepping up scrutiny of their soaring property markets amid early signs of overheating, but...",https://finance.yahoo.com/real-estate/articles/analysis-spain-portugal-step-scrutiny-060714135.html,2026-07-06T06:07:14Z,"By Jesús Aguado
MADRID, July 6 (Reuters) - Spain and Portugal are stepping up scrutiny of their soaring property markets amid early signs of overheating, but supervisors are unlikely to intervene he… [+4314 chars]"
Andrew Liszewski,Google now lets you sign in to your account using a selfie video,"Google announced yet another way to gain access to your account if you get locked out, forget your password, or don't have access to the phone, computer, or two-factor authentication apps you typically use. As the name implies, selfie video lets you capture a…",https://www.theverge.com/tech/969361/google-account-sign-in-selfie-video-security,2026-07-22T22:55:27Z,"<ul><li></li><li></li><li></li></ul>
You can prove youre the account owner by capturing a short video of you turning your head.
You can prove youre the account owner by capturing a short video of y… [+2693 chars]"
https://www.facebook.com/bbcnews,Iain Watson: Burnham faces crucial choice for chancellor as battle for No 11 continues,"Whoever Burnham appoints to the key role will send a signal of his intent, writes Iain Watson.",https://www.bbc.co.uk/news/articles/ceqe55d0q9po,2026-07-15T17:13:06Z,"The battle for Number 10 is over. 
An overwhelming number of Labour MPs have nominated Andy Burnham. Under Labour's rules he needs trade union support too.
He crossed that threshold today. He is mo… [+2502 chars]"
Wes Davis,SwitchBot Home Dashboard Review: An E Ink Smart Display for the Weather-Obsessed,"SwitchBot’s E Ink smart display is great at what it does, but you’ll need programming chops if you want it to do more.",https://gizmodo.com/switchbot-home-dashboard-review-an-e-ink-smart-display-for-the-weather-obsessed-2000779585,2026-07-18T13:30:38Z,"Before it launched in June, the SwitchBot E-Ink Home Dashboardoriginally called the Weather Stationsounded like a really great smart display to have around. Simple to use and easy to place, with Matt… [+8326 chars]"
By Wayne Cole,"Shares, bonds make guarded gains as oil slips","By Wayne Cole SYDNEY, July 27 (Reuters) - Share markets gave a guarded response on Monday as a pause in fighting in the Gulf dragged oil prices lower, easing...",https://finance.yahoo.com/economy/articles/shares-bonds-bounce-oil-skid-004056720.html,2026-07-27T02:37:57Z,"By Wayne Cole
SYDNEY, July 27 (Reuters) - Share markets gave a guarded response on Monday as a pause in fighting in the Gulf dragged oil prices lower, easing inflation risks and boosting bonds ahead… [+3951 chars]"
Ayelet Sheffey,He works 3 jobs and may have to drain his retirement to afford a $600 student-loan payment surge,"Working full-time in IT, along with side jobs for Best Buy and DoorDash, one student-loan borrower is grappling with an anticipated payment surge.",https://www.businessinsider.com/works-3-jobs-student-loan-debt-payments-surging-retirement-trump-2026-7#article,2026-07-31T09:15:01Z,"Luke Helton said he may have to dig into his retirement savings to afford his higher student-loan payments.Jessica Tezak; Alyssa Powell/BI
Luke Helton realized too late that he rushed into law schoo… [+7062 chars]"
Eleanor Pringle,"Trump can’t stop shooting himself in the foot, as the stage looks set once again for Warsh to hold—if not hike—interest rates","“After months of upside inflation surprises, patience is wearing thin,” writes EY-Parthenon’s Gregory Daco.",https://finance.yahoo.com/economy/policy/articles/trump-t-stop-shooting-himself-113729276.html,2026-07-27T11:37:29Z,President Trump's campaign for lower interest rates in the U.S. faces another setback this week at the meeting of the Federal Open Market Committee (FOMC). Wall Street analysts have generally come to… [+3518 chars]
Omkar Godbole,"Ballooning U.S. debt sends investors to bitcoin, gold to shelter from dollar devaluation","The day ahead in crypto: July 27, 2026",https://www.coindesk.com/daybook-us/2026/07/27/ballooning-u-s-debt-sends-investors-to-bitcoin-gold-to-shelter-from-dollar-devaluation,2026-07-27T11:15:00Z,"""This is the world of fiscal dominance and ultimately will dictate Fed policy. Rates will necessarily need to be kept artificially low and liquidity will need to be provided to help fund the refinanc… [+1123 chars]"
David Nilssen,The Hiring Mistake That’s Preventing Companies From Building Strong Global Teams,Most companies are still hiring for yesterday's skills. Here's what they should be screening for instead.,https://www.entrepreneur.com/building-a-business/the-hiring-mistake-thats-preventing-companies-from-building-strong-global-teams,2026-07-14T17:00:00Z,"Opinions expressed by Entrepreneur contributors are their own.Key Takeaways
<ul><li>Don’t treat the org chart like a fixed document. The skills that build a strong distributed team today are differe… [+5624 chars]"
Elizabeth Lopatto,AI’s finally expensive enough to make Wall Street nervous,"It's earnings season, and investors got an unpleasant surprise from Google: an increase on its spending estimate, to as much as $205 billion - from the last quarter's projection of up to $190 billion. Even the lower end of Google's new projected range - $195 …",https://www.theverge.com/ai-artificial-intelligence/972119/ai-stock-fall-google-capex,2026-07-28T19:33:03Z,"<ul><li></li><li></li><li></li></ul>
The joys of quarterly earnings!
The joys of quarterly earnings!
by
Elizabeth LopattoClose
Posts from this author will be added to your daily email digest and… [+5891 chars]"
By Leika Kihara,Bank of Japan to signal more rate hikes as price pressures build,"By Leika Kihara TOKYO, July 27 (Reuters) - The Bank of Japan is set to keep interest rates steady on Friday but leave scope for further hikes with hawkish co...",https://finance.yahoo.com/economy/policy/articles/bank-japan-signal-more-rate-042736799.html,2026-07-27T04:27:36Z,"By Leika Kihara
TOKYO, July 27 (Reuters) - The Bank of Japan is set to keep interest rates steady on Friday but leave scope for further hikes with hawkish communication, as the economy faces mountin… [+3679 chars]"
By Mike Dolan,Morning Bid: Magnificent cash burn,"July 23 (Reuters) - What matters in U. and global markets today, Editor-at-Large, Finance and Markets There was a familiar playbook in response to Alphabet'...",https://finance.yahoo.com/news/morning-bid-magnificent-cash-burn-103800517.html,2026-07-23T10:38:00Z,"By Mike Dolan
July 23 (Reuters) -
What matters in U.S. and global markets today
By Mike Dolan, Editor-at-Large, Finance and Markets
There was a familiar playbook in response to Alphabet's earning… [+3865 chars]"
jsor@businessinsider.com (Jennifer Sor),The next DeepSeek? A surprise AI breakthrough in China is rattling US market heavyweights.,"Kimi K3, a new AI model in China, rivals advanced US models, sparking fears of another ""DeepSeek"" moment in markets.",https://www.businessinsider.com/stock-market-today-chip-selloff-kimi-moonshot-ai-rotation-soxx-2026-7#article,2026-07-17T15:37:15Z,"Kimi K3 is giving the US AI bulls anxiety. 
The new AI model built by Chinese startup Moonshot is the latest headwind pushing against the US AI trade in recent weeks. Kimi K3 is said to rival some o… [+4343 chars]"
ArgoHA,"D-FINE-seg – detection, instance and semantic segmentation in one model","D-FINE-seg Object Detection and Segmentation Framework (Train, Export, Inference) - ArgoHA/D-FINE-seg",https://github.com/ArgoHA/D-FINE-seg,2026-07-20T21:16:11Z,"Real-Time Object Detection, Instance and Semantic Segmentation
Quick StartUsageExportInferenceBenchmarksVideo TutorialColab
D-FINE-seg is a framework for real-time object detection, instance segmen… [+26389 chars]"
Phillip W. Magness,"America Was Not Founded by 'Tariff Men,' Contrary to This Painting in Trump's White House","Free trade is ""a direct affront to our Founding Fathers,"" President Donald Trump said during his first presidential campaign.",https://www.yahoo.com/news/politics/articles/america-not-founded-tariff-men-110004929.html,2026-07-05T11:00:04Z,"In a special America 250 issue, Reason takes a look back at our country's founding people and ideas. Read more here.
Last year, President Donald Trump unveiled a gold-framed painting that features h… [+12829 chars]"
Emma Burleigh,FedEx’s CEO landed his first job by taking a roommate’s abandoned interview. Now he’s running a $75 billion shipping giant,Raj Subramaniam became the second-ever CEO of FedEx by taking every opportunity thrown his way—including his roommate’s job interview.,https://finance.yahoo.com/small-business/articles/fedex-ceo-landed-first-job-180646692.html,2026-07-17T18:06:46Z,"Workers may believe that they need the right connections or flashy credentials to launch their careers. But sometimes, simply saying yesand leveraging a stroke of luckcan be the most effective way to… [+4544 chars]"
Megha Bahree,"As Chinese economy slows, experts say there will be ‘problems for Beijing’","While the 'export engine is running very hot', jobs are lagging, squeezing spending in China.",https://www.aljazeera.com/economy/2026/7/17/as-chinese-economy-slows-experts-say-there-will-be-problems-for-beijing,2026-07-17T10:06:25Z,"Chinas economy slowed sharply in the quarter ending June, revealing vulnerabilities in the countrys growth model, which is predominantly propelled by exports with little appetite for domestic consump… [+4471 chars]"
,Ruff v0.16.0 – Significant new updates – 413 default rules up from 59,The next stable version of Ruff is out now.,https://astral.sh/blog/ruff-v0.16.0,2026-07-26T09:01:39Z,"Ruff v0.16.0 is available now! Install it from
PyPI, or with your package manager of choice:
uv toolinstallruff@latest
As a reminder: Ruff is an extremely fast Python linter and formatter, written… [+6786 chars]"
By Tharuniyaa Lakshmi and Purvi Agarwal,European shares gain as US-Iran peace optimism lifts risk sentiment,"By Tharuniyaa Lakshmi and Purvi Agarwal July 27 (Reuters) - European shares climbed on Monday, as a pause in U.S.-Iran hostilities over the weekend sent oil...",https://finance.yahoo.com/markets/world-indices/articles/european-shares-gain-us-iran-092027730.html,2026-07-27T09:20:27Z,"By Tharuniyaa Lakshmi and Purvi Agarwal
July 27 (Reuters) - European shares climbed on Monday, as a pause in U.S.-Iran hostilities over the weekend sent oil prices lower and boosted risk appetite, a… [+2402 chars]"
Reuters,"Wall St futures rise as US, Iran pause hostilities","July 27 (Reuters) - Wall Street's main stock index futures rose on Monday as the United States and Iran announced a pause in hostilities over the weekend, se...",https://finance.yahoo.com/markets/stocks/articles/wall-st-futures-rise-us-085939852.html,2026-07-27T08:59:39Z,"July 27 (Reuters) - Wall Street's main stock index futures rose on Monday as the United States and Iran announced a pause in hostilities over the weekend, sending oil prices sharply lower.
A wide sw… [+2430 chars]"
Brent D. Griffiths,OpenAI CEO Sam Altman says AI 'will reshape the material conditions of human life',"OpenAI CEO Sam Altman said the AI industry is at a critical moment, which is why he called for the establishment of a US-led oversight forum.",https://www.businessinsider.com/sam-altman-ai-reshape-material-conditions-human-life-2026-7#article,2026-07-02T16:08:14Z,"OpenAI CEO Sam Altman proposed a US-led organization that would set the standards for global AI development.Eric Lee/Bloomberg via Getty Images
<ul><li>Sam Altman said that current AI systems would … [+3994 chars]"
Madeline Berg,"$6 for a Coke. $2,600 for an iPhone: Here's where everyday items cost the most.",Everyday life — from a bottle of soda to rent for a one bedroom — costs the most in these cities.,https://www.businessinsider.com/world-most-expensive-cities-everday-items-rent-food-iphone-switzerland-2026-7#article,2026-07-19T09:38:01Z,The offers and details on this page may have updated or changed since the time of publication. See our article on Business Insider for current information.Coffee lovers beware. A cappuccino in Zurich… [+8088 chars]
openai,OpenAI just open-sourced Codex Security,SDKs and CLI for Codex Security. Contribute to openai/codex-security development by creating an account on GitHub.,https://github.com/openai/codex-security,2026-07-28T20:52:55Z,"Codex Security is an open-source CLI and TypeScript SDK for finding, validating,
and reviewing security issues in code you own or have permission to assess.
Note
This package follows semantic vers… [+15470 chars]"
Max Zahn,Hiring worse than expected in June amid elevated inflation,"Hiring slowed markedly in June, falling short of economists' expectations and displaying a wobbly labor market amid elevated inflation set off by the Iran War.",https://abcnews.com/Business/jobs-report-set-show-hiring-robust-pace/story?id=134336526,2026-07-02T12:44:18Z,"Hiring slowed markedly in June, falling short of economists' expectations and displaying a wobbly labor market amid elevated inflation set off by the Iran War.
The U.S. added 57,000 jobs in June, ac… [+2298 chars]"
Brent D. Griffiths,OpenAI CEO Sam Altman says AI 'will reshape the material conditions of human life',"OpenAI CEO Sam Altman said the AI industry is at a critical moment, which is why he called for the establishment of a US-led oversight forum.",https://www.businessinsider.com/sam-altman-ai-reshape-material-conditions-human-life-2026-7,2026-07-02T16:08:14Z,"<ul><li>Sam Altman said that current AI systems would have been recently considered ""science fiction.""
</li><li>The OpenAI CEO said in the next year or so he expects systems ""with astonishing power.… [+3912 chars]"
,Telegram Serverless,Telegram Serverless lets you run backend code for your bot and Mini App directly on Telegram's infrastructure — no servers…,https://core.telegram.org/bots/serverless,2026-07-15T10:06:39Z,"Telegram Serverless lets you run backend code for your bot and Mini App directly on Telegram's infrastructure no servers to provision, no containers to keep alive, no scaling to think about. You writ… [+45573 chars]"
Al Jazeera,Resumption of oil exports: Will Yemen recover its economic lifeline?,"Yemen has proven oil reserves estimated at three billion barrels, but the security environment hinders its export.",https://www.aljazeera.com/economy/2026/7/23/resumption-of-oil-exports-will-yemen-recover-its-economic-lifeline,2026-07-23T19:28:24Z,"The announcement by the head of Yemens Presidential Leadership Council, Rashad al-Alimi, to resume oil exports starting July 20 following a halt that began in late 2022 has revived hope that the Yeme… [+8123 chars]"
Idrees Kahloon,Trump’s Anti-Growth Agenda,"When a superpower’s economy lags, hegemony becomes unsustainable.",https://www.theatlantic.com/ideas/2026/07/trumps-growth-hegemony-decline-britain/687904/,2026-07-14T10:00:00Z,"In June 1897, Great Britain, at the apex of empire, organized an elaborate pageant celebrating Queen Victoria’s 60 years on the throne. The industrial revolution had turned a small island nation into… [+12151 chars]"
Pierre Barre,ZeroFS vs. Amazon S3 Files,"Amazon S3 Files writes to an AWS-managed high-performance storage tier, then exports changes to S3. ZeroFS persists its own filesystem format directly to object storage.",https://www.zerofs.net/blog/zerofs-vs-aws-s3-files/,2026-07-11T18:15:35Z,"Amazon S3 Files and ZeroFS expose POSIX filesystems backed by object storage, but the shared interface hides opposite bucket layouts. The choice turns on the role of the bucket: if files must remain … [+9887 chars]"
Blake Stimac,Gemini Gems: What They Are and How to Make One,Tucked away in Gemini are custom AI experts you’re probably not using.,https://www.cnet.com/tech/services-and-software/gemini-gems-what-they-are-and-how-to-make-one/,2026-07-23T16:30:10Z,"Gemini can do a lot these days; its not just about answering questions or generating images. You can vibe code entire games and apps, perform deep research and even turn content into guided learning.… [+5986 chars]"
Al Jazeera,How World Bank and IMF loans are reshaping policymaking in Africa,"As debt pressures grow, African governments are reassessing the trade-offs of concessional financing.",https://www.aljazeera.com/economy/2026/7/10/how-world-bank-and-imf-loans-are-reshaping-policymaking-in-africa,2026-07-10T00:56:19Z,"Nairobi, Kenya For decades, multilateral lenders such as the World Bank and the International Monetary Fund (IMF) have provided developing countries with financing that is often cheaper than commerci… [+8120 chars]"
WILL WEISSERT,"Trump shifts his tone on Jimmy Carter while grappling with Iran, inflation and his own legacy","Jimmy Carter used to be one of President Donald Trump ’s favorite political targets, a catchall foil for feckless Democrats that he could jeer at to make him...",https://www.yahoo.com/news/politics/articles/trump-shifts-tone-jimmy-carter-131501080.html,2026-07-18T13:15:01Z,"WASHINGTON (AP) Jimmy Carter used to be one of President Donald Trump 's favorite political targets, a catchall foil for feckless Democrats that he could jeer at to make himself look strong and decis… [+7245 chars]"
Al Williams,Postal IRCs are Almost a Thing of the Past,"Have you ever found out that something you remember from your youth is now gone, and you didn’t even notice? If you are a certain age, you might feel that way when I deliver the news: You hav…",https://hackaday.com/2026/07/21/postal-ircs-are-almost-a-thing-of-the-past/,2026-07-21T17:00:35Z,"Have you ever found out that something you remember from your youth is now gone, and you didn’t even notice? If you are a certain age, you might feel that way when I deliver the news: You haven’t bee… [+3644 chars]"
Alex Nicoll,I gave up my investment banking career to operate short-term rentals. Now I can be the father I want to be.,A former banker explains why he left Wall Street — disappointing his immigrant parents — to build a vacation-rental business.,https://www.businessinsider.com/left-investment-banking-career-vacation-rentals-fatherhood-2026-7,2026-07-12T09:25:01Z,"<ul><li>Michael Chang traded his dream investment banking job to run vacation rentals and be a present parent.
</li><li>It was hard for his immigrant parents to take at first, but it's paid off for … [+6655 chars]"
CNET BrandX for Cash App,From Kids to Teens to Independent: How Cash App Builds Savings Habits at Every Age,Teach your child financial literacy with a parent-controlled banking app that grows with them.,https://www.cnet.com/paid-content/how-cash-app-builds-savings-habits-for-kids-and-teens/,2026-07-20T18:59:16Z,The way parents talk to their kids about money changes over time. You might teach your six-year-old the basics of spending and saving — not to mention addition and subtraction — using actual dollars … [+9814 chars]
Sarang Sheth,Xiaomi launched a $107 compact photo printer while all other tech is becoming expensive,"Xiaomi launched a $107 compact photo printer while all other tech is becoming expensiveXiaomi picked a strange moment to launch cheap hardware, because the global gadget market spent 2024 and early 2025 conditioning buyers to accept higher prices....",https://www.yankodesign.com/2026/07/06/xiaomi-launched-a-107-compact-photo-printer-while-all-other-tech-is-becoming-expensive/,2026-07-07T00:30:55Z,"Xiaomi picked a strange moment to launch cheap hardware, because the global gadget market spent 2024 and early 2025 conditioning buyers to accept higher prices. Phones, laptops, tablets, and wearable… [+3326 chars]"
tmohamed@businessinsider.com (Theron Mohamed),Mark Cuban and Michal Burry warn the AI boom is dangerously reliant on Nvidia,"Mark Cuban said Nvidia is ""funding everyone and anyone,"" like IPOs during the dot-com bubble. Michael Burry said it's ""overreaching"" with its deals.",https://www.businessinsider.com/mark-cuban-michael-burry-nvidia-ai-deals-boom-microchips-infrastructure-2026-7#article,2026-07-29T15:53:11Z,"Mark Cuban and Michael Burry just sounded the alarm on Nvidia's sprawling web of AI deals.
Cuban struck a worried tone on X after another user wrote that Nvidia, by financing its customers' purchase… [+3664 chars]"
Greg Ose,Disrupting supply chain attacks on npm and GitHub Actions,"Explore the changes we've shipped across npm and GitHub Actions over the past few months to disrupt supply chain attack techniques and limit their impact.
The post Disrupting supply chain attacks on npm and GitHub Actions appeared first on The GitHub Blog.",https://github.blog/security/supply-chain-security/disrupting-supply-chain-attacks-on-npm-and-github-actions/,2026-07-27T23:55:38Z,"<!DOCTYPE html PUBLIC ""-//W3C//DTD HTML 4.0 Transitional//EN"" ""http://www.w3.org/TR/REC-html40/loose.dtd"">
In the past year, there’s been a pattern of supply chain attacks that target weaknesses in p… [+9504 chars]"
By Utkarsh Shetti,SK Hynix set for marquee US debut in test for AI appetite,July 10 (Reuters) - SK Hynix's U. trading debut on Friday following a $26.,https://finance.yahoo.com/technology/ai/articles/sk-hynix-set-marquee-us-061731678.html,2026-07-10T06:17:31Z,"By Utkarsh Shetti
July 10 (Reuters) - SK Hynix's U.S. trading debut on Friday following a $26.5 billion share sale will be a key test of investors' belief in the durability of the AI boom, coming af… [+3720 chars]"
Barry Ritholtz,"MiB: Lori Heinel, Global Chief Investment Officer at State Street Investment Management","This week, I speak with Lori Heinel, Global Chief Investment Officer at State Street Investment Management. We discuss her unlikely journey from majoring in religious studies at Princeton to working in finance and investing. She tells us about her role as CIO…",https://ritholtz.com/2026/07/mib-lori-heinel/,2026-07-25T13:00:57Z,"This week, I speak with Lori Heinel, Global Chief Investment Officer at State Street Investment Management. We discuss her unlikely journey from majoring in religious studies at Princeton to working … [+1479 chars]"
Arin Waichulis,Security Bite: Passkeys were supposed to have killed the password by now…,"9to5Mac Security Bite is exclusively brought to you by Mosyle, the only Apple Unified Platform. Making Apple devices work-ready and enterprise-safe is all we do. Our unique integrated approach to management and security combines state-of-the-art Apple-specifi…",https://9to5mac.com/2026/07/10/security-bite-passkeys-were-supposed-to-have-killed-the-password-by-now/,2026-07-10T12:31:16Z,"9to5Mac Security Bite is exclusively brought to you by Mosyle, the only Apple Unified Platform.Making Apple devices work-ready and enterprise-safe is all we do. Our unique integrated approach to mana… [+4526 chars]"
BeauHD,"Disable Autoplay and Infinite Scroll Or Risk Massive Fines, EU Tells Meta","An anonymous reader quotes a report from Ars Technica: The European Union is ramping up pressure on Meta to make big changes to Facebook and Instagram after the European Commission preliminarily found that features like autoplay, infinite scroll, and highly p…",https://meta.slashdot.org/story/26/07/10/1737224/disable-autoplay-and-infinite-scroll-or-risk-massive-fines-eu-tells-meta,2026-07-10T19:00:00Z,"The European Union is ramping up pressure on Meta to make big changes to Facebook and Instagram after the European Commission preliminarily found that features like autoplay, infinite scroll, and hig… [+2858 chars]"
Bloomberg,Global investors looking for shelter from AI storm are turning to India,"Indian stocks are emerging as a stable investment amid global market volatility, particularly as the AI rally cools. While previously overlooked due to a lack of AI exposure, India's market is now attracting investors seeking a safe haven. Recent outperforman…",https://economictimes.indiatimes.com/markets/us-stocks/news/global-investors-looking-for-shelter-from-ai-storm-are-turning-to-india/articleshow/132204974.cms,2026-07-06T00:15:29Z,"After losing out big on the global AI rally, Indian equities are regaining the attention of investors seeking to weather the latest market turbulence. With the AI frenzy roiling benchmark gauges from… [+3607 chars]"
Jonathan Small,"The Ultra-Wealthy Pay Up to $100,000 a Year for Elite Healthcare. This Startup Wants to Bring It to Everyone for a Fraction of the Price.",Max Marchione's Superpower is building an AI alternative to concierge medicine. Its next big bet is peptides.,https://www.entrepreneur.com/building-a-business/this-startup-wants-to-bring-elite-healthcare-to-everyone,2026-07-29T13:58:00Z,"Key Takeaways
<ul><li>Max Marchione struggled for years to get a real diagnosis, an experience that led him to found Superpower, now valued at more than $500 million.</li><li>For $199 a year, member… [+6881 chars]"
Madeline Berg,"$6 for a Coke. $2,600 for an iPhone: Here's where everyday items cost the most.",Everyday life — from a bottle of soda to rent for a one bedroom — costs the most in these cities.,https://www.businessinsider.com/world-most-expensive-cities-everday-items-rent-food-iphone-switzerland-2026-7,2026-07-19T09:38:01Z,"The offers and details on this page may have updated or changed since the time of publication. See our article on Business Insider for current information.
Coffee lovers beware. A cappuccino in Zuri… [+8121 chars]"
paradise-runner,Ambient Website Background Clouds,an ambient relaxing set of background clouds to float lazily by - paradise-runner/background-clouds,https://github.com/paradise-runner/background-clouds,2026-07-10T00:50:09Z,"background-clouds adds a lightweight, animated low-poly cloud bank behind a website. It uses a single canvas, has no runtime dependencies, pauses motion when the user prefers reduced motion, and expo… [+1595 chars]"
James Pero,Skullcandy Crusher 1080 ANC Review: A Huge Boost From Bose,"The Crusher 1080 ANC are a solid pair of wireless headphones with lots of help from Bose, but might not be the best value in this price range.",https://gizmodo.com/skullcandy-crusher-1080-anc-review-a-huge-boost-from-bose-2000792027,2026-07-30T20:20:05Z,"“It’s what’s on the inside that counts” is something that people say. Sometimes it’s true, like in friendships or when adopting weird little pets with tongues that won’t stay in their mouths, but som… [+10405 chars]"
Allison Johnson,The square-ish phone that I wanted to love,"The Ikko MindOne Pro is delightfully small. I keep calling it a square phone, which isn't quite right; the screen is square, but the phone itself is slightly rectangular. The camera flips up so you can use it for selfies - you can even open it partway to use …",https://www.theverge.com/tech/960509/ikko-mindone-pro-hands-on,2026-07-02T21:00:17Z,"<ul><li></li><li></li><li></li></ul>
The square-ish phone that I wanted to love
The charming Ikko MindOne Pro isnt all its shaped up to be.
by
Allison JohnsonClose
Posts from this author will be… [+6746 chars]"
Mike Pearl,All American Airlines Flights Not in the Air Were Grounded on Tuesday Due to an IT Problem,American Airlines has posted on X that some flights are taking off again.,https://gizmodo.com/all-american-airlines-flights-not-in-the-air-were-grounded-on-tuesday-due-to-an-it-problem-2000792125,2026-07-28T23:52:05Z,"A ground stop affected American Airlines on Tuesday, bringing all flights that had not already taken off to a halt. ABC News said the issue was an “IT outage,” according to an FAA advisory they had v… [+732 chars]"
By Gopika Gopakumar and Ashwin Manikandan,"Customer data from India's Bank of Baroda leaked online, source and researcher say","By Gopika Gopakumar and Ashwin Manikandan MUMBAI, July 27 (Reuters) - Customer data from India's state-run Bank of Baroda, along with internal documents, has...",https://sg.finance.yahoo.com/news/customer-data-indias-bank-baroda-102005689.html,2026-07-27T10:20:05Z,"By Gopika Gopakumar and Ashwin Manikandan
MUMBAI, July 27 (Reuters) - Customer data from India's state-run Bank of Baroda, along with internal documents, has been leaked on the dark web, according t… [+1451 chars]"
BeauHD,AI Agent Executes 'First' End-To-End Ransomware Attack,"Sysdig says it has documented the first ransomware attack carried out end to end by an AI agent, which autonomously exploited exposed systems, stole credentials, established persistence, compromised a production database, and destroyed data. The research team…",https://it.slashdot.org/story/26/07/02/1849243/ai-agent-executes-first-end-to-end-ransomware-attack,2026-07-02T20:00:00Z,"JadePuffer's ""self-narrating"" payloads ""contained natural language reasoning, target prioritization, and the kind of detailed annotations that human operators don't often write but LLM-generated code… [+2187 chars]"
Lauren Edmonds,United Airlines flights delayed nationwide after 'technology outage',"United Airlines said it's operations were returning to normal after a ""technology outage"" caused delays across the country on Saturday morning.",https://www.businessinsider.com/united-airlines-flights-delayed-nationwide-2026-7,2026-07-18T15:23:09Z,"<ul><li>A technology outage struck United Airlines on Saturday morning.
</li><li>Many flights across the US were delayed, leaving some passengers in limbo.
</li><li>A United Airlines spokesperson s… [+1791 chars]"
Sean Hollister,The FCC is planning to retroactively ban disguised DJI gadgets,"Last October, we told you how the FCC had given itself the power to retroactively ban gadgets that have already received its approval to be imported and sold in the United States. Now, the FCC's getting ready to wield that power for the first time, by crackin…",https://www.theverge.com/news/968310/fcc-dji-drone-camera-ban-skyrover-xtra,2026-07-20T22:21:37Z,"<ul><li></li><li></li><li></li></ul>
Xtra and Skyrover might soon be effectively banned from the US.
Xtra and Skyrover might soon be effectively banned from the US.
by
Sean HollisterClose
Posts … [+4580 chars]"
Lauren Edmonds,United Airlines flights delayed nationwide after 'technology issue',"United Airlines said it's operations were returning to normal after a ""technology issue"" caused delays across the country on Saturday morning.",https://www.businessinsider.com/united-airlines-flights-delayed-nationwide-2026-7#article,2026-07-18T14:20:19Z,"United Airlines flights in the United States were delayed Saturday morning after a tech outage.Mondadori Portfolio/Getty Images
<ul><li>United Airlines experienced a technical outage on Saturday mor… [+1591 chars]"
Steven Musil,American Airlines Flights Resume After Being Grounded by System Outage,"The FAA issued a ground stop advisory, keeping the airline’s fleet on the ground.",https://www.cnet.com/news/american-airlines-flights-grounded-by-system-outage/,2026-07-29T00:01:47Z,"American Airlines says it has resumed flights on Tuesday evening after a brief grounding of its fleet of jets blamed on a “technology issue.”
The FAA’s Air Traffic Control System Command Center issu… [+670 chars]"
Tara Gould,The Growing Threat of Docusign Phishing Attacks,Cado Security Labs (now part of Darktrace) identified a Docusign spearphishing campaign targeting tech executives.,https://www.darktrace.com/blog/the-growing-threat-of-docusign-phishing-attacks,2026-07-29T18:42:39Z,"Why ransomware has changed
Ransomware attacks have continued to increase globally, with 698 incidents reported in May 2026, representing a 48% rise compared to 472 incidents in May 2025 [1]. At the … [+19709 chars]"
,UPI: Anatomy of a Payment Transaction,"You pay in seconds. Seven parties make it happen, and you see only one of them.",https://timeseriesofindia.com/economy/reads/upi-architecture/,2026-07-11T16:33:42Z,"The five moments of a UPI payment as you experience them. Everything between your PIN and the result happens out of sight.
Several times a day, most of us pay the same way. You hold your phone up to… [+14363 chars]"
Marcus Mendes,Weibo leaker says iPhone 18 Pro thickness will be ‘surprising’,"Days after materials from Apple supplier Tata surfaced online, prominent Weibo leaker “Fixed Focus Digital” doubled down on his earlier claim that the iPhone 18 Pro will be thicker than the iPhone 17 Pro. Here are the details.",https://9to5mac.com/2026/07/07/weibo-leaker-says-iphone-18-pro-thickness-will-be-surprising/,2026-07-07T17:42:20Z,"Days after materials from Apple supplier Tata surfaced online, prominent Weibo leaker Fixed Focus Digital doubled down on his earlier claim that the iPhone 18 Pro will be thicker than the iPhone 17 P… [+1643 chars]"
Simon Sharwood,Cyberattack threatens utterly critical infrastructure in Japan: KFC,The Colonel stops taking online orders and may close stores after logistics partner’s systems go down,https://www.theregister.com/security/2026/07/16/cyberattack-threatens-utterly-critical-infrastructure-in-japan-kfc/5272220,2026-07-16T02:01:01Z,"The crippling high-consequence attack on vital infrastructure that cybersecurity experts have warned about for years is upon us, in the form of an incident that may force KFC to close some stores in … [+1902 chars]"
Faith Leroux,I lost power for 2 days; my emergency preparedness plan came in clutch,My smartphone helps me stay connected to the outside world,https://www.androidpolice.com/lost-power-for-days-emergency-preparedness-plan-came-clutch/,2026-07-23T11:00:15Z,"A few years ago, I experienced a nasty power outage that lasted over a week. Back then, I was one of the lucky ones. My power was restored earlier than others, as some had lost it for much longer.
T… [+6063 chars]"
info@thehackernews.com (The Hacker News),Chaos Ransomware Uses msaRAT to Route C2 Traffic Through Headless Chrome and Edge,"The Chaos ransomware group ran its command-and-control through the victim's own browser. Cisco Talos on Thursday detailed msaRAT, the Rust implant behind it, found on a compromised Windows machine ahead of the encryptor.

The implant never opens an outbound c…",https://thehackernews.com/2026/07/chaos-ransomware-uses-msarat-to-route.html,2026-07-23T13:11:09Z,"The Chaos ransomware group ran its command-and-control through the victim's own browser. Cisco Talos on Thursday detailed msaRAT, the Rust implant behind it, found on a compromised Windows machine ah… [+6098 chars]"
Mike Kershaw,"This Week in Security: Another Record Patch Tuesday, LAME is More Secure, Secure Boot is Less Secure, and Milk Malware","Following the reports last week using the Windows Global Device ID (GDID) in tracking a malware operators behavior, here is a comprehensive write-up about what goes into the GDID and how it is used…",https://hackaday.com/2026/07/17/this-week-in-security-another-record-patch-tuesday-lame-is-more-secure-secure-boot-is-less-secure-and-milk-malware/,2026-07-17T14:00:29Z,"Following the reports last week using the Windows Global Device ID (GDID) in tracking a malware operators behavior, here is a comprehensive write-up about what goes into the GDID and how it is used. … [+7127 chars]"
Sinisa Markovic,Ransomware gangs go after EMEA healthcare’s supply chain,"A ransomware attack against a hospital makes headlines, while attacks on the rest of the ecosystem around it tend to stay quiet despite doing damage that can be just as bad. Flare researcher Assaf Morag analyzed ransomware leak-site activity tied to healthcar…",https://www.helpnetsecurity.com/2026/07/24/emea-healthcare-ransomware-activity/,2026-07-24T05:30:33Z,"A ransomware attack against a hospital makes headlines, while attacks on the rest of the ecosystem around it tend to stay quiet despite doing damage that can be just as bad.
Flare researcher Assaf M… [+3691 chars]"
Dianna Gunn,"The Threat Landscape Has Evolved to Target Your Data, Not Just Your Devices",Here’s how cybercriminals are targeting your personal information -- and what you can do about it.,https://www.cnet.com/tech/services-and-software/threat-landscape-evolution-target-data/,2026-07-05T12:00:00Z,"Cyberattacks used to focus on corrupting your files and crashing your computer. Now, many cybercriminals look beyond just accessing your devices to stealing your personal data. They’re hunting for th… [+8062 chars]"
Jon France,"The new rules of software supply chain security: visibility, vigilance, validation",Software supply chain security is fast becoming a business-critical priority.,https://www.techradar.com/pro/the-new-rules-of-software-supply-chain-security-visibility-vigilance-validation,2026-07-14T08:56:46Z,"The global digital economy runs on a thriving ecosystem of third-party vendors, enabling organizations to scale and innovate faster than they possibly could do on their own.
This digital ecosystem i… [+9051 chars]"
Ida Torres,When Paper Does the Heavy Lifting: Sunology’s Storey Packaging,"When Paper Does the Heavy Lifting: Sunology’s Storey PackagingMost of us don’t give packaging a second thought. It arrives, we tear it open, and it goes straight into the recycling bin or, less...",https://www.yankodesign.com/2026/07/23/when-paper-does-the-heavy-lifting-sunologys-storey-packaging/,2026-07-23T16:20:21Z,"Most of us don’t give packaging a second thought. It arrives, we tear it open, and it goes straight into the recycling bin or, less nobly, the bin under the sink we keep telling ourselves we’ll sort … [+3822 chars]"
Ionut Arghire,Cyberattack Disrupts Operations of Japanese Frozen Food Giant Nichirei,"The company disconnected its systems on July 13 and is starting to gradually restore operations.
The post Cyberattack Disrupts Operations of Japanese Frozen Food Giant Nichirei appeared first on SecurityWeek.",https://www.securityweek.com/cyberattack-disrupts-operations-of-japanese-frozen-food-giant-nichirei/,2026-07-17T09:06:27Z,"Japanese frozen food giant Nichirei says it is ready to gradually restore operations affected by a cyberattack on July 13.
Headquartered in Tokyo, Nichirei is one of Japans top frozen food producers… [+1783 chars]"
Help Net Security,Turning software supply chain security into a daily habit,"In this Help Net Security video, Anastasia Tikhonova, Global Threat Research Lead at Group-IB, explains how to operationalize software supply chain risk. Instead of filing an SBOM away as a compliance document, she argues teams should use it every day for vul…",https://www.helpnetsecurity.com/2026/07/10/software-supply-chain-security-video/,2026-07-10T05:30:03Z,"In this Help Net Security video, Anastasia Tikhonova, Global Threat Research Lead at Group-IB, explains how to operationalize software supply chain risk. Instead of filing an SBOM away as a complianc… [+634 chars]"
,Codex Resets,"Tracking when OpenAI's Codex usage limits get reset, based on @thsottiaux's announcements on X.",https://codex-resets.com/,2026-07-18T23:24:26Z,"<li>Oops... I did it again. 
Enjoy reset usage limits for all paid users for Codex and ChatGPT Work. Super grateful for an incredible team who is iterating at lightspeed and keeping the infra up as … [+8869 chars]"
Danny  Palmer,Warning Over “Industrialized” Cyber-Attacks After Ransomware Gang Partners With TeamPCP,"Researchers warn that collaboration could lead to “unprecedented” ransomware attacks, as FBI also issues warning",https://www.infosecurity-magazine.com/news/industrialized-cyberattacks/,2026-07-03T11:30:00Z,A ransomware group and a cyber-criminal gang which specializes in stealing credentials through supply chain attacks have teamed up in a move which what has been described by cybersecurity researchers… [+3507 chars]
Gopika Gopakumar and Ashwin Manikandan,"Customer data from India's Bank of Baroda leaked online, source and researcher say","Customer data from India's state-run Bank of Baroda, along ‌with internal documents, has been leaked on the dark ‌web, according to a source familiar with th...",https://finance.yahoo.com/technology/ai/articles/customer-data-indias-bank-baroda-102005615.html,2026-07-27T10:20:05Z,"By Gopika Gopakumar and Ashwin Manikandan
MUMBAI, July 27 (Reuters) - Customer data from India's state-run Bank of Baroda, along with internal documents, has been leaked on the dark web, according t… [+1451 chars]"
Catalin Cimpanu,Hacker wipes Romania's land registry database,In other news: Graykey maker sues former employee for leaking exploit; Hugging Face was hacked using AI; unauth RCE finally found in WordPress.,https://news.risky.biz/risky-bulletin-hacker-wipes-romanias-entire-land-registry-database/,2026-07-20T13:28:33Z,"This newsletter is brought to you byThinkst
, the makers of the much-lovedThinkst Canary
. You can subscribe to an audio version of this newsletter as a podcast by searching for ""Risky Business"" in… [+24116 chars]"
U. Washington,Some AI browsers come with major security risks,New research shows that the most powerful agentic AI browsers open users up to significant cybersecurity risks.,https://www.futurity.org/ai-browsers-vulnerabilities-3340712/,2026-07-20T17:08:24Z,"Some agentic AI browsers come with major cybersecurity risks, a new study finds.
In the last year or so, artificial intelligence companies have rolled out a spate of web browsers equipped with AI ag… [+5379 chars]"
Anamarija Pogorelec,"Ransomware in 2026: More groups, more victims, no slowdown","Ransomware activity followed a recognizable pattern during the previous four years. Each year was defined by a dominant actor, its collapse, or a major supply chain incident. Black Kite’s 2026 Ransomware Report documents a more fragmented market, with multipl…",https://www.helpnetsecurity.com/2026/07/24/ransomware-attack-trends-2026-report/,2026-07-24T04:30:22Z,"Ransomware activity followed a recognizable pattern during the previous four years. Each year was defined by a dominant actor, its collapse, or a major supply chain incident. Black Kite’s 2026 Ransom… [+4142 chars]"
Wes Davis,Anker Solix S2000 Review: The Little 2kWh Battery That Could,"I love the Solix S2000’s size and portability, but it isn’t up to every task.",https://gizmodo.com/anker-solix-s2000-review-the-little-2kwh-battery-that-could-2000775006,2026-07-19T13:30:09Z,"Living fully or even partially off the grid feels a lot more achievable now than it did five years ago. Part of that is because Anker, EcoFlow, Jackery, DJI, and others have been cranking out high-ca… [+10688 chars]"
Mirko Zorz,The energy sector’s OT cybersecurity talent is retiring faster than it can be replaced,"A ransomware hit lands a chemical plant in a safe state. Nobody is hurt, the site holds steady, and the operators begin the restart. The systems stay down. Every attempt to bring them online meets encrypted processes and altered configurations. The outage run…",https://www.helpnetsecurity.com/2026/07/29/ot-cybersecurity-in-energy/,2026-07-29T05:30:25Z,"A ransomware hit lands a chemical plant in a safe state. Nobody is hurt, the site holds steady, and the operators begin the restart. The systems stay down.
Every attempt to bring them online meets e… [+8503 chars]"
info@thehackernews.com (The Hacker News),"DevMan RaaS Portal Centralizes Payload Builds, Victim Management, and Affiliate Payouts","The operators of the DevMan ransomware-as-a-service (RaaS) scheme are maintaining a dedicated web platform that offers affiliates the ability to build payloads, oversee earnings, and manage various aspects related to victims.

Swiss cybersecurity company PROD…",https://thehackernews.com/2026/07/devman-raas-portal-centralizes-payload.html,2026-07-25T09:53:41Z,"The operators of the DevMan ransomware-as-a-service (RaaS) scheme are maintaining a dedicated web platform that offers affiliates the ability to build payloads, oversee earnings, and manage various a… [+8378 chars]"
Jonathon Jachura,I added one small device to my network rack and power blips stopped taking down my smart home,This low-cost device keeps my Internet running steady through power blips.,https://www.makeuseof.com/device-keeps-network-online-power-outages/,2026-07-09T16:30:21Z,"Summer storms in Northern Indiana rarely cut my power for long. The typical event is a flicker: lights dim or go out for a second, the microwave clock resets, and everything carries on. My network ta… [+5396 chars]"
,ECB payment system suffers second outage in a week,"FRANKFURT, July 6 : The European Central Bank's payment system on Monday suffered a second, short outage in the space of a week due to a glitch caused by a software update.The T2 system, which handles trillions of euros of daily transactions, was down for rou…",https://www.channelnewsasia.com/business/ecb-payment-system-suffers-second-outage-in-week-6235556,2026-07-06T13:15:38Z,"FRANKFURT, July 6 : The European Central Bank's payment system on Monday suffered a second, short outage in the space of a week due to a glitch caused by a software update.
The T2 system, which hand… [+815 chars]"
Pierluigi Paganini,"A cyberattack hit Nichirei, one of Japan’s largest food companies","A cyberattack hit one of Japan’s largest food companies, Nichirei, disrupting logistics and shipments. The company is gradually restoring operations. Nichirei is one of Japan’s largest food companies, best known for its frozen food business. Founded in 1942 a…",https://securityaffairs.com/195543/security/a-cyberattack-hit-nichirei-one-of-japans-largest-food-companies.html,2026-07-17T17:52:06Z,"A cyberattack hit Nichirei, one of Japan’s largest food companies
Nichirei is one of Japan’s largest food companies, best known for its frozen food business. Founded in 1942 and headquartered in Tok… [+3098 chars]"
Sarah Shamim,"Iran, Houthis strike tankers as US bombing continues: What’s the latest?","With the Houthi naval blockade, shipping disruptions now impact the Bab al-Mandeb strait in addition to Hormuz.",https://www.aljazeera.com/news/2026/7/23/iran-houthis-strike-tankers-as-us-bombing-continues-whats-the-latest,2026-07-23T09:20:46Z,"The United States continued to hit Iran for a 12th consecutive night early on Thursday, and Iran retaliated, striking targets across the Gulf, particularly in Kuwait and Jordan.
Irans Islamic Revolu… [+4960 chars]"
"bryan.wolfe@futurenet.com (Bryan M Wolfe) , Bryan M Wolfe","I bought a power bank for summer travel, but it actually fixed my bedside cable nightmare","EcoFlow's Rapid Power Bank packs 170W across three ports into a TSA-friendly 25,000mAh shell, and it's turned into my go-to for late-night iPad charging, travel, and conference floors alike.",https://www.techradar.com/pro/i-bought-a-power-bank-for-summer-travel-but-it-actually-fixed-my-bedside-cable-nightmare,2026-07-29T21:20:00Z,"I bought the EcoFlow Rapid strictly for travel over the summer, but it ended up living on my nightstand. The outlet in my bedroom is blocked by the headboard, so keeping this battery on the table mak… [+4365 chars]"
hawkblu09,"1500 Sq. Ft. 21-Pint Dravonic Dehumidifier w/ Drain Hose, 3 Modes & 24H Timer $88 + Free S&H","Proshop US via Amazon [amazon.com] has *1500 SqFt 21-Pint Dravonic Dehumidifier w/ Drain Hose, 3 Modes, 2 Speeds & 24H Timer* on sale for $175.99 - *50% off* when you apply promo code *AT95OUX7* at...",https://slickdeals.net/f/19777794-1500-sq-ft-21-pint-dravonic-dehumidifier-w-drain-hose-3-modes-24h-timer-88-free-s-h,2026-07-30T13:42:04Z,"Update: This popular deal is still available.Proshop US via Amazon has 1500 SqFt 21-Pint Dravonic Dehumidifier w/ Drain Hose, 3 Modes, 2 Speeds &amp; 24H Timer (Snow White) on sale for $175.99 - 50% … [+1533 chars]"
Bruce Schneier,Measuring the Tendency of AI Agents to Go Rogue,"This essay was written with Barath Raghavan, and originally appeared in The Guardian.
In July, Hugging Face, a company that hosts much of the world’s AI software and open-source AI models, was hacked. A malicious dataset had been used to run code on one of it…",https://www.schneier.com/blog/archives/2026/07/measuring-the-tendency-of-ai-agents-to-go-rogue.html,2026-07-29T17:08:46Z,"This essay was written with Barath Raghavan, and originally appeared in The Guardian.
In July, Hugging Face, a company that hosts much of the world’s AI software and open-source AI models, was hacke… [+3916 chars]"
Rei Padla,The Best Rechargeable Camping Lanterns for a Power Outage,"Most people buy the wrong emergency light. They grab another flashlight, or chase the biggest lumen number on the box, then find out during an actual outage that they picked a spotlight when they needed a room-filler. A rechargeable camping lantern is a bette…",https://the-gadgeteer.com/2026/07/03/best-rechargeable-camping-lanterns-power-outage/,2026-07-04T02:30:01Z,"If you buy something from a link in this article, we may earn a commission. Learn more
Most people buy the wrong emergency light. They grab another flashlight, or chase the biggest lumen number on t… [+7927 chars]"
info@thehackernews.com (The Hacker News),"24,650 Internet-Exposed BMCs Disclose IPMI Password Hashes Before Login","Cybersecurity researchers have sounded an alert after finding more than 36,000 Baseboard Management Controller (BMC) management interfaces exposing Intelligent Platform Management Interface (IPMI) protocol to the public internet.

Of the 36,872 internet-expos…",https://thehackernews.com/2026/07/24650-internet-exposed-bmcs-disclose.html,2026-07-28T14:41:36Z,"Cybersecurity researchers have sounded an alert after finding more than 36,000 Baseboard Management Controller (BMC) management interfaces exposing Intelligent Platform Management Interface (IPMI) pr… [+5852 chars]"
Samantha De Leon,"I Test Portable Power Stations for a Living, This Is the One I’d Grab in an Emergency","I’ve tested portable power stations for years, and the Bluetti Elite 200 V2 stands above the rest when dependable backup power matters most.",https://www.cnet.com/home/yard-and-outdoors/i-test-portable-power-stations-for-a-living-this-is-the-one-id-grab-in-an-emergency/,2026-07-28T15:28:16Z,"<ul><li>The Bluetti Elite 200 V2 normally starts at $899 with an impressive capacity of 2,073.6 Wh, but you can find it on sale right now at Amazon for $850 ($49 off).  </li><li>Standout features:
<… [+8571 chars]"
Krishi Chowdhary,I Don’t Travel Without These Online Safety Tools and Tricks,"Traveling can expose you to various online threats, but you can protect yourself with the right tools and security practices.",https://www.cnet.com/tech/services-and-software/travel-tips-for-online-safety/,2026-07-28T12:24:57Z,"Over the years, my travel checklist has grown from simply making sure I’ve packed all the essentials — that flight neck pillow is a must — to having a dedicated list of cybersecurity practices I foll… [+15459 chars]"
Connor Jones,EU and UK officially blame Russian spies for cyberattack on Poland's power grid,Sweeping sanctions and condemnation follow op that could have left half a million without power in the depths of winter,https://www.theregister.com/security/2026/07/13/uk-eu-officially-pin-poland-energy-cyberattack-on-russia/5270458,2026-07-13T15:39:52Z,The UK and EU are demanding urgent action from critical infrastructure organizations after formally attributing the December 2025 cyberattack on Poland's power grid to Russia's Federal Security Servi… [+6747 chars]
Sophie Stuber,House of Hope: New film follows a Waldorf-inspired school in the West Bank,Documentary follows children under occupation and the couple who run a holistic primary school as Israel's war persists.,https://www.aljazeera.com/news/2026/7/26/house-of-hope-new-film-follows-a-waldorf-inspired-school-in-the-west-bank,2026-07-26T05:29:49Z,"At one point in the documentary, House of Hope, the protagonist, Manar Wahhab, breaks down in a classroom corner in the school she founded with her husband in the occupied West Bank. The cameras keep… [+6831 chars]"
Pierluigi Paganini,Security Affairs newsletter Round 586 by Pierluigi Paganini – INTERNATIONAL EDITION,"A new round of the weekly Security Affairs newsletter has arrived! Every week, the best security articles from Security Affairs are free in your email box. Enjoy a new round of the weekly SecurityAffairs newsletter, including the international press. OpenSSL …",https://securityaffairs.com/195611/breaking-news/security-affairs-newsletter-round-586-by-pierluigi-paganini-international-edition.html,2026-07-19T14:40:55Z,"Security Affairs newsletter Round 586 by Pierluigi Paganini INTERNATIONAL EDITION
Enjoy a new round of the weekly SecurityAffairs newsletter, including the international press.
International Press … [+2928 chars]"
Gloria Yuen,Transforming Health Care Logistics With Low-Cost AI,"By forecasting demand and correcting for missing data, researchers from Wharton and Penn Engineering developed a low-cost AI tool that helps get life-saving medicines to the communities in Sierra Leone that need them most.…Read More",https://knowledge.wharton.upenn.edu/article/transforming-health-care-logistics-with-low-cost-ai/,2026-07-28T14:00:50Z,"This article was originally published in Penn Today.
Managing a medical supply chain in low- and middle-income countries can mean navigating a landscape prone to extreme and unexpected disruptions. … [+5167 chars]"
Roland Hutchinson,Massive Supplier Cyberattack Leaks Apple’s Confidential iPhone 18 Pro Schematics,"A significant leak concerning the iPhone 18 Pro has emerged, reportedly resulting from a cyberattack on Tarta Electronics, one of Apple’s key manufacturing partners in India. The breach has revealed critical details about the upcoming device, including subtle…",https://www.geeky-gadgets.com/iphone-18-pro-leak-details/,2026-07-02T12:30:22Z,"A significant leak concerning the iPhone 18 Pro has emerged, reportedly resulting from a cyberattack on Tarta Electronics, one of Apples key manufacturing partners in India. The breach has revealed c… [+6513 chars]"
Sead Fadilpašić,Lidl customers across Europe hit in suspected data breach - here's what we know,"Lidl customers in three countries have had some of their data stolen - but so far, it hasn't surfaced anywhere.",https://www.techradar.com/pro/security/lidl-customers-across-europe-hit-in-suspected-data-breach-heres-what-we-know,2026-07-13T10:15:00Z,"<ul><li>Lidl confirms cyberattack at third-party IT service provider that exposed customer data including names, phone numbers, emails, dates of birth, and customer numbers</li><li>Passwords, payment… [+2652 chars]"
"bryan.wolfe@futurenet.com (Bryan M Wolfe) , Bryan M Wolfe",Anker's compact Solix S2000 home backup battery is 50% off and can run your fridge for 35 hours,This 2KWh portable power station is a delightfully svelte home backup solution.,https://www.techradar.com/pro/ankers-compact-solix-s2000-home-backup-battery-is-50-percent-off-and-can-run-your-fridge-for-35-hours,2026-07-15T16:24:03Z,"If you want home backup power without a bulky, heavy unit taking up a corner of the garage, this is a genuinely good price for it. Right now, the Anker Solix S2000 is $600 (was $1199) at Amazon — a m… [+2454 chars]"
Jessica Lyons,Smooth AI criminal drives 'first' end-to-end agentic ransomware attack,Don't count on the LLM to return your data - even if you pay up,https://www.theregister.com/security/2026/07/02/smooth-ai-criminal-drives-first-end-to-end-agentic-ransomware-attack/5266073,2026-07-02T18:05:50Z,They're not bad; they're just prompted that way. Sysdig threat hunters documented what they say is the first-ever documented agentic ransomware infection with an LLM - not a human - driving the entir… [+4108 chars]
,"KFC Japan, major sushi chain fear shortages after cyberattack","Japan's top frozen food supplier Nichirei said that it ""came under a cyberattack"", disrupting subsidiaries' operations including making deliveries to clients.",https://www.channelnewsasia.com/east-asia/japan-kfc-sushi-chain-fear-supply-shortages-after-cyberattack-6255996,2026-07-15T10:57:00Z,TOKYO: A cyberattack against a major frozen food maker in Japan has prompted businesses such as Kentucky Fried Chicken and a popular sushi chain to warn of possible shortages and even store closures.… [+1577 chars]
Pierluigi Paganini,Security Affairs newsletter Round 584 by Pierluigi Paganini – INTERNATIONAL EDITION,"A new round of the weekly Security Affairs newsletter has arrived! Every week, the best security articles from Security Affairs are free in your email box. Enjoy a new round of the weekly SecurityAffairs newsletter, including the international press. U.S. Gov…",https://securityaffairs.com/194772/security/security-affairs-newsletter-round-584-by-pierluigi-paganini-international-edition.html,2026-07-05T05:07:31Z,"Security Affairs newsletter Round 584 by Pierluigi Paganini INTERNATIONAL EDITION
Enjoy a new round of the weekly SecurityAffairs newsletter, including the international press.
International Press … [+2597 chars]"
Mirko Zorz,Chaos ransomware msaRAT hides its C2 channel inside a legitimate browser process,"Cisco Talos has identified a Rust-based remote access trojan it attributes to the Chaos ransomware group, named msaRAT after four of the binding names left in the binary. The tool starts its own instance of Chrome or Edge on the victim machine and controls it…",https://www.helpnetsecurity.com/2026/07/23/cisco-talos-chaos-ransomware-msarat/,2026-07-23T10:38:07Z,"Cisco Talos has identified a Rust-based remote access trojan it attributes to the Chaos ransomware group, named msaRAT after four of the binding names left in the binary. The tool starts its own inst… [+4944 chars]"
Danny  Palmer,"Government Agencies Falling Victim to Ransomware Daily, Warns Study",Government organizations are targeted by attackers who know agencies cannot afford disruption to public services,https://www.infosecurity-magazine.com/news/government-ransomware-daily/,2026-07-17T15:00:00Z,"The number of ransomware attacks which target government departments and agencies has risen to the extent that one has its services restricted by encryption every single day.
The figure comes from a… [+3269 chars]"
Roland Hutchinson,Apple’s Biggest Leak Ever Just Revealed the iPhone 18 Pro Design,"A major data breach has unveiled confidential details about the iPhone 18 Pro, marking one of the most significant leaks in Apple’s history. The breach originated from a cyberattack on Tata Electronics, a critical manufacturing partner, exposing engineering d…",https://www.geeky-gadgets.com/iphone-18-pro-leak-titanium-design/,2026-07-03T08:30:20Z,"A major data breach has unveiled confidential details about the iPhone 18 Pro, marking one of the most significant leaks in Apples history. The breach originated from a cyberattack on Tata Electronic… [+5811 chars]"
Lindsay Clark,Charity bank pulls online services over third-party software flaw,"Customer funds safe, but 14,000 organizations may have to phone in time-sensitive payments",https://www.theregister.com/security/2026/07/28/charity-bank-pulls-online-services-over-third-party-software-flaw/5279615,2026-07-28T13:53:13Z,"CAF Bank, which serves 14,000 charities, has suspended online banking as it fixes a vulnerability in how third-party software connects to its portal. 
The outage has left some organizations struggli… [+2450 chars]"
Michelle Smith,This Week in AI: The Price of Intelligence,"AI buyers have more choices than they did a year ago, but they also carry more responsibility for cost, reliability, security, and regulatory risk. This week, data and AI evangelist Christina Stathopoulos focused in on four forces we’ve been tracking that are…",https://www.oreilly.com/radar/this-week-in-ai-the-price-of-intelligence/#BlogPosting,2026-07-24T13:02:21Z,"AI buyers have more choices than they did a year ago, but they also carry more responsibility for cost, reliability, security, and regulatory risk. This week, data and AI evangelist Christina Stathop… [+6493 chars]"
,"DBS PayLah! hit by service disruption, bank says affected transactions will be refunded",The bank said any affected transfer or payment amount will be credited back to customers' PayLah! wallet.,https://www.channelnewsasia.com/singapore/dbs-paylah-down-issues-service-bank-6274141,2026-07-23T15:42:00Z,"SINGAPORE: DBS Bank said on Thursday evening (Jul 23) that its PayLah! service was experiencing a disruption and that it was working to restore the service.
In a Facebook post shortly after 9pm, the… [+1201 chars]"
Gary Leff,"Singapore Airlines Starts Blocking Award Searches For Zero-Balance Members—You Need To Transfer 1,000 Points Just To Look","Singapore Airlines is progressively blocking some zero-balance KrisFlyer accounts from its normal award-search engine, despite publishing no rule about the restriction. Transferring 1,000 points appears to restore access, while calling or using its limited Fl…",https://viewfromthewing.com/singapore-airlines-starts-blocking-award-searches-for-zero-balance-members-you-need-to-transfer-1000-points-just-to-look/,2026-07-20T22:00:47Z,Singapore Airlines is progressively blocking at least some KrisFlyer accounts with a zero current redeemable-mile balance from using the normal award-search engine. The error explicitly says the acco… [+2564 chars]
IT News,Industrialized ransomware alliance targets software supply chains and developers,The Vect ransomware group and the TeamPCP cybercriminal collective have formed a strategic partnership to industrialize the deployment of ransomware. This collaboration combines TeamPCP’s large-scale credential harvesting from software supply chains with Vect…,https://4sysops.com/archives/industrialized-ransomware-alliance-targets-software-supply-chains-and-developers/,2026-07-03T13:53:20Z,"TeamPCP specifically targets developers and security tools, such as the Trivy vulnerability scanner, to steal cloud access tokens and SSH keys. These stolen credentials provide the initial access nec… [+765 chars]"
Travis Bland,Muse Rock Through Power Outage In 24-Song Set Kicking Off 2026 North American Tour,"New songs like “Hexagons"" were smashed against Muse classics such as ""Hysteria.""
Muse Rock Through Power Outage In 24-Song Set Kicking Off 2026 North American Tour
Travis Bland",https://consequence.net/2026/07/muse-2026-tour-kick-off-set/,2026-07-05T16:44:12Z,"Muse blew the power during their July 2nd opening date for their North American summer tour at Milwaukee’s Summerfest, which featured a set of songs from their new album mixed with the band’s time-te… [+3557 chars]"
Hanan Dervisevic,Broken timers trigger nationwide Telstra outage,"Telstra says Wednesday's nationwide outage was caused by malfunctioning ""nodes"" that manage time synchronisation within some of the network data centres, but has no idea what caused the timer issues.",https://www.abc.net.au/news/2026-07-08/telstra-nodes-time-keeping-technology-causes-outage/106892560,2026-07-08T03:26:54Z,"Telstra's chief financial officer has fronted the media, saying Wednesday's nationwide outage was caused by malfunctioning ""nodes"" that manage time synchronisation within some of the network data cen… [+7562 chars]"
Pierluigi Paganini,Chaos ransomware deploys browser-based msaRAT to evade network detection,"Cisco Talos uncovered msaRAT, a Chaos ransomware RAT that hides C2 traffic by routing it through Chrome or Edge using the Chrome DevTools Protocol. Cisco Talos disclosed msaRAT, a Rust-based remote access trojan attributed to the Chaos ransomware group that r…",https://securityaffairs.com/195876/malware/chaos-ransomware-deploys-browser-based-msarat-to-evade-network-detection.html,2026-07-23T18:26:38Z,"Chaos ransomware deploys browser-based msaRAT to evade network detection
Cisco Talos disclosed msaRAT, a Rust-based remote access trojan attributed to the Chaos ransomware group that routes its enti… [+5060 chars]"
Eric Song,"Save 50% Off Anker's Newly Released SOLIX S2000 2,048Wh 2,400W LiFePO4 Power Station","Anker's lightest ever 2kWh power station with 96% efficiency, 6W power draw, and 10ms UPS switchover.",https://www.ign.com/articles/new-release-anker-solix-s2000-lifepo4-power-station-deal-july-2026,2026-07-23T18:25:00Z,"The Anker SOLIX S2000 was released on June 2, 2026 with new energy efficient technology, the next generation of LFP batteries, and a launch price of $1,199. Less than two months later, as part of a o… [+2950 chars]"
Stats Me,The Most Paralyzing Hour On The Internet In 2025,"There are busy days on the internet, and then there are moments when it feels like everything decides to break at once. Refresh buttons get a workout, status pages light up, and users across differ…",https://statusisdown.com/2026/07/22/the-most-paralyzing-hour-on-the-internet-in-2025/,2026-07-22T12:35:14Z,"There are busy days on the internet, and then there are moments when it feels like everything decides to break at once. Refresh buttons get a workout, status pages light up, and users across differen… [+2999 chars]"
Mark Taylor,Why the Taco Bell Meal for Two Is the Only Economic Indicator That Matters,"Every year, economists gather in conference rooms to debate inflation, interest rates, and the future of the American economy. Meanwhile, I can determine the health of the entire financial system in approximately six seconds by opening the Taco Bell app. If t…",https://www.mcsweeneys.net/articles/why-the-taco-bell-meal-for-two-is-the-only-economic-indicator-that-matters,2026-07-06T17:00:00Z,"Every year, economists gather in conference rooms to debate inflation, interest rates, and the future of the American economy. Meanwhile, I can determine the health of the entire financial system in … [+5186 chars]"
"Alasdair Belling, Australian Associated",Origin 'hacker' blasts energy giant's weak security and its decision to offshore staff: 'They don't care at all',"The alleged hacker behind the Origin Energy cyberattack has slammed the provider, saying 'school projects have better security'.",https://www.dailymail.com/news/article-16001269/origin-energy-hacker-cyberattack-australia-offshore-staff.html,2026-07-24T02:31:07Z,"A 'hacker' claiming responsibility for the Origin Energy cybersecurity incident said they broke into the provider because it moved operations offshore.
The Sydney-based company said on Thursday it w… [+3697 chars]"
Pierluigi Paganini,U.S. Treasury Sanctions VPN Provider and Cryptor Seller Behind Billions in Ransomware Losses,U.S. sanctions hit VPN provider 1VPNS and a cryptor seller for enabling ransomware gangs behind billions in losses to critical infrastructure. The U.S. Treasury’s Office of Foreign Assets Control sanctioned two individuals and one entity on July 13 for supply…,https://securityaffairs.com/195336/security/u-s-treasury-sanctions-vpn-provider-and-cryptor-seller-behind-billions-in-ransomware-losses.html,2026-07-14T19:47:53Z,"U.S. Treasury Sanctions VPN Provider and Cryptor Seller Behind Billions in Ransomware Losses
The U.S. Treasury’s Office of Foreign Assets Control sanctioned two individuals and one entity on July 13… [+4690 chars]"
Ionut Arghire,Agentic AI Used to Conduct Ransomware Attack via Langflow,"Attack demonstrates how LLM agents can combine known exploitation techniques with real-time reasoning to automate complex, multi-stage intrusions.
The post Agentic AI Used to Conduct Ransomware Attack via Langflow appeared first on SecurityWeek.",https://www.securityweek.com/agentic-ai-used-to-conduct-ransomware-attack-via-langflow/,2026-07-03T11:00:00Z,"A threat actor exploited a vulnerability in Langflow to access an organizations instance and abuse it in an agentic ransomware attack, cloud security firm Sysdig reports.
Langflow is a Python-based,… [+4227 chars]"
News On Japan,Nichirei System Failure Disrupts KFC and Major Retailers,"A system failure at frozen food giant Nichirei has disrupted shipments and logistics, raising the risk of product shortages and temporary closures at some Kentucky Fried Chicken restaurants while also affecting major supermarket and retail chains. (News On Ja…",https://newsonjapan.com/article/149982.php,2026-07-15T06:51:08Z,"TOKYO -
 A system failure at frozen food giant Nichirei has disrupted shipments and logistics, raising the risk of product shortages and temporary closures at some Kentucky Fried Chicken restaurants… [+608 chars]"
Jacob Weindling,'Move Fast and Break Things' Broke Everything,"Since 2007, Jezebel has been the Internet's most treasured source for everything celebrities, sex, and politics...with teeth.",https://www.jezebel.com/move-fast-and-break-things-broke-everything,2026-07-15T13:11:54Z,"“Move fast and break things” is a famous phrase coined by Mark Zuckerberg, and the fact that this alleged human who knows what friends are was the progenitor of a belief that Silicon Valley adopted a… [+10813 chars]"
Emma Uber,Rare Lincoln Documents Exposed to Unsafe Heat in New Exhibit...,"Rare Lincoln Documents Exposed to Unsafe Heat in New Exhibit...

 
 
 
 (Third column, 8th story, link)",https://dc.citycast.fm/news/lincoln-memorial-undercroft-documents-unsafe-heat,2026-07-15T20:22:39Z,"Less than a month after its opening, a $69 million exhibit beneath the Lincoln Memorial is plagued with problems, potentially endangering rare American artifacts, according to three National Park Ser… [+6180 chars]"
https://www.facebook.com/bbcnews,British Airways flight called mayday on approach to Heathrow,The call was made on an Airbus A320 flying from Dusseldorf airport in Germany on 6 July following two stall warnings.,https://www.bbc.co.uk/news/articles/cn8n1knkkz9o,2026-07-30T17:34:26Z,"A British Airways flight issued a ""mayday"" distress call on its approach to Heathrow Airport earlier this month, according to a statement from France's accident investigation authority.
The call was… [+1722 chars]"
Emmanuel Detres,All Disney Travel Grounded as Major Airline Suffers Nationwide Outage,"All Disney travel was grounded on Tuesday, July 28, 2026, as American Airlines suffered a nationwide technical outage, leading to hundreds of vacations being suspended, delayed, or even canceled. American Airlines Suffers Nationwide Outage: All Disney Travel …",https://insidethemagic.net/2026/07/disney-travel-american-airlines-emd1/,2026-07-29T14:11:21Z,"All Disney travel was grounded on Tuesday, July 28, 2026, as American Airlines suffered a nationwide technical outage, leading to hundreds of vacations being suspended, delayed, or even canceled.
Cr… [+5478 chars]"
Sinisa Markovic,Catching ransomware on the wire before it locks the file server,Corporate networks keep sensitive files off individual workstations and store them on shared servers that staff reach through mapped network drives. That arrangement hands ransomware operators a target worth chasing. A single compromised laptop can begin encr…,https://www.helpnetsecurity.com/2026/07/02/shared-storage-ransomware-detection-research/,2026-07-02T05:00:12Z,Corporate networks keep sensitive files off individual workstations and store them on shared servers that staff reach through mapped network drives. That arrangement hands ransomware operators a targ… [+4844 chars]
,"Customer data from India's Bank of Baroda leaked online, source and researcher say","MUMBAI, July 27 : Customer data from India's state-run Bank of Baroda, along with internal documents, has been leaked on the dark web, according to a source familiar with the matter and a cybersecurity researcher.The leaked data includes customer details, ide…",https://www.channelnewsasia.com/business/customer-data-indias-bank-baroda-leaked-online-source-and-researcher-say-6280491,2026-07-27T10:20:05Z,"MUMBAI, July 27 : Customer data from India's state-run Bank of Baroda, along with internal documents, has been leaked on the dark web, according to a source familiar with the matter and a cybersecuri… [+1321 chars]"
Cam Wilson,How a problem with clocks caused Telstra's national outage,Government agencies and academics both recently warned Telstra it was vulnerable to the type of error that caused this week's national outage.,https://www.abc.net.au/news/2026-07-10/telstra-warned-about-vulnerability-before-national-outage/106896906,2026-07-09T18:59:14Z,"Telstra was warned by federal government agencies and academics for months that it was vulnerable to the exact type of error that brought Australia's biggest mobile network to its knees this week, th… [+7295 chars]"
Mirko Zorz,"Aviation cyber risk sits on the ground, the blindness sits in the air","In this interview with Help Net Security, Eliran Almog, CEO of Cyviation, explains why airline cyber losses happen on the ground while the aircraft stays unmonitored. He walks through GNSS jamming that leaves no trace in a SIEM, and a PX4 Autopilot flaw his t…",https://www.helpnetsecurity.com/2026/07/31/eliran-almong-cyviation-aviation-cyber-risk/,2026-07-31T05:30:40Z,"In this interview with Help Net Security, Eliran Almog, CEO of Cyviation, explains why airline cyber losses happen on the ground while the aircraft stays unmonitored. He walks through GNSS jamming th… [+6901 chars]"
Carly Page,Progress orders emergency ShareFile server shutdown over mystery security threat,"Vendor insists there's no evidence of unauthorized access, but it's asking customers to take one of the most drastic precautions available",https://www.theregister.com/security/2026/07/13/progress-orders-emergency-sharefile-server-shutdown-over-mystery-security-threat/5270281,2026-07-13T10:31:00Z,"Progress Software has ordered some ShareFile customers to pull the plug on their own servers after detecting what it describes as a ""credible external security threat"" targeting the on-premises compo… [+3049 chars]"
Rei Padla,"Silent Backup Power You Can Run Inside a Tent, for Under $200","Set the Jackery Explorer 300 next to your sleeping bag, plug in a fan or a CPAP, and you’ll hear nothing all night: no engine, no exhaust, no gas-can smell. That silent, tent-friendly backup is the whole appeal of a LiFePO4 power station, and right now this t…",https://the-gadgeteer.com/2026/07/09/jackery-explorer-300-deal/,2026-07-09T05:30:04Z,"If you buy something from a link in this article, we may earn a commission. Learn more
Set the Jackery Explorer 300 next to your sleeping bag, plug in a fan or a CPAP, and youll hear nothing all nig… [+5038 chars]"
,"Day 1,609 of WW3. Putin is attacking Ukrainian shipping in the Black Sea as Ukraine attacks russian shipping. This is your Tuesday Ukraine War thread [News]","Day 1,609 of WW3. Putin is attacking Ukrainian shipping in the Black Sea as Ukraine attacks russian shipping. This is your Tuesday Ukraine War thread",https://www.fark.com/comments/14137600/Day-1609-of-WW3-Putin-is-attacking-Ukrainian-shipping-in-Black-Sea-as-Ukraine-attacks-russian-shipping-This-is-your-Tuesday-Ukraine-War-thread,2026-07-21T12:00:00Z,"excerptUkraine and the World - Against russia's Aggression. Sanctions in Actionrussia's stock market has been falling non-stop for 20 consecutive weeks. The current level is 1,911 points, with only t… [+4490 chars]"
https://www.facebook.com/bbcnews,'I don't want to die': Passenger describes terror on British Airways mayday flight,"Edward Killiwick was on the flight that issued a distress call, before it landed safely at Heathrow earlier this month.",https://www.bbc.co.uk/news/articles/cn9n2v3lwr0o,2026-07-31T12:19:20Z,A British passenger on a British Airways flight that issued a distress call on approach to Heathrow Airport earlier this month has described the rising fear in the cabin and a lack of information fro… [+1903 chars]
"Katie Visser, Ling Wu",Cloudflare proudly joins the UK government's Cyber Resilience Pledge,"The pledge is a voluntary framework inviting organizations to commit to foundational cyber security governance, board-level accountability, and supply chain rigor. For over a decade, Cloudflare has pioneered the core pillars of this framework: democratizing s…",https://blog.cloudflare.com/cloudflare-joins-uk-cyber-resilience-pledge/,2026-07-07T13:00:00Z,"Today, the UK government launched the Cyber Resilience Pledge
: a voluntary framework inviting organizations to commit to foundational cybersecurity governance, board-level accountability, and compr… [+10977 chars]"
Pierluigi Paganini,JADEPUFFER: First End-to-End AI-Driven Ransomware Operation,"Sysdig reports an AI agent ran a full ransomware attack end-to-end, exploiting flaws, stealing creds, moving laterally, and encrypting data without humans. Sysdig’s Threat Research Team has documented what it assesses to be the first ransomware operation driv…",https://securityaffairs.com/194713/ai/jadepuffer-first-end-to-end-ai-driven-ransomware-operation.html,2026-07-03T11:29:03Z,"JADEPUFFER: First End-to-End AI-Driven Ransomware Operation
Sysdig’s Threat Research Team has documented what it assesses to be the first ransomware operation driven end-to-end by a large language m… [+10838 chars]"
Rei Padla,The 2026 Power Shortlist: 8 Portable Power Station,Portable power stations used to be camping gear for people who already owned solar panels. Now they're closer to home infrastructure. That's not...,https://the-gadgeteer.com/2026/07/02/the-2026-power-shortlist-8-portable-power-station/,2026-07-02T13:00:21Z,"If you buy something from a link in this article, we may earn a commission. Learn more
Portable power stations used to be camping gear for people who already owned solar panels. Now theyre closer to… [+12960 chars]"
Al Jazeera Staff,Open AI says its AI model “went rogue”: What do we know?,The system hacked into another company without being prompted by a human.,https://www.aljazeera.com/news/2026/7/22/open-ai-says-its-ai-model-went-rogue-what-do-we-know,2026-07-22T13:42:29Z,"OpenAI has revealed that one of its artificial intelligence models independently stole login credentials and hacked into another technology companys system, in what is widely seen as one of the first… [+4772 chars]"
MarketBeat,Packaging Corporation of America Q2 Earnings Call Highlights,"Packaging Corporation of America (NYSE:PKG) reported lower adjusted earnings for the second quarter of 2026 compared with the prior year, even as sales and E...",https://www.marketbeat.com/instant-alerts/packaging-corporation-of-america-q2-earnings-call-highlights-2026-07-23/?utm_source=yahoofinance&amp;utm_medium=yahoofinance,2026-07-24T00:05:23Z,"Key Points
<ul><li>Interested in Packaging Corporation of America? Here are five stocks we like better.
</li><li>PCA beat second-quarter guidance despite lower adjusted earnings year over year, as … [+10730 chars]"
Oil & Gas 360,Oil markets are pricing conflict again,"(By Oil & Gas 360) – For much of the past decade, oil markets were defined by abundance. The U.S. […]",https://finance.yahoo.com/energy/articles/oil-markets-pricing-conflict-again-203049978.html,2026-07-17T20:30:49Z,"(By Oil &amp; Gas 360) For much of the past decade, oil markets were defined by abundance. The U.S. shale revolution, ample OPEC+ spare capacity, and slowing demand growth encouraged investors to foc… [+2823 chars]"
Cointelegraph by Helen Partz,Thailand SEC files complaint against Bitkub over alleged false disclosures,Thailand’s SEC filed a criminal complaint against Bitkub and two former directors over alleged false disclosures linked to a 2021 cyberattack involving $50 million in assets.,https://cointelegraph.com/news/bitkub-criminal-complaint-thailand-sec,2026-07-24T12:46:27Z,"Thailands crypto industry is facing fresh regulatory scrutiny after authorities accused Bitkub, one of the countrys largest digital asset exchanges, of providing false information to regulators.
Tha… [+3023 chars]"
Krishi Chowdhary,Bitdefender Identity Theft Protection review,"In our Bitdefender Identity Theft Protection review, we thoroughly examine the pros and cons of the platform relative to other top identity theft protection services.",https://www.techradar.com/pro/security/bitdefender-identity-theft-protection-review,2026-07-08T06:16:18Z,"Why you can trust TechRadar
We spend hours testing every product or service we review, so you can be sure you're buying the best. Find out more about how we test.Bitdefender is a popular name in the… [+8158 chars]"
Shola Lawal,"What are ‘civilian’ sites in international law and where have US, Iran hit?","The US has escalated attacks on Iranian roads, bridges and power plants, and Iran too, has responded.",https://www.aljazeera.com/news/2026/7/20/what-are-civilian-sites-in-international-law-and-where-have-us-iran-hit,2026-07-20T14:37:16Z,"The United States and Iran are locked in an increasingly escalatory cycle of strikes that they each claim is aimed at preventing the other from securing military dominance over the Strait of Hormuz.… [+9539 chars]"
Bless This Stuff,Anker SOLIX S2000 Portable Power Station,"Most portable power stations with 2kWh capacity are built like small suitcases and weigh close to 50 pounds. The Anker SOLIX S2000 fits the same capacity into something closer to the size of a PC tower. 8.2 by 11.1 by 12.7 inches. 35.7 pounds. For comparison,…",https://www.blessthisstuff.com/stuff/technology/misc-gadgets/anker-solix-s2000-portable-power-station/,2026-07-10T04:00:00Z,Most portable power stations with 2kWh capacity are built like small suitcases and weigh close to 50 pounds. The Anker SOLIX S2000 fits the same capacity into something closer to the size of a PC tow… [+2294 chars]
Lawrence Abrams,Ernst & Young data breach claimed by ShinyHunters extortion gang,"The ShinyHunters extortion gang has claimed responsibility for a recently disclosed Ernst & Young data breach, saying it obtained credentials for some of the company's systems via a supply-chain attack. [...]",https://www.bleepingcomputer.com/news/security/ernst-and-young-data-breach-claimed-by-shinyhunters-extortion-gang/,2026-07-27T15:12:27Z,"The ShinyHunters extortion gang has claimed responsibility for a recently disclosed Ernst &amp; Young data breach, saying it obtained credentials for some of the company's systems via a supply-chain … [+2838 chars]"
"Mary Whitfill Roeloffs, Forbes Staff, 
 Mary Whitfill Roeloffs, Forbes Staff
 https://www.forbes.com/sites/maryroeloffs/",Did China's AI Save Hugging Face From Disaster After Open AI Hack?,Open AI says its technology hacked another company all on its own—and it needed China’s help to stop it.,https://www.forbes.com/sites/maryroeloffs/2026/07/22/did-chinas-ai-save-hugging-face-from-disaster-after-open-ai-hack/,2026-07-22T15:29:47Z,"Open AI admitted publicly that its artificial intelligence systems hacked into the servers of another AI company on its own and wasnt able to be stopped until the victim, Hugging Face Inc., deployed … [+5091 chars]"
Phil Muncaster,NHS Warns Staff Over Unauthorized Access to Patient Data,NHS tells staff they could face prison for “inappropriate” access to patients’ medical records,https://www.infosecurity-magazine.com/news/nhs-warns-staff-unauthorized/,2026-07-10T09:00:00Z,"Britain’s health service has warned staff that they could face jail time if found guilty of accessing patient data without a legitimate reason.
Head of the NHS, Jim Mackey, said inappropriate access… [+3044 chars]"
,Independent Testing Shows Which Business Security Products Actually Hold Up When It Matters,"AV-Comparatives publishes its Business Security Test results for March to June 2026, as ransomware and supply-chain attacks continue to disrupt companies of every size INNSBRUCK, Austria, July 15, 2026 /PRNewswire/ -- When Iranian-linked hackers breached medi…",https://www.prnewswire.com/news-releases/independent-testing-shows-which-business-security-products-actually-hold-up-when-it-matters-302825114.html,2026-07-15T08:00:00Z,"AV-Comparatives publishes its Business Security Test results for March to June 2026, as ransomware and supply-chain attacks continue to disrupt companies of every size
INNSBRUCK, Austria, July 15, 2… [+5179 chars]"
"Emily Mullin, Kate Taylor",The Explosive Diarrhea Outbreak Is About to Get Much Bigger,"Official case counts likely capture only a fraction of US cyclosporiasis infections, and the outbreak is likely to get worse before it gets better.",https://www.wired.com/story/explosive-diarrhea-outbreak-about-to-get-bigger/,2026-07-15T09:30:00Z,"The USs explosive diarrhea problem is worse than you thinkand it's about to get even messier.
The country is grappling with a large and fast-spreading outbreak of cyclosporiasis, a parasitic infecti… [+4061 chars]"
Richard Lawler,Taylor Farms pulls iceberg lettuce from the US market after cyclosporiasis outbreak,"Food producer Taylor Farms released a statement on the Cyclospora outbreak Friday, confirming that it's ""voluntarily removing all iceberg lettuce sourced from central Mexico from the US market."" Reuters reports that, according to a source, Taylor Farms told c…",https://www.theverge.com/science/967563/cyclospora-taylor-farms-taco-bell-iceberg-lettuce,2026-07-17T22:15:26Z,"<ul><li></li><li></li><li></li></ul>
Everything we know so far about the cyclosporiasis outbreak.
Everything we know so far about the cyclosporiasis outbreak.
by
Richard LawlerClose
Posts from t… [+4480 chars]"
Ed Cara,More Than Half of NYC’s Street Cats Carry Parasites That Can Infect Humans,New research finds that outdoor New York City cats are often carrying parasites that can cause human disease.,https://gizmodo.com/more-than-half-of-nycs-street-cats-carry-parasites-that-can-infect-humans-2000782989,2026-07-08T18:00:28Z,"Fellow street cat lovers beware: Research out today shows many felines we encounter outdoors are likely to be carrying all sorts of things that can sicken humans.
Veterinary researchers studied free… [+3416 chars]"
Barbara Plett Usher - Africa correspondent,Why some African nations are turning down Trump aid money,The Trump administration sees the aid as more transactional - but some say it is not a fair trade.,https://www.bbc.com/news/articles/ckg0921y8kdo?xtor=AL-72-%5Bpartner%5D-%5Byahoo.north.america%5D-%5Bheadline%5D-%5Bnews%5D-%5Bbizdev%5D-%5Bisapi%5D,2026-07-07T00:49:15Z,"After dismantling the main US body for delivering foreign assistance last year, the Trump administration is again offering hundreds of millions of dollars to African countries to support their health… [+12446 chars]"
Nelson Aguilar,A Diarrhea-Causing Parasite Is Spreading. Should You Stop Eating Salad?,"Salad greens could be a source of the growing cyclospora outbreak, but officials haven't identified a specific product, grower or supplier.",https://www.cnet.com/health/medical/diarrhea-causing-parasite-cyclospora-outbreak-salad-produce/,2026-07-17T00:53:43Z,"You might dub it ""produce paranoia."" On social media, videos show people clearing out their fridges, swearing off salads and debating whether it's safe to eat cilantro.
It's the frantic but expected… [+7961 chars]"
Alex Bitter,"Taco Bell and other major chains are taking a hit from the cyclospora outbreak, early foot traffic data shows","Foot traffic at Taco Bell, Panera Bread, and Chopt has fallen as fresh produce concerns grow across the US during a cyclospora outbreak.",https://www.businessinsider.com/taco-bell-panera-see-fewer-visitors-amid-cyclospora-outbreak-2026-7#article,2026-07-17T13:27:13Z,"Initial data shows declines in foot traffic at restaurant chains, including Taco Bell and Panera Bread, as the cyclospora outbreak grew.Jeffrey Greenberg/Universal Images Group via Getty Images
<ul>… [+3492 chars]"
"Hilary Brueck,Alex Bitter",Shredded lettuce supplied to Taco Bell identified as a source of cyclospora that causes watery diarrhea,Lettuce sold at Taco Bell in five states has been linked to the multi-state cyclosporiasis outbreak.,https://www.businessinsider.com/cyclospora-outbreak-cause-identified-contaminated-lettuce-2026-7#article,2026-07-17T00:07:13Z,"A culprit has been identified in the cyclosporiasis outbreak: shredded lettuce.Oksana Karuniene/Getty Images
<ul><li>The FDA has linked shredded lettuce sold at Taco Bell to the cyclosporiasis outbr… [+5727 chars]"
Lauren Edmonds,The cyclospora outbreak lawsuits have begun,At least four lawsuits were filed late last week after health officials identified the source of the cyclosporiasis outbreak spreading across the US.,https://www.businessinsider.com/cyclosporiasis-diarrhea-outbreak-lawsuits-taco-bell-taylor-farms-2026-7#article,2026-07-20T09:09:02Z,"Americans who have been sickened by the cyclospora outbreak are starting to file lawsuits.DigiPub/Getty Images
<ul><li>An outbreak of the Cyclospora parasite is spreading across the US.</li><li>Heal… [+4582 chars]"
Allison Aubrey,Iceberg lettuce at Taco Bell linked to cyclospora outbreak in 5 states,Federal health officials have identified a single supplier of the produce from Mexico that was served in Taco Bell restaurants in five states.,https://www.npr.org/2026/07/17/nx-s1-5897509/lettuce-taco-bell-mexico-cyclospora-outbreak,2026-07-17T17:04:33Z,"The Centers for Disease Control and Prevention and the Food and Drug Administration advise consumers to avoid eating shredded iceberg lettuce at Taco Bell locations in Indiana, Kentucky, Michigan, Oh… [+3124 chars]"
Yi-Jin Yu,What to know about Taylor Farms amid cyclosporiasis outbreak,The Centers for Disease Control and Prevention has linked Taylor Farms behind the source of the cyclosporiasis outbreak.,https://abcnews.com/GMA/News/taylor-farms-amid-cyclosporiasis-outbreak/story?id=134846473,2026-07-17T21:07:05Z,Fruit and vegetable producer Taylor Fresh Foods says it is voluntarily removing all iceberg lettuce sourced from central Mexico from the U.S. market amid an ongoing cyclosporiasis outbreak across the… [+4507 chars]
Mia de Graaf,The Cyclospora outbreak has every toddler parent asking the same question: Are berries safe?,"The Cyclospora outbreak in the US has parents worried and confused about berries, key toddler snacks, amid misinformation.",https://www.businessinsider.com/cyclospora-outbreak-berries-safe-kids-toddlers-2026-7#article,2026-07-15T08:59:54Z,"Jenna Werner and Jamie Heimos both have young kids who love berries. They are navigating the Cyclospora outbreak.happystronghealthy.rd/jamieheimoslpc
<ul><li>The Cyclospora outbreak has sickened ove… [+6768 chars]"
Associated Press,Ebola deaths in Congo top 500 as health workers threaten to strike,"At least 500 people have died out of over 1,500 confirmed cases in Congo’s Ebola outbreak, authorities said, as frontline workers threatened to go on strike...",https://www.yahoo.com/news/world/articles/ebola-deaths-congo-top-500-125241860.html,2026-07-06T12:52:41Z,"BUNIA, Congo (AP) At least 500 people have died out of over 1,500 confirmed cases in Congo's Ebola outbreak, authorities said, as frontline workers threatened to go on strike on Monday over unpaid be… [+1983 chars]"
Katherine Tangalakis-Lippert,Taco Bell takes extra cyclospora precautions while CDC investigates outbreak,Taco Bell is addressing concerns about cyclospora by removing ingredients amid the CDC's ongoing investigation into the multistate outbreak.,https://www.businessinsider.com/taco-bell-removes-menu-items-amid-cyclospora-outbreak-concerns-2026-7#article,2026-07-14T23:39:37Z,"Taco Bell's cyclosporiasis precautions highlight the stakes for restaurant chains during foodborne illness outbreaks.Mario Tama/Getty Images
<ul><li>Taco Bell removed some menu ingredients in select… [+3365 chars]"
Reuters,Explainer-What to know about the US outbreak of intestinal illness cyclosporiasis,"July 13 () - Cases of an intestinal infection from the cyclospora parasite that causes diarrhea, nausea and other gastrointestinal symptoms have risen steadi...",https://www.yahoo.com/news/articles/explainer-know-us-outbreak-intestinal-220746007.html,2026-07-13T22:07:46Z,"July 13 (Reuters) - Cases of an intestinal infection from the cyclospora parasite that causes diarrhea, nausea and other gastrointestinal symptoms have risen steadily in recent months across the Unit… [+2918 chars]"
EditorDavid,This Factory Was Severely Short On Workers. Then It Offered Flexible Work.,"""Flexible, app-based scheduling lets large pools of part-time workers choose four-hour shifts and even select the type of work they prefer,"" writes long-time Slashdot reader Tony Isaac. While the system started during the pandemic when factories faced severe …",https://it.slashdot.org/story/26/07/11/0639259/this-factory-was-severely-short-on-workers-then-it-offered-flexible-work,2026-07-11T18:34:00Z,"""Flexible, app-based scheduling lets large pools of part-time workers choose four-hour shifts and even select the type of work they prefer,"" writes long-time Slashdot reader Tony Isaac. While the sys… [+1206 chars]"
Kristine Villarroel,"What to know about Taylor Farms, the Taco Bell lettuce supplier linked to the cyclosporiasis outbreak",Taylor Farms faces scrutiny as a cyclosporiasis outbreak linked to its lettuce affects Taco Bell restaurants across five states.,https://www.businessinsider.com/what-to-know-taylor-farms-taco-bell-lettuce-supplier-cyclosporiasis-2026-7#article,2026-07-17T22:25:18Z,"Taylor Farms produces packaged salads and supplies fresh produce to retailers, restaurants, and foodservice customers.Justin Sullivan/Getty Images
<ul><li>Taylor Farms, a lettuce supplier for Taco B… [+6638 chars]"
Jason Weisberger,Cyclospora: Trump's FDA shits the bed,"Trump's FDA appears to have shat the bed on the cyclospora outbreak: a major lettuce recall disrupted the food chain, the outbreak kept spreading, and now the agency says its positive product test was wrong.
On July 19, FDA said its lab experts re-reviewed a …",https://boingboing.net/2026/07/20/cyclospora-trumps-fda-shits-the-bed.html,2026-07-20T16:37:08Z,"Trump's FDA appears to have shat the bed on the cyclospora outbreak: a major lettuce recall disrupted the food chain, the outbreak kept spreading, and now the agency says its positive product test wa… [+1381 chars]"
https://www.facebook.com/bbcnews,Covid fraudsters spent thousands on cars and watches,The NCA says the group claimed they could supply millions of boxes of nitrile gloves.,https://www.bbc.co.uk/news/articles/c2k7jj59x20o,2026-07-15T18:47:36Z,"Fraudsters who carried out a personal protective equipment (PPE) scam during the Covid-19 pandemic spent hundreds of thousands of pounds on luxury cars, watches and home renovations.
Jogesh Bhandari… [+1182 chars]"
,The £10bn wasted on Covid PPE,How did the government waste £10 billion on Covid PPE?,https://www.bbc.co.uk/sounds/play/p0nyjv9j?at_campaign=rss,2026-07-14T15:50:00Z,"Available for over a year
Today, the Covid inquiry has found that the lives of NHS staff and patients were put at risk in the pandemic because of a lack of adequate PPE. 
The inquirys chair, Barone… [+1407 chars]"
Safura Abdool Karim,Africa’s response to this Ebola outbreak shows how to shape global health,"Countries elsewhere must learn from the continent’s example and combat disease outbreaks by working together, not by closing borders.",https://www.nature.com/articles/d41586-026-02148-6,2026-07-14T00:00:00Z,"The latest outbreak of Ebola in the Democratic Republic of the Congo (DRC) and Uganda is one of the largest on record, with more than 1,700 cases confirmed since April. Dozens of governments and heal… [+3363 chars]"
Gabby Landsverk,The parasite panic didn't stop thousands of nutrition experts from chowing down on salad,Still skipping your lunch salad over cyclospora fears? Doctors and nutritionists didn't miss their daily dose of leafy greens at a recent conference.,https://www.businessinsider.com/why-nutrition-experts-arent-worried-about-cyclospora-in-salad-2026-7#article,2026-07-29T08:45:01Z,"The American Society for Nutrition's annual conference is one of the largest for cutting-edge research on all things food science.EPNAC.com/American Society for Nutrition
<ul><li>At a conference, I … [+6949 chars]"
"Sony Salzman, Arthur Jones II, Elise Spenner",4 takeaways from Fauci's journals ahead of his Senate testimony,Dr. Anthony Fauci will sit before the Senate's Homeland Security and Governmental Affairs Committee (HSGAC) on Wednesday.,https://abcnews.com/Politics/4-takeaways-faucis-journals-ahead-senate-testimony/story?id=135171269,2026-07-29T10:08:46Z,Dr. Anthony Fauci will sit before the Senate's Homeland Security and Governmental Affairs Committee (HSGAC) on Wednesday in what will surely be a fiery hearing before a committee chaired by Republica… [+7427 chars]
Rob Beschizza,"Mexico warns travelers of ""Explosive Diarrhea Risk"" in USA","Mexico's Ministry of Health has issued a travel advisory for citizens heading to the United States, where foodborne parasites have infected more than 1,600 people. The advisory was published by the National Committee for Epidemiological Surveillance, known as…",https://boingboing.net/2026/07/20/mexico-warns-travelers-of-explosive-diarrhea-risk-in-usa.html,2026-07-20T13:04:46Z,"Mexico's Ministry of Health has issued a travel advisory for citizens heading to the United States, where foodborne parasites have infected more than 1,600 people. The advisory was published by the N… [+1909 chars]"
CARA ANNA,Why the fastest-growing Ebola outbreak in history is becoming more challenging,"The Ebola outbreak in eastern Congo is now the fastest-growing one in history, and new challenges keep emerging even as work begins on a study of two badly n...",https://www.yahoo.com/news/world/articles/why-fastest-growing-ebola-outbreak-175114959.html,2026-07-13T17:51:14Z,"The Ebola outbreak in eastern Congo is now the fastest-growing one in history, and new challenges keep emerging even as work begins on a study of two badly needed treatments for a type of Ebola that … [+4052 chars]"
Marty Hobe,Taylor Farms to issue recall for products linked to ‘explosive diarrhea’ parasite: Report,This comes as Taco Bell pulled lettuce from select stores supplied by Taylor Farms.,https://www.newsnationnow.com/health/taylor-farms-recall-explosive-diarrhea-parasite/,2026-07-17T17:07:31Z,"Taylor Farms to issue recall for products linked to explosive diarrhea parasite: Report
(NewsNation) Produce maker Taylor Farms is preparing to issue a recall for products linked to the ""explosive d… [+2120 chars]"
Jason Weisberger,CNN writes the Taco Bell diarrhea headline America needed,"CNN Business has produced a headline so pure, so direct, so violently inevitable, that no rewrite desk should be allowed within 500 feet of it: ""Taco Bell has a diarrhea problem.""
The actual story is grim and gross: CNN reports that shredded iceberg lettuce s…",https://boingboing.net/2026/07/17/cnn-writes-the-taco-bell-diarrhea-headline-america-needed.html,2026-07-17T17:30:57Z,"CNN Business has produced a headline so pure, so direct, so violently inevitable, that no rewrite desk should be allowed within 500 feet of it: ""Taco Bell has a diarrhea problem.""
The actual story i… [+967 chars]"
Gabby Landsverk,The parasite panic didn't stop thousands of nutrition experts from chowing down on salad,Still skipping your lunch salad over cyclospora fears? Doctors and nutritionists didn't miss their daily dose of leafy greens at a recent conference.,https://www.businessinsider.com/why-nutrition-experts-arent-worried-about-cyclospora-in-salad-2026-7,2026-07-29T08:45:01Z,"<ul><li>At a conference, I saw doctors and dietitians enjoying salad, despite the cyclosporiasis outbreak.
</li><li>They told me the risk doesn't warrant swearing off fresh produce, a key part of a … [+6856 chars]"
Neil Pemberton,The Victorian War on Rabies,How was rabies – a disease that still kills thousands worldwide every year – largely eradicated from Victorian Britain?,https://www.historytoday.com/archive/feature/mad-dogs-and-englishmen-winning-war-rabies,2026-07-06T17:52:17Z,"On September 8th 2007, the Alliance for Rabies Control, supported by the Center for Disease Control in the United States, aims to raise awareness of the 50,000 human deaths each year from this preven… [+15947 chars]"
BeauHD,AI Companies Are Recruiting Electricians and Carpenters By the Thousands,"An anonymous reader quotes a New York Times report on how AI companies are pouring money into training and recruiting electricians, carpenters, and other skilled tradespeople to build data centers: There is no parallel in American history for the boom underwa…",https://news.slashdot.org/story/26/07/29/2213243/ai-companies-are-recruiting-electricians-and-carpenters-by-the-thousands,2026-07-30T03:30:00Z,"There is no parallel in American history for the boom underway in the construction of data centers, fueled by companies with functionally unlimited cash that are racing to supply skyrocketing demand … [+2037 chars]"
Andrea Hsu,This factory was severely short on workers. Then it offered flexible work,A GE Appliances plant in rural northwest Georgia was short hundreds of workers amid COVID-19. A flexible work option where some workers can sign up for shifts through an app has eased the pain.,https://www.npr.org/2026/07/08/nx-s1-5876084/manufacturing-flexible-part-time-work,2026-07-08T09:01:00Z,"Sign up for the Planet Money newsletter. The world is confusing. Economics can help.
LAFAYETTE, Ga. The freedom to choose your work hours has been a game changer for many white-collar workers. Now, … [+6484 chars]"
Aaron Brown,Robert Reich's CEO Pay Chart Is Wrong. Here's the Real Math. (opinion),The former U.S. labor secretary presents economic data in deceptive ways.,https://finance.yahoo.com/economy/policy/articles/robert-reichs-ceo-pay-chart-141505992.html,2026-07-09T14:15:05Z,"Robert Reich, an emeritus professor at the University of California, Berkeley, and a former U.S. labor secretary, makes popular economics videos arguing that the U.S. economy is rigged against worker… [+11461 chars]"
MIKE STOBBE AP medical writer,Senate committee advances nomination of Dr. Erica Schwartz to be Trump's CDC director,President Donald Trump's nominee to lead the Centers for Disease Control and Prevention has cleared a hurdle in the Senate,https://abcnews.com/Health/wireStory/senate-committee-advances-nomination-dr-erica-schwartz-trumps-135228808,2026-07-30T15:13:00Z,"NEW YORK -- A Senate committee on Thursday advanced Dr. Erica Schwartzs nomination to be director of the nations top public health agency, setting aside concerns that she will not stand up to politic… [+5921 chars]"
"Elise Haulund, CNN","So you think you caught cyclospora, the diarrhea-causing parasite. Here’s what to do next","The symptoms of cyclospora resemble other, more common stomach bugs, and many people will try to wait it out at home rather than seeking care.",https://www.cnn.com/2026/07/18/health/cyclospora-what-to-do-wellness,2026-07-18T10:30:25Z,"Ann McNitt found herself in the emergency room in Michigan this month with an upset stomach, nausea, vomiting and diarrhea. She had endured two full days of trips to the bathroom every 20 to 30 minut… [+10972 chars]"
Al Jazeera,Ebola death toll in DR Congo surpasses 500,"Nation’s 17th Ebola epidemic is fuelled by the Bundibugyo virus, with no existing vaccine or approved treatment options.",https://www.aljazeera.com/news/2026/7/6/ebola-death-toll-in-dr-congo-surpasses-500,2026-07-06T18:41:33Z,"The death toll from the Ebola outbreak in the Democratic Republic of the Congo (DR Congo) has risen above 500, according to the World Health Organization (WHO), as health workers threaten strike acti… [+2954 chars]"
Dhruv Shenai,Inside the high-stakes race to develop an Ebola vaccine for an escalating outbreak,The University of Oxford has already vaccinated its first clinical-trial participant. The study’s lead scientist Teresa Lambe tells Nature how they were able to move so fast.,https://www.nature.com/articles/d41586-026-02278-x,2026-07-28T00:00:00Z,"Researchers are aiming to test the vaccine in outbreak scenarios in Uganda later in 2026.Credit: Glody Murhabazi/AFP via Getty
Four days ago, the first volunteer was vaccinated against Bundibugyo eb… [+4145 chars]"
Nick Lichtenberg,One-third of Seattle’s downtown is empty: Here’s how America’s boomtown turned into one of the toughest places to find a job,What exactly has happened to work in the Emerald City?,https://finance.yahoo.com/real-estate/articles/one-third-seattle-downtown-empty-080000926.html,2026-07-27T08:00:00Z,"A decade ago, Seattle was the poster child of American tech prosperity. Amazon and Microsoft had turned a mid-sized Pacific Northwest city into a magnet for engineers, executives, and capital, adding… [+3318 chars]"
MIKE STOBBE,CDC nominee says she won't betray science — and backs Kennedy's actions,The Trump administration's latest nominee to lead the nation' top public health agency drew frustrated reactions from some U.S. senators on Wednesday when th...,https://www.yahoo.com/news/politics/articles/senate-committee-reviews-erica-schwartzs-142709504.html,2026-07-15T14:27:09Z,The Trump administration's latest nominee to lead the nation' top public health agency drew frustrated reactions from some U.S. senators on Wednesday when they pressed her on whether she would protec… [+7993 chars]
Zack Kotzer,Vanillaware Artist Moved Into The Mountains For Six Years To Create Lush Love Letter To Old School RPGs,Yoshio Nishimura’s Veritas Tales: Witch of the Dark Castle is a delightfully quirky love letter to the likes of Grailquest and Deathtrap Dungeon,https://kotaku.com/vanillaware-artist-moved-into-the-mountains-for-six-years-to-create-lush-love-letter-to-old-school-rpgs-2000715013,2026-07-12T17:57:11Z,"When the COVID pandemic began, Vanillaware artist and developer Yoshio Nishimura departed the studio and moved into the rural mountains outside of Nara. For six years, Nishimura rekindled his love of… [+2364 chars]"
Séamus Bellamy,Mexican Government files charges against ICE for murder,"At the time that this post was written, at least 50 individuals had died in the custody of the Department of Homeland Security's (DHS) Immigration and Customs Enforcement. The deaths were due to a lack of care for people with chronic medical issues like heart…",https://boingboing.net/2026/07/09/mexican-government-files-charges-against-ice-for-murder.html,2026-07-09T20:57:14Z,"At the time that this post was written, at least 50 individuals had died in the custody of the Department of Homeland Security's (DHS) Immigration and Customs Enforcement. The deaths were due to a la… [+2209 chars]"
Mack DeGeurin,Are you ready for what it takes to stop ghost guns?,"In the summer of 2024, former Army National Guard member Andrew Scott Hastings spent a sweaty afternoon carefully packing boxes with parts he made using his 3D printer. These weren't novelty figurines or replacement Ikea pieces. The boxes were instead filled …",https://www.theverge.com/tech/960802/3d-printed-gun-laws-ghost-guns,2026-07-06T22:17:22Z,"<ul><li></li><li></li></ul>
New laws in California and New York might stop anyone from 3D printing guns and create entirely new kinds of surveillance.
by
Mack DeGeurinClose
Posts from this author… [+27331 chars]"
Mary Kekatos,Dr. Erica Schwartz to appear before Senate for CDC director confirmation hearing,Dr. Erica Schwartz is set to appear before a Senate committee on Wednesday for her confirmation hearing as the next director of the CDC.,https://abcnews.com/Health/dr-erica-schwartz-senate-committee-confirmation-hearing-cdc/story?id=134740574,2026-07-15T09:45:55Z,"Dr. Erica Schwartz is set to appear before a Senate committee on Wednesday for her confirmation hearing as the next director of the Centers for Disease Control and Prevention (CDC).
Schwartz, a form… [+3290 chars]"
Elie Dolgin,An HIV vaccine is within reach,"In January 2025, Linda-Gail Bekker stood inside a vaccine manufacturing plant and allowed herself to believe that the first HIV vaccine candidate conceived through African science and led by Africans might finally become a reality. The vaccine would be built …",https://www.vox.com/future-perfect/495791/mrna-vaccines-science-hiv-prevention-trump-funding,2026-07-21T22:42:01Z,"In January 2025, Linda-Gail Bekker stood inside a vaccine manufacturing plant and allowed herself to believe that the first HIV vaccine candidate conceived through African science and led by Africans… [+19036 chars]"
Al Jazeera,"US says more than 1,400 infected by parasitic Cyclospora illness outbreak","US officials claim evidence points to lettuce grown in Mexico, which Mexico's Health Ministry disputes.",https://www.aljazeera.com/news/2026/7/22/us-says-more-than-1400-infected-by-parasitic-cyclospora-illness-outbreak,2026-07-22T02:01:28Z,"An outbreak of a parasitic stomach illness has infected more than 4,100 people across the United States.
The US Centers for Disease Control and Prevention (CDC) said on Tuesday that 308 people with … [+1526 chars]"
Josie Cox,The hidden cost of empathy at work,White-collar women spend almost two days a week as their coworkers' therapist,https://www.businessinsider.com/hidden-cost-empathy-tax-work-women-2026-7#article,2026-07-02T08:13:01Z,"It took years for Aimee Young to realize she'd been doing a job nobody had asked her to do.
In March 2020, the human resources executive returned from maternity leave just as the world was descendin… [+12270 chars]"
ADITHI RAMAKRISHNAN,Ancient mummy DNA provides scientific evidence that colonization brought smallpox to the Americas,Ancient mummy DNA recovered in Chile has yielded the firmest evidence yet that European colonization brought smallpox to the Americas.  Smallpox was one of t...,https://www.yahoo.com/news/science/articles/ancient-mummy-dna-provides-scientific-181640250.html,2026-07-30T18:16:40Z,"NEW YORK (AP) Ancient mummy DNA recovered in Chile has yielded the firmest evidence yet that European colonization brought smallpox to the Americas.
Smallpox was one of the deadliest diseases in hum… [+3507 chars]"
,AI has torched the market for junior programmers,"Junior programmers are getting destroyed by AI — down 19%, while devs over 40 thrive. Meanwhile, millions of non-developers are shipping real software without the job title. The credential market collapsed; the activity exploded. The problem: nobody's buildin…",https://seldo.com/posts/ai-has-torched-the-market-for-junior-programmers/,2026-07-04T19:50:08Z,"In early 2025 I predicted that AI will create many, many more programmers, and that new programming jobs would look different. In March I checked in and found startups substituting compute for labor … [+11343 chars]"
"Mark Faithfull, Contributor, 
 Mark Faithfull, Contributor
 https://www.forbes.com/sites/markfaithfull/","If Retailers Thought U.S. Trade Tarrifs Were Over, Think Again",Retailers have woken up to yet another tariff nightmare as a fresh round of trade barriers have this time been blamed on labor practices by the Trump administration.,https://www.forbes.com/sites/markfaithfull/2026/07/24/if-retailers-thought-us-trade-tarrifs-were-over-think-again/,2026-07-24T10:10:04Z,"The newest levies were announced late on Thursday by the U.S. trade representative, Jamieson Greer. (Photo by Andrew Harnik/Getty Images)
Getty Images
If retailers thought that trade tariffs were o… [+4877 chars]"
Hafiz Rashid,World Leaders Furious Over Trump’s Made-Up Reason for Fresh Tariffs,"President Trump’s justification for his latest round of tariffs has angered foreign leaders. The White House on Friday instituted tariffs between 10 and 12.5 percent on 60 countries around the world by citing Section 301 of the Trade Act of 1974, which allows…",https://newrepublic.com/post/213485/world-leaders-furious-trump-forced-labor-reason-tariffs,2026-07-24T13:55:50Z,"The company has stopped distributing eggs produced on its Texas farms, according to the FDA. Salmonella enteritidis is a bacterium that can survive on the shell of an egg or inside it, and could caus… [+995 chars]"
,The security checks in every Lionshead PR,A holding company for software platforms. We build things that stay built.,https://lionshead.digital/notes/the-security-checks-in-every-lionshead-pr,2026-07-13T20:07:09Z,"2026-07-12At enterprise scale, a breach is a bad quarter. You have a legal team to coordinate disclosure. A disaster-recovery plan you drill annually. A PR team to control the narrative. A security t… [+6443 chars]"
Tim Paradis,The debate over what's making it harder for college grads to get hired,Why are recent grads struggling to find jobs? Researchers debate whether remote work or AI are driving a decline in entry-level hiring.,https://www.businessinsider.com/remote-work-ai-entry-level-hiring-new-grads-2026-7#article,2026-07-05T09:42:02Z,"Early-career workers are having a hard time landing jobs.Bloomberg/Getty Images
<ul><li>Fintech firm Revolut recently said early-career workers will have to be in the office at least 3 days a week.<… [+5804 chars]"
"Kaanita Iyer, CNN",Trump administration faces record turnover in second term,More Senate-confirmed officials have left President Donald Trump’s second administration in its first 18 months than they have during the same period in othe...,https://www.cnn.com/2026/07/23/politics/trump-administration-turnover,2026-07-24T01:47:05Z,"More Senate-confirmed officials have left President Donald Trump's second administration in its first 18 months than they have during the same period in other 21st century administrations, according … [+2417 chars]"
Zack Zwiezen,RPG That Earned Over A Million Dollars On Kickstarter In 2013 Provides First Update In Seven Years: ‘Aiming To Finish Production At The End Of 2031’,The long wait for Project Phoenix continues...,https://kotaku.com/rpg-that-earned-over-a-million-dollars-on-kickstarter-in-2013-provides-first-update-in-seven-years-aiming-to-finish-production-at-the-end-of-2031-2000713325,2026-07-07T15:00:12Z,"In 2013, the Kickstarter campaign for Project Phoenixended up raising over $1 million. The team estimated the game would be ready in March 2015. Then in December 2015, the team announced that Project… [+3087 chars]"
Max Zahn,Global oil prices cross $100 a barrel as Iran war sends fuel prices surging,Oil prices surged more than 6% on Thursday.,https://abcnews.com/Business/global-oil-prices-cross-100-barrel-iran-war/story?id=135017063,2026-07-23T14:37:48Z,"Global oil prices on Thursday crossed $100 a barrel for the first time since May, after Houthi militants in Yemen claimed to have struck two Saudi tankers in the Red Sea.
The reported attack, which … [+1845 chars]"
Julia Jacobo,Stalled vessels near Strait of Hormuz could trigger invasive species catastrophe,"A possible ecological catastrophe could be fueled by stalled ships as conflict over the Strait of Hormuz continues to block traffic on the passageway, scientists say.",https://abcnews.com/International/scientists-warn-invasive-species-superspreader-event-due-stalling/story?id=135051186,2026-07-25T15:31:49Z,"A possible ecological catastrophe could be fueled by stalled ships as conflict over the Strait of Hormuz continues to block traffic on the passageway, scientists say.
The Strait of Hormuz has been a… [+5900 chars]"
Andrew Jones,"The Lumbee Tribe of N.C. wants better healthcare, but plans to fund it are in limbo","Robeson County, N.C., where most of the Lumbee Tribe's citizens live, ranks as one of the worst counties in the U.S. for health. The tribe can access the Indian Health Service now, but it's not likely to be sufficient to improve the health of the community.",https://www.npr.org/2026/07/30/nx-s1-5906740/lumbee-tribe-indian-health-service-gambling-north-carolina,2026-07-30T09:00:00Z,"For stories of life in our changing world, subscribe here
 to the global health newsletter.
LUMBERTON, N.C. Soybean fields surround Angie Lowery's home on a plot of rural land in southeastern North… [+10274 chars]"
Roderick Wong,"When 10,000 doctors stood up and cheered for a cancer drug — America’s innovation machine made it possible","Daraxonrasib nearly doubled pancreatic cancer survival to 13.2 months — but the IRA's ""Pill Penalty"" threatens the system that produced it.",https://finance.yahoo.com/healthcare/articles/10-000-doctors-stood-cheered-113000049.html,2026-07-25T11:30:00Z,"You might have seen, in early June, more than 10,000 oncologists and drug developers gave a standing ovation mid-presentation. The slide that moved the room showed survival curves for Revolution Medi… [+6372 chars]"
Elizabeth Nolan Brown,"No, Remote Work Is Not Making Us Miserable","The rise of remote work is a tech success story, despite what one new and very convoluted study claims.",https://www.yahoo.com/lifestyle/articles/no-remote-not-making-us-161614352.html,2026-07-27T16:16:14Z,"People like working from home. It lets us avoid commutes. It lets us live closer to family. It seems especially good for the parents of young children, and it could even boost birth rates.
This seem… [+20107 chars]"
Max Zahn,Government report to show how US economy performed amid Iran war,The U.S. economy is expected to have slowed slightly in the second quarter.,https://abcnews.com/Business/government-report-show-us-economy-performed-amid-iran/story?id=135152547,2026-07-30T09:03:20Z,"A government report on Thursday will show whether the United States economy held sturdy as an inflation surge took hold over the early months of the Iran war.
The fresh data is set to provide gross … [+2448 chars]"
Elizabeth Melimopoulos,"What is cyclospora? Diarrhoea symptoms, foods linked to US outbreak","Cyclospora cases are rising across the US. Here's what to know about symptoms, spread, treatment and prevention.",https://www.aljazeera.com/news/2026/7/16/what-is-cyclospora-diarrhoea-symptoms-foods-linked-to-us-outbreak,2026-07-16T10:12:57Z,"United States health officials are investigating a growing cyclospora outbreak after infections surged across the country this year.
Since May 1, the Centers for Disease Control and Prevention (CDC)… [+8132 chars]"
Phil Wahba,How United’s ‘premiumization’ strategy got passengers to swallow higher airfares without a fight,"Fuel costs and flight prices are rising, but United's second-quarter earnings show passengers aren't pushing back.",https://finance.yahoo.com/economy/articles/united-premiumization-strategy-got-passengers-070000222.html,2026-07-19T07:00:00Z,"United Airlines has spent years training passengers to pay more for better seats and amenities, and the strategy is paying off. As fuel costs climbed amid the U.S.-Iran conflict, the airline raised f… [+3623 chars]"
Pien Huang,CDC director nominee Erica Schwartz faces Senate for confirmation hearing,"Dr. Erica Schwartz, Trump's nominee for CDC director, faces the Senate health committee for her confirmation hearing on July 15. If confirmed, she will lead an agency dealing with workforce and leadership shortages, and new layers of political review.",https://www.npr.org/2026/07/15/nx-s1-5892482/cdc-director-erica-schwartz-senate-confirmation-hearing,2026-07-15T09:00:00Z,"Dr. Erica Schwartz, Trump's latest nominee to lead the Centers for Disease Control and Prevention, is scheduled to appear before a Senate committee Wednesday morning, to answer questions about her vi… [+6216 chars]"
Miao Yanliang,Explaining China’s Industrial Competitiveness,"External headwinds have not weakened China’s manufacturing competitiveness. That is because the Chinese economy combines an unusually large manufacturing base, deep supply chains, fast engineering feedback loops, and cutthroat domestic competition to create g…",https://www.project-syndicate.org/commentary/china-industrial-competitiveness-root-causes-by-miao-yanliang-2026-07,2026-07-30T08:34:06Z,"Jul 30, 2026Miao Yanliang
External headwinds have not weakened Chinas manufacturing competitiveness. That is because the Chinese economy combines an unusually large manufacturing base, deep supply c… [+592 chars]"
Dylan Scott,Don’t give up vegetables because of the diarrhea parasite,"Have you been looking at the lettuce aisle at your grocery store with a wary eye since the diarrhea outbreak began? You’re not alone. This is the summer, which should be high time for fresh produce. But the ongoing emergency has even doctors asking themselves…",https://www.vox.com/health/495831/cyclospora-parasite-diarrhea-outbreak-food-avoid-taco-bell,2026-07-16T22:25:46Z,"Fresh produce brings new risks with the cyclospora diarrhea outbreak. Here’s how to eat safe. | Getty Images


Have you been looking at the lettuce aisle at your grocery store with a wary eye since … [+6982 chars]"
Brittney Melton,"U.S.-Iran fighting appears to pause. And, life inside Gaza's expanding military zones","Fighting between the U.S. and Iran appears to have paused after two days of clashing amid a shaky ceasefire. And, a look at what life is like inside Israel's expanding zone of control in Gaza.",https://www.npr.org/2026/07/10/g-s1-132943/up-first-newsletter-iran-us-tps-haitians-syrians-eac-gaza-israel-hamas,2026-07-10T11:43:38Z,"Good morning. You're reading the Up First newsletter. Subscribe here to get it delivered to your inbox, and listen to the Up First podcast for all the news you need to start your day.
Today's top st… [+5872 chars]"
https://www.facebook.com/bbcnews,Chip giant TSMC pledges another $100bn to expand US production,"The company says it will create ""high-tech, high-paying jobs"", and raises its total commitment to the US to $265bn.",https://www.bbc.co.uk/news/articles/c62x8ldxr7eo,2026-07-16T10:23:00Z,"Wei did not give a timeline of when the new plants were likely to be built, saying only that it would depend on the ""market situation"". The new plants would add to the eight already being built or pl… [+1290 chars]"
tunabreath,9.9 GPM 180000 BTU RHEEM Tankless On Demand Water Heater + 11% Mail-In Rebate $700 + Free Pickup,"Menard's has RHEEM tankless on demand water heaters at prices listed below. You may also earn an 11% rebate paid in the form of Menard's in store credit. Shipping to store is free. 
[LIST][*]Premium...",https://slickdeals.net/f/19773138-9-9-gpm-180000-btu-rheem-tankless-on-demand-water-heater-11-mail-in-rebate-700-free-pickup,2026-07-19T23:52:37Z,"Central Iowa here, I've never seen lime deposits or had issues with hard water and do not have a whole house water filter. I do highly recommend whole house filters, they easily last upwards of 10 ye… [+513 chars]"
Rebekah Valentine,"Seed Will Let You Run Your Own Government, If You Grow Enough Tomatoes First",Just don't get jaundice,https://kotaku.com/seed-social-survival-game-metaverse-2000718434,2026-07-22T18:30:00Z,"I picked up Seed when I saw the early access key offer in my inbox on a bit of a whim. I vaguely remembered hearing about this game years prior, and being vaguely interested in its promise of an MMO … [+8551 chars]"
Ashley Archambault,I canceled Amazon Prime to curb my impulse shopping. It worked better than I expected.,"Giving up Amazon Prime saved me money, but it also reminded me how much I enjoyed shopping locally and getting out of the house.",https://www.businessinsider.com/canceling-amazon-prime-running-errands-2026-7#article,2026-07-12T13:51:01Z,"The author canceled her Amazon Prime account.Courtesy of the author
<ul><li>I canceled Amazon Prime to save money and curb impulse purchases.</li><li>The change made me rethink my dependence on one … [+3813 chars]"
"Mary Whitfill Roeloffs, Forbes Staff, 
 Mary Whitfill Roeloffs, Forbes Staff
 https://www.forbes.com/sites/maryroeloffs/",Here’s Where The Cyclosporiasis Outbreak Stands After Taylor Farms’ False Positive,"Investigators acknowledged they have no proof as to what is causing the cyclosporiasis outbreak that has sickened an estimated 7,000 people.",https://www.forbes.com/sites/maryroeloffs/2026/07/20/heres-where-the-cyclosporiasis-outbreak-stands-after-taylor-farms-false-positive/,2026-07-20T15:03:41Z,"A sample of lettuce from Taylor Farms that had tested positive for cyclosporaand pinned the ongoing cyclosporiasis outbreak on the major produce supplierwas a false positive, the Food and Drug Admini… [+5652 chars]"
Conor Gallagher,Links 7/30/2026,"Our daily links, including Fauci pleads the Fifth, cyclospora outbreak worsens, AI book destruction, Obama reading list, and ICE overrides state laws.",https://www.nakedcapitalism.com/2026/07/links-7-30-2026.html,2026-07-30T10:59:30Z,"Discovery of a multicomponent alloy forged by the Hiroshima atomic blast Science Advances
An island has been waging war on rats. They think theyve finally won New Scientist
Climate/Environment
Sou… [+5707 chars]"
Tom Hawking,Your Child’s Next Teacher Could Be a Sex Robot,Because of course this is a thing that is happening in 2026.,https://gizmodo.com/your-childs-next-teacher-could-be-a-sex-robot-2000787284,2026-07-18T16:02:33Z,Today in dystopia: another story about a school deciding that the one thing their classroom really needs is a weird AI-driven robot. Whos todays lucky winner? Step forward Salamanca City Central Scho… [+3400 chars]
"Gary Occhiogrosso, Contributor, 
 Gary Occhiogrosso, Contributor
 https://www.forbes.com/sites/garyocchiogrosso/",Taco Bell Moves Quickly As Cyclospora Investigation Expands,Taco Bell removes lettuce supplier nationwide as CDC investigates a multistate Cyclospora outbreak linked to restaurants in five Midwestern states.,https://www.forbes.com/sites/garyocchiogrosso/2026/07/17/taco-bell-moves-quickly-as-cyclospora-investigation-expands/,2026-07-17T15:30:08Z,"MEDINA, OHIO - SEPTEMBER 29: Logo and exterior facades of Taco Bell restaurants in Ohio, USA, photographed on Monday, September 29, 2025. (Photo by Duane Prokop/Getty Images for Taco Bell)
Getty Ima… [+7837 chars]"
Jacob Smith,Daily briefing: ‘Raygun’ AI can shrink or supersize proteins,"The tool can add, remove or swap protein subunits using similar steps to natural evolution. Plus, spin qubits are back in the quantum race and the drugs that could prevent long COVID.",https://www.nature.com/articles/d41586-026-02420-9,2026-07-30T00:00:00Z,"Hello Nature readers, would you like to get this Briefing in your inbox free every day? Sign up here.
The company HRL Laboratories in Malibu, California, has created a quantum computer that reduces … [+5925 chars]"
https://www.facebook.com/bbcnews,Why some African nations are turning down Trump aid money,The Trump administration sees the aid as more transactional - but some say it is not a fair trade.,https://www.bbc.co.uk/news/articles/ckg0921y8kdo,2026-07-07T00:49:08Z,"A Kenyan court initially suspended the country's deal after legal challenges demanding protection of patient privacy.
Arnold Kavaarpuo, executive director of Ghana's Data Protection Commission, told… [+2979 chars]"
Allie Hubers,"I swore by booking 'guarantee' cabins to save money on cruises. After a few nightmare experiences, I'd never do it again.","Booking guarantee cabins was my easy way to save money on cruises. After a few years, cons added up and I learned the hard way they're not worth it.",https://www.businessinsider.com/booking-guarantee-cabins-not-worth-it-save-money-cons-2026-7#article,2026-07-06T12:41:01Z,"I spent years swearing by ""guarantee"" cabins to save money on cruises. After dozens of sailings, my luck began to run out.Allie Hubers
<ul><li>For years, I booked cheap ""guarantee"" cabins, where the… [+5972 chars]"
Phil Haunhorst,Cyclospora Parasite Outbreak: Salad Recalls Trigger Sharp Stock Volatility,A parasite outbreak tied to Taylor Farms sends Walmart and Yum Brands shares lower while Sweetgreen rallies on relief.,https://beincrypto.com/parasite-outbreak-walmart-taco-bell-stocks/,2026-07-19T11:00:00Z,"A severe Cyclospora parasite outbreak tied to supplier Taylor Farms hit Walmart and Taco Bell this week. Both companies moved fast, with Walmart issuing recalls and Taco Bell cutting menu items on Fr… [+2582 chars]"
Lila Shroff,Silicon Valley Wants to Save You From AI Layoffs,AI companies are racing to automate work while preparing to parachute in as the heroes.,https://www.theatlantic.com/technology/2026/07/silicon-valley-plan-ai-jobs-layoffs/687863/,2026-07-09T19:59:00Z,"In late March, I started receiving daily texts from the federal government about AI. “AI is changing how we work and live,” one message read. “You might feel curious, skeptical, or unsure—that’s norm… [+9511 chars]"
"Antonio Pequeño IV, Forbes Staff, 
 Antonio Pequeño IV, Forbes Staff
 https://www.forbes.com/sites/antoniopequenoiv/",Taco Bell: ‘Affected’ Lettuce Now Removed—Customers Can Order ‘Safely’,Taylor Farms lettuce was fingered by the FDA as a possible culprit in the national cyclosporiasis outbreak that’s made thousands sick.,https://www.forbes.com/sites/antoniopequenoiv/2026/07/17/taco-bell-affected-lettuce-now-removed-customers-can-order-safely/,2026-07-17T23:02:58Z,"Taco Bell said Friday it removed Taylor Farms lettuce from its restaurants, hours after the popular salad producerwhich has been identified as the possible source of a cyclosporiasis outbreak that ha… [+4405 chars]"
"Alex Krutz, Contributor, 
 Alex Krutz, Contributor
 https://www.forbes.com/sites/alexkrutz/",Focus Shifts to Execution at The 2026 Farnborough Airshow,Farnborough 2026 made clear that generating demand is no longer aerospace’s greatest challenge. Delivering at scale is.,https://www.forbes.com/sites/alexkrutz/2026/07/27/focus-shifts-to-execution-at-the-2026-farnborough-airshow/,2026-07-27T20:02:28Z,"Farnborough Airshow 2026 Flying Display
Picture taken at FIA 2026 Airshow
Few events capture the history and complexity of aerospace like the Farnborough International Airshow. In 1908, Samuel Cody… [+7079 chars]"
"Mary Whitfill Roeloffs, Forbes Staff, 
 Mary Whitfill Roeloffs, Forbes Staff
 https://www.forbes.com/sites/maryroeloffs/",Cyclosporiasis Theories Are Spreading Online. Here’s What’s True.,"Growing fear has led to speculation on Facebook, TikTok and X—and not everything that’s circulating is true.",https://www.forbes.com/sites/maryroeloffs/2026/07/17/cyclosporiasis-theories-are-spreading-online-heres-whats-true/,2026-07-17T16:21:59Z,"Raspberries aren't safe. False. Doctors and infectious disease experts initially recommended temporarily avoiding fresh raspberries because they're difficult to wash and have been linked to previous… [+3613 chars]"
Mwangi Enos,138-year-old aerospace giant emerges after rival files Chapter 11,"The aerospace supply chain is not a market where weakness is distributed evenly. When one supplier falters, the contracts, the customer relationships, and th...",https://www.thestreet.com/investing/stocks/hwm-howmet-aerospace-could-benefit-as-magellan-aerospace-middletown-files-chapter-11-bankruptcy,2026-07-28T18:33:00Z,"The aerospace supply chain is not a market where weakness is distributed evenly. When one supplier falters, the contracts, the customer relationships, and the pricing power do not disappear.
They mi… [+6387 chars]"
Stephan Bisaha,A major housing bill is set to become law at midnight — even though Trump says he won't sign,President Trump says he is refusing to sign the bill without Congress first passing his sweeping voter ID bill.,https://www.npr.org/2026/07/10/nx-s1-5885027/housing-bill-without-trump-signature,2026-07-10T14:55:21Z,"Sign up for alerts on breaking news and exclusive reporting from NPR
Democrats in Congress hailed it as the biggest housing bill in decades. Republicans called it a win for families across the count… [+6408 chars]"
"Mary Whitfill Roeloffs, Forbes Staff, 
 Mary Whitfill Roeloffs, Forbes Staff
 https://www.forbes.com/sites/maryroeloffs/",Visits To Taco Bell Plummeted 19% After Cyclosporiasis Outbreak Linked To Restaurant’s Lettuce,The chain is struggling to recover amid a growing cyclosporiasis outbreak.,https://www.forbes.com/sites/maryroeloffs/2026/07/20/visits-to-taco-bell-plummeted-19-after-cyclosporiasis-outbreak-linked-to-restaurants-lettuce/,2026-07-20T19:36:02Z,"A cyclospora parasite outbreak suspected to be tied to Taco Bell lettuce has delivered a massive blow to the chain's customer traffic while the stock of its parent company, Yum! Brands, has fallen dr… [+2923 chars]"
Dylan Scott,How to protect yourself from the diarrhea-causing parasite wreaking havoc across the US,"As if we needed one more thing to worry about so soon after the hantavirus scare, there is a new public health threat for Americans to contend with: a rapidly escalating outbreak of, of all things, diarrhea. It’s a parasite called cyclosporiasis. It can cause…",https://www.vox.com/health/494977/explosive-diarrhea-parasite-outbreak-cyclosporiasis-michigan-ohio,2026-07-10T17:56:24Z,"A parasite called cyclosporiasis, which can cause explosive and watery bowel movements, has infected nearly 2,000 people in the United States this year. | Paige Vickers/Vox; Getty Images


As if we … [+8387 chars]"
"Mary Whitfill Roeloffs, Forbes Staff, 
 Mary Whitfill Roeloffs, Forbes Staff
 https://www.forbes.com/sites/maryroeloffs/",Taco Bell Visits Dropped Over 30%—More Than Initially Reported—Amid Outbreak,The chain is struggling to recover amid a growing cyclosporiasis outbreak.,https://www.forbes.com/sites/maryroeloffs/2026/07/27/taco-bell-visits-dropped-over-30-more-than-initially-reported-amid-outbreak/,2026-07-27T12:54:42Z,A cyclospora parasite outbreak possibly tied to lettuce used by Taco Bell and many others appeared to deliver a blow to the chain's customer trafficsignificantly more than was originally reportedas t… [+3073 chars]
Reuters,"Three Russian Black Sea terminals restrict grain intake by truck amid shipping risks, sources say",July 28 (Reuters) - Three major Russian Black Sea grain export terminals have restricted grain deliveries by truck amid rising shipping risks in the Black Se...,https://www.yahoo.com/news/articles/three-russian-black-sea-terminals-163229290.html,2026-07-28T16:32:29Z,July 28 (Reuters) - Three major Russian Black Sea grain export terminals have restricted grain deliveries by truck amid rising shipping risks in the Black Sea and increased flows following restrictio… [+2450 chars]
By Anna Pruchnicka and Iryna Nazarchuk,Russian attack on corn ship off Ukraine's Odesa kills 10,"ODESA, Ukraine July 20 (Reuters) - A Russian missile strike on a ship carrying corn near Ukraine's southern port of Odesa killed 10 people, Ukrainian officia...",https://www.yahoo.com/news/world/articles/russian-attack-corn-ship-off-092157716.html,2026-07-20T09:21:57Z,"By Anna Pruchnicka and Iryna Nazarchuk
ODESA, Ukraine July 20 (Reuters) - A Russian missile strike on a ship carrying corn near Ukraine's southern port of Odesa killed 10 people, Ukrainian officials… [+2446 chars]"
"Pawan Jain, University of Michigan",ChatGPT Sounds Great at Money Advice. That’s the Problem,"When managing your money, take a chatbot’s ‘confidence’ with a grain of salt.",https://gizmodo.com/have-fun-being-poor-if-you-blindly-follow-ai-chatbots-money-advice-2000782315,2026-07-07T15:30:17Z,The chatbot sounds authoritative and even shows its work. So Suzy follows its guidance and never calls a financial planner. Maybe the advice was fine. But maybe it quietly ignored the fact that Suzys… [+7753 chars]
James Pero,Trump’s Robot Vacuum Ban Sucks for Everyone,"An FCC ban focuses on manufacturing instead of actual security, and consumers might pay the price.",https://gizmodo.com/trumps-robot-vacuum-ban-sucks-for-everyone-2000792601,2026-07-29T21:25:09Z,"Humanoids aren’t the only bots getting screwed by a recent Trump administration crackdown. As noted by The Verge, robot vacuums are also subject to new FCC rules barring the import of future Chinese … [+2199 chars]"
By Tom Polansek,USDA lowers beef export sales by 90% amid growing doubts over data,"CHICAGO, July 9 (Reuters) - The U. Department of Agriculture dramatically lowered its reported beef export sales for late June on Thursday, sparking fresh co...",https://finance.yahoo.com/markets/commodities/articles/usda-lowers-beef-export-sales-211700139.html,2026-07-09T21:17:00Z,"By Tom Polansek
CHICAGO, July 9 (Reuters) - The U.S. Department of Agriculture dramatically lowered its reported beef export sales for late June on Thursday, sparking fresh concerns about the qualit… [+3666 chars]"
Ellyn Lapointe,The Fix for Food Waste Comes With a Major Catch,"Composting has incredible climate benefits, but implementing it nationwide could introduce a harmful pollutant to farmland, new research suggests.",https://gizmodo.com/the-fix-for-food-waste-comes-with-a-major-catch-2000793006,2026-07-30T20:35:04Z,"Between 30% and 40% of the U.S. food supply goes uneaten, according to the Environmental Protection Agency. Most of this organic waste ends up in landfills, where it rots and emits planet-warming gas… [+3897 chars]"
Barry Ritholtz,At The Money: Investing in Wheat,"At The Money: Investing in Wheat (July 22, 2026) Do you want to own a core food staple as a geopolitical hedge, an inflation offset, or simply as a diversifier? There’s an ETF for that! Full transcript below. ~~~ About this week’s guest: Sal Gilbertie began t…",https://ritholtz.com/2026/07/at-the-money-investing-in-wheat/,2026-07-22T16:30:57Z,"At The Money: Investing in Wheat (July 22, 2026)
Do you want to own a core food staple as a geopolitical hedge, an inflation offset, or simply as a diversifier? Theres an ETF for that!
Full transcr… [+19402 chars]"
Anke Eksteen,"Wind turbine is being used to produce zero-carbon ""green ammonia"" fertilizer","Farmers in Minnesota will finally save money on imported fertilizer thanks to a wind turbine that generates green ammonia using wind, air, and water.",https://energiesmedia.com/wind-turbine-stopped-electricity-wind-water-air/,2026-07-25T16:09:58Z,"A Minnesotan wind turbine shows that wind energy can produce more than just electricity.
Various global industries are racing to decarbonize their operations, but many have historically struggled to… [+4346 chars]"
Matt Novak,New Jersey Becomes Latest State to Pass Law Against Surveillance Pricing,The legislation only applies to grocery stores and still needs to be signed by the governor to become law.,https://gizmodo.com/new-jersey-becomes-latest-state-to-pass-law-against-surveillance-pricing-2000780265,2026-07-02T19:55:59Z,"They’re falling like dominoes now. New Jersey became the latest state to pass a bipartisan law banning surveillance pricing in grocery stores on Tuesday, following the lead of Maryland and Connecticu… [+5750 chars]"
Nicholas Sutrich,"Why Meta's new smart AI glasses might not be for everyone, and why I still recommend them",Meta's 2026 smart glasses lineup is an impressive budget-friendly addition to the already great lineup of AI glasses from the company. But there's one major limitation to keep in mind.,https://www.androidcentral.com/wearables/meta-glasses-hands-on-review,2026-07-09T15:31:45Z,"In his weekly column, Android Central Senior Content Producer Nick Sutrich delves into all things VR, from new hardware to new games, upcoming technologies, and so much more.
Meta is the undisputed … [+9178 chars]"
Tyler Cowen,Brazil fact of the day,"Last year, the US exported $171bn of agricultural goods according to the Department of Agriculture, just $2bn more than the export total claimed by Brazil, which many analysts say has benefited from trade disruption set in train by President Donald Trump’s ta…",https://marginalrevolution.com/marginalrevolution/2026/07/brazil-fact-of-the-day-12.html,2026-07-22T18:04:03Z,"Last year, the US exported $171bn of agricultural goods according to the Department of Agriculture, just $2bn more than the export total claimed by Brazil, which many analysts say has benefited from … [+272 chars]"
Alina Selyukh,The 2000s called. They want their digital camera back,"Why are people who weren't born 25 years ago snapping up the digital camera of that era? Blame Taylor Swift, trend cycles, childhood nostalgia and smartphone fatigue.",https://www.npr.org/2026/07/18/nx-s1-5896117/retro-digital-camera-analog-reboot,2026-07-18T10:01:00Z,"A couple of years ago, as summer camps began to ban screens, a company called Camp Snap began to sell a screen-free camera that children could take along. The point-and-shoot had the vibes of a 1990s… [+4358 chars]"
Yves Smith,The Global Food Crisis,A hard look at the possible severity of the coming global food crisis and how it demands new approaches to analysis and decisions.,https://www.nakedcapitalism.com/2026/07/the-global-food-crisis.html,2026-07-23T06:57:01Z,"Yves here. Please welcome Ruben Bauer Naveira, who was not only so kind as to send his article on the imminent food crisis to us but also updated it in light of the changing conditions in the Iran wa… [+40621 chars]"
"Dan Eberhart, Contributor, 
 Dan Eberhart, Contributor
 https://www.forbes.com/sites/daneberhart/",China Is Weaponizing Fertilizer Against American Farmers,"China is driving up fertilizer prices by restricting exports and buying U.S. sulfur, threatening American farmers, food security and grocery prices.",https://www.forbes.com/sites/daneberhart/2026/07/09/china-is-weaponizing-fertilizer-against-american-farmers/,2026-07-09T10:27:10Z,Dock workers load sacks of fertilizer onto a barge at the Shanghai port in June. China has recently banned exports of fertilizer to protect its domestic market. (Photo credit should read ZOU QING/AFP… [+4980 chars]
Matt Novak,"DC Passes Bill to Ban Surveillance Pricing for Concert Tickets, Cap Resale Prices",Resellers are also banned from using tech to circumvent ticket sale limits.,https://gizmodo.com/dc-passes-bill-to-ban-surveillance-pricing-for-concert-tickets-cap-resale-prices-2000785869,2026-07-15T18:40:35Z,"Washington, D.C. has passed a bill that will cap the resale of live entertainment tickets at 10% of their original price and ban so-called surveillance pricing.
The D.C. Council approved the bill, k… [+3298 chars]"
Phan Tich Giay,Premier league bans gambling sponsors,The long-anticipated front-of-shirt gambling sponsorship ban has officially taken effect for the 2026-27 season.,https://www.footyheadlines.com/2646571793/betting-ban-takes-effect-no-more-gambling-sponsors-in-the-premier-league.html,2026-07-30T23:40:59Z,"<ul><li>Gambling Sponsorship Ban Implemented: The front-of-shirt gambling sponsorship ban officially took effect for the 2026-27 Premier League season, completely eliminating betting companies from t… [+3301 chars]"
Chris Wheatley,The Real-Life Story Behind the Brutal Long Winter in ‘Little House on the Prairie’,The beloved book series—now adapted again for Netflix—tackles the real history of the “Hard Winter.”,https://www.mentalfloss.com/history/real-life-story-long-winter-little-house-on-the-prairie,2026-07-10T22:00:00Z,"Born in 1867, Laura Ingalls Wilder was a teacher, journalist, and writer whose Little House on the Prairie series of novels have become beloved of generations of children and adults alike. 
The book… [+2472 chars]"
Reuters,New Zealand study finds nitrates in drinking water may cause 120 premature births a year,July 14 (Reuters) - About 120 premature births a year in New Zealand may be caused by exposure to drinking water contaminated with nitrates from the country'...,https://www.yahoo.com/news/science/articles/zealand-study-finds-nitrates-drinking-051921578.html,2026-07-14T05:19:21Z,"July 14 (Reuters) - About 120 premature births a year in New Zealand may be caused by exposure to drinking water contaminated with nitrates from the country's farming industry, according to a new nat… [+2129 chars]"
Al Jazeera,Russia readies to reroute exports from Sea of Azov after Ukrainian attacks,"Ukraine says drones hit 11 Russian vessels in the Azov Sea, targeting tankers, dry cargo ships, and a tugboat overnight.",https://www.aljazeera.com/news/2026/7/14/russia-readies-to-reroute-exports-from-sea-of-azov-after-ukrainian-attacks,2026-07-14T12:14:10Z,"Russia says it is working to reroute grain shipments from the Sea of Azov after its vessels came under Ukrainian attacks in the sea, as Kyiv claimed it hit 11 more Russian vessels in overnight strike… [+2573 chars]"
,Russian missile strike kills 10 in Black Sea near Ukraine,"A Russian missile strike on a ‌ship carrying corn near Ukraine's southern port of Odesa killed 10 people, Ukrainian officials said on Monday, in the deadliest attack in a weeks-long flare-up of violence in the Black Sea.",https://www.cbc.ca/news/world/russia-ukraine-war-day-1609-9.7276322,2026-07-20T15:12:39Z,"A Russian missile strike on a ship carrying corn near Ukraine's southern port of Odesa killed 10 people, Ukrainian officials said on Monday, in the deadliest attack in a weeks-long flare-up of violen… [+3566 chars]"
RT,Russia sets new wheat export record – report,"Russia has shipped more than 850,000 tons of wheat to Tanzania, up 16% from a year earlier, Agroexport has said Read Full Article at RT.com",https://www.rt.com/africa/642636-russia-sets-wheat-export-record/,2026-07-06T14:21:31Z,"Russia shipped a record volume of wheat to Tanzania in the 2025/26 season, exporting more than 850,000 tons, the Russian agriculture export agency Agroexport reported on Monday. 
The agency stated t… [+1746 chars]"
Al Jazeera,Why is Uganda experiencing a food crisis?,"At least 19 people have died of starvation in the country and 1.5 million are at risk of malnutrition, experts warn.",https://www.aljazeera.com/news/2026/7/29/why-is-uganda-experiencing-a-food-crisis,2026-07-29T08:04:25Z,"A hunger crisis is brewing in Uganda as the country battles its worst drought in decades.
Crops across the country have failed, and families are losing loved ones as the crisis deepens across the co… [+7069 chars]"
Conor Gallagher,Why Is NATO Attacking ExxonMobil and Chevron Infrastructure in the Black Sea?,"Russia blockades Odessa, grain wars, friction increases between Ankara and Moscow, and NATO lake plans have failed miserably.",https://www.nakedcapitalism.com/2026/07/why-is-nato-attacking-exxonmobil-and-chevron-infrastructure-in-the-black-sea.html,2026-07-22T10:00:13Z,"As part of the escalating NATO-Ukraine front against Russian energy infrastructure, on the night of July 17 a Liberian-flagged crude oil tanker was struck twice by drones. A subsequent fire on board … [+11180 chars]"
"nickodiaz@sbcglobal.net (Nickolas Diaz) , Nickolas Diaz",This is huge—Samsung Galaxy Ring will offer FDA-cleared Sleep Apnea detection,Samsung announced during Galaxy Unpacked that the Galaxy Ring has been FDA-cleared for the detection of a major sleep condition.,https://www.androidcentral.com/wearables/samsung-galaxy-ring/this-is-huge-samsung-galaxy-ring-will-offer-fda-cleared-sleep-apnea-detection,2026-07-22T15:24:38Z,"What you need to know
<ul><li>Samsung announced during Galaxy Unpacked that the Galaxy Ring will receive Sleep Apnea detection ""this fall.""</li><li>The company states that the Galaxy Ring will be th… [+3191 chars]"
Morgan Rizzo,"I live in Rhode Island. My favorite town to visit in the summer has great seafood, quiet beaches, and a bamboo forest.","As a lifelong New England local, my favorite Rhode Island town to visit in the summer is Charlestown, home to quiet beaches and great seafood.",https://www.businessinsider.com/best-rhode-island-town-to-visit-summer-charlestown-new-england-2026-7#article,2026-07-13T17:14:01Z,"Charlestown is a cute, cozy beach town near Watch Hill.Arthur D'Amario III/Shutterstock
<ul><li>As a local, one of my favorite Rhode Island towns to visit in the summer is Charlestown.</li><li>There… [+4148 chars]"
Austin Schroeder,"Corn Rallies on Wednesday, with Spillover Support","Corn futures posted gains of 5 to 9 cents across the board at the close on Wednesday, getting spillover support from near limit gains in wheat. That came des...",https://www.barchart.com/story/news/3306092/corn-rallies-on-wednesday-with-spillover-support,2026-07-15T22:17:08Z,"Corn field blue sky by Alberto Masnovo via iStock
Corn futures posted gains of 5 to 9 cents across the board at the close on Wednesday, getting spillover support from near limit gains in wheat. That… [+1547 chars]"
Maram Humaid,Life without refrigerators: Gaza residents fight heat and food spoilage,"Gaza families endure scorching summers without refrigerators, struggling to preserve food, medicine and basics.",https://www.aljazeera.com/economy/2026/7/24/life-without-refrigerators-gaza-residents-fight-heat-and-food-spoilage,2026-07-24T16:32:35Z,"Gaza City Inside the tent Malak al-Zaanin has lived in since being displaced from her home in Gaza, the mother of four holds a tray of rice her family received that afternoon from a nearby community … [+6300 chars]"
staff@jalopnik.com (Charles Krome),"Drive-Thru Bans Are Increasing, But Then, So Are Drive-Thrus Themselves","Several cities have dropped the ban hammer on drive-thrus, but thousands of new ones continue to pop up every year, earning chains like Chipotle record profits.",https://www.jalopnik.com/2215987/drive-thru-bans-cities-governments-popular/,2026-07-15T20:25:00Z,"It's become something like a Whack-a-Mole nightmare: Drive-thru restaurants are popping up across the country in ever-larger numbers, despite more and more cities trying to drop the hammer on new dri… [+1308 chars]"
Juan Cole,MI6 & Climate: Ecosystem Collapse and British Hunger in Near Future,The Netanyahu-Trump war on Iran has resulted in a severe fertilizer shortage that will show up as high food inflation this fall and winter 2027,https://www.juancole.com/2026/07/climate-ecosystem-collapse.html,2026-07-15T04:15:42Z,Ann Arbor (Informed Comment) – Fiona Harvey at The Guardian covers the continued clamor by members of the British parliament for the release of a dire classified environmental warning produced with t… [+5111 chars]
"Andrew Freedman, CNN",We knew this Super El Niño would be intense. But it could end up being even worse than anticipated,"This El Niño could set the new benchmark for peak intensity, with potentially dire implications for the extreme weather events it influences worldwide.",https://www.cnn.com/2026/07/06/weather/super-el-nino-intensity-forecast-climate,2026-07-06T12:00:25Z,"Scientists have been keeping a close eye on the tropical Pacific Ocean for months now, anticipating the emergence of an intense, ""Super"" El Niño that would be among the stronger events on record. Now… [+5104 chars]"
Jennifer Young,"""The consequence of that is that you don't actually possess the data yourself. There are companies that own these servers and let you 'turn the tap' for a monthly fee."" Hideo Kojima speaks on the death of physical media",Hideo Kojima warns that plans like PlayStation’s 2028 physical disc ban threaten game preservation and true media ownership.,https://www.windowscentral.com/gaming/the-consequence-of-that-is-that-you-dont-actually-possess-the-data-yourself-there-are-companies-that-own-these-servers-and-let-you-turn-the-tap-for-a-monthly-fee-hideo-kojima-speaks-on-the-death-of-physical-media,2026-07-05T14:13:24Z,"Sony's announcement that it will cease physical disc production by January 2028 has had a seismic impact on the gaming industry,. As players look forward to a disc-less future with the arrival of the… [+5160 chars]"
Darin Newsom,Behind the Grain Rally: Real Commercial Demand or Just Headline Noise?,I joined Michelle Rook on Markets Now to analyze whether recent grain market rallies are driven by genuine commercial demand or just short-term fund activity...,https://www.barchart.com/story/news/3166999/behind-the-grain-rally-real-commercial-demand-or-just-headline-noise,2026-07-07T16:11:48Z,"Michelle Rook: Right, and like you said, USDA did not confirm any of the business that was reported yesterday by some of the wire services. They said maybe five cargoes was bought by Costco. And like… [+9609 chars]"
Gaby Del Valle,The right-wing boomers protesting data centers have a lot in common with the left,"On a gray, humid Saturday morning in central Florida, a little under a dozen people gathered outside the Spring Hill Branch Library to protest the construction of a hyperscale data center in their community. There was no immediate threat - the Hernando County…",https://www.theverge.com/policy/969667/humans-first-data-center-protest-hernando-county-florida-republicans,2026-07-22T21:50:09Z,"<ul><li></li><li></li><li></li></ul>
The right-wing boomers protesting data centers have a lot in common with the left
The conservative backlash is about jobs, the environment, quality of life and … [+11243 chars]"
Don Dawson,Wheat's Bullish Fundamentals Are Growing—So Why Do Prices Keep Falling?,Don't argue with the market. Everything about wheat's fundamentals says prices should be stronger... yet the trend has been down since May. Is the market wro...,https://www.barchart.com/story/news/3253388/wheat-s-bullish-fundamentals-are-growingso-why-do-prices-keep-falling,2026-07-13T13:00:02Z,"Harvest machine approaching with foreground of wheat by Jodie777 via iStock
The wheat market remains supported by several bullish fundamental factors, yet prices have steadily declined since May 202… [+5863 chars]"
Allie Kelly,Mamdani's biggest promises are now this millennial's day job,Sam Levine runs the NYC Department of Consumer and Worker Protection. He told BI about his consumer gripes and Taco Bell celebration with Mamdani.,https://www.businessinsider.com/mamdani-work-consumer-czar-ripoffs-business-practices-sam-levine-2026-6#article,2026-07-12T09:00:01Z,"Mamdani insider Sam Levine oversees all workers and consumers in New York City.Corrie Aune for BI
Sam Levine can't stand a ripoff.He's New York City's millennial commissioner of Consumer and Worker … [+10690 chars]"
Hamid Zand Ph.D.,"If You Cannot Beat Obesity, at Least Lower Its Complications","If you cannot lose weight, do not give up. Regular exercise, real food, gut care, and stress management can slow aging and reduce obesity-related complications.",https://www.psychologytoday.com/us/blog/the-behavioral-microbiome/202607/if-you-cannot-beat-obesity-at-least-lower-its-complications,2026-07-20T19:35:24Z,"Obesity is not just about the number on the scale. It quietly messes with your daily life. You buy clothes, and they do not fit right. Socially, people treat you differently, even if they do not say … [+5978 chars]"
info@thehackernews.com (The Hacker News),Nine-Year Fraud Campaign Clones Russian Company Sites to Steal Advance Payments,"Cybersecurity researchers have disclosed details of a large-scale fraud campaign that involves creating lookalike websites of major Russian companies with an aim to siphon funds from international firms for more than nine years.

According to Russian cybersec…",https://thehackernews.com/2026/07/nine-year-fraud-campaign.html,2026-07-29T13:42:57Z,Cybersecurity researchers have disclosed details of a large-scale fraud campaign that involves creating lookalike websites of major Russian companies with an aim to siphon funds from international fi… [+5330 chars]
Ramon Tomey,Shadow Harvest: The hidden war on your dinner plate,"According to “Shadow Harvest: The Coming Famine and the War on the Global Food Chain,” the Strait of Hormuz is a critical chokepoint for global energy. Twenty million barrels of oil pass through it daily, and its disruption would immediately threaten the glob…",https://www.naturalnews.com/2026-07-05-shadow-harvest-hidden-war-your-dinner-plate.html,2026-07-05T06:00:00Z,"<ul><li>According to ""Shadow Harvest: The Coming Famine and the War on the Global Food Chain,"" the Strait of Hormuz is a critical chokepoint for global energy. Twenty million barrels of oil pass thro… [+4716 chars]"
Garrison Vance,"Health Ranger Report: Adams, Yon and Bracken Warn of Civilizational Reset","The Health Ranger Mike Adams, Michael Yon and Matt Bracken warned of an impending civilizational reset during a recent edition of the “Health Ranger Report” – pointing out that the global system is approaching a reset of unprecedented scale, one that most Wes…",https://www.naturalnews.com/2026-07-24-adams-yon-bracken-warn-of-civilizational-reset.html,2026-07-24T06:00:00Z,"The Health Ranger Mike Adams, Michael Yon and Matt Bracken warned of an impending civilizational reset during a recent edition of the ""Health Ranger Report""  pointing out that the global system is ap… [+6852 chars]"
,Rice and Guehi give England injury boost ahead of Norway quarter-final,"Declan Rice, Marc Guehi and Reece James gave England a triple injury boost ahead of their World Cup quarter-final with Norway.",https://www.skysports.com/football/news/12016/13562422/world-cup-2026-englands-declan-rice-marc-guehi-and-reece-james-train-ahead-of-quarter-final-with-norway,2026-07-10T21:10:00Z,"Declan Rice, Marc Guehi and Reece James gave England a triple injury boost ahead of their World Cup quarter-final with Norway. 
Rice had been struggling with illness after Monday's last-16 win in Me… [+2255 chars]"
elmiram,Anime Professions,Which real-world jobs does anime actually show? ~22k titles classified to ISCO-08. Live explorer + dataset. - elmiram/anime-professions,https://github.com/elmiram/anime-professions,2026-07-26T13:30:39Z,"Which real-world jobs does anime actually show? This project scans 21,988 anime and
counts how often each occupation appears a complete lookup table keyed to ISCO-08, the
UN/ILO's standard occupati… [+7531 chars]"
Yulia Shapovalova,‘The crisis is deep’: The view from Russia as fuel shortages worsen,Officials are rationing fuel as Ukrainian strikes on refineries imperil supply.,https://www.aljazeera.com/news/2026/7/2/the-crisis-is-deep-the-view-from-russia-as-fuel-shortages-worsen,2026-07-02T08:06:59Z,"Moscow, Russia Russia faces a severe fuel deficit as Ukrainian drone strikes knock out a significant portion of its refining capacity.
With continuing war in Ukraine and agricultural harvesting unde… [+3832 chars]"
Nicholas Gordon,"Markets may have just experienced their second DeepSeek shock, this time thanks to a Chinese AI lab named after a Pink Floyd album",K3 might undermine the conventional wisdom that U.S. firms can maintain their extended lead by simply outspending Chinese competitors on computing power.,https://finance.yahoo.com/technology/ai/articles/markets-may-just-experienced-second-181540637.html,2026-07-17T18:15:40Z,"On Thursday, Moonshot AI, a Beijing-based AI startup, unveiled the latest version of its Kimi large language model, which promises performance close to Anthropic's Fable 5perhaps the most powerful pu… [+7684 chars]"
Lance D Johnson,"We are living through WWIII, and sleepwalking into a holocaust, as our economic system teeters","In a special broadcast on X, Alex Jones declared that humanity is “sleepwalking into a holocaust,” arguing that the current global instability was orchestrated long ago. From Ukraine to the Middle East, Jones claimed that the conflicts were planned years in a…",https://www.naturalnews.com/2026-07-23-we-are-living-through-wwiii-sleepwalking-into-holocaust.html,2026-07-23T06:00:00Z,"In a special broadcast on X, Alex Jones declared that humanity is sleepwalking into a holocaust, arguing that the current global instability was orchestrated long ago. From Ukraine to the Middle East… [+6777 chars]"
Conor Gallagher,Links 7/20/2026,"Our daily links, including EU crumbling support for Russia sanctions, Trump treads lightly with China, wildfires across the world, and happy skepticism.",https://www.nakedcapitalism.com/2026/07/links-7-20-2026.html,2026-07-20T10:58:47Z,"Is ambient music evil? Blackbird Spyplane
The San Andreas fault has gone ominously silent. Scientists fear when it finally snaps Los Angeles Times
Private equity is buying up Canadas disaster econo… [+7124 chars]"
Jade Bryan Jardinico,I let Gemini track my meals and workouts; it's a surprisingly brilliant health coach,Google's assistant transformed my raw health data into incredibly actionable insights,https://www.androidpolice.com/i-let-gemini-track-meals-workouts-it-is-brilliant-health-coach/,2026-07-20T11:00:16Z,"Ive been rocking the Google Fitbit Air for a few weeks now. So far, I have nothing but positive things to say about this screen-less tracker.
While I have a few minor complaints, those gripes are al… [+12154 chars]"
Mike Adams,The Invisible Bottleneck: Why Your Food Supply Depends on Fertilizers That Can’t Be Made Without Sulfur,"When the Sulfur Runs Out, Famine Isn’t Far Behind Most people think of fertilizer in terms of nitrogen, phosphorus, and potassium — the familiar N-P-K numbers on a bag. But there is a fourth element that makes modern agriculture possible, and it sits invisibl…",https://www.naturalnews.com/2026-07-03-invisible-bottleneck-food-supply-depends-on-fertilizers.html,2026-07-03T06:00:00Z,"When the Sulfur Runs Out, Famine Isn't Far Behind
Most people think of fertilizer in terms of nitrogen, phosphorus, and potassium -- the familiar N-P-K numbers on a bag. But there is a fourth elemen… [+7487 chars]"
Nicholas Gordon,"China’s Moonshot, Z.AI, and DeepSeek are challenging U.S. AI labs—and beating them on cost","“The AI ecosystem in China is probably much better than people thought.""",https://finance.yahoo.com/technology/ai/articles/china-moonshot-z-ai-deepseek-210000352.html,2026-07-26T21:00:00Z,"It was, perhaps, the worst-kept secret in the AI community.
In mid-July, online sleuths who obsessively track the internet for signs of new AI models started to whisper about the latest offering fro… [+9540 chars]"
Timothy Geigner,USPTO Denies MLB’s Insane Attempt To Trademark ‘Play Ball’,"There is no shortage of examples of Major League Baseball attempting to wield overly broad trademarks its obtained to bully others, nor examples of MLB attempting to stretch its trademark rights much further than they go. MLB opposed a trademark for a Brookly…",http://www.techdirt.com/2026/07/20/uspto-denies-mlbs-insane-attempt-to-trademark-play-ball/,2026-07-21T03:06:25Z,"from the play-trademark-ball dept
There is no shortage of examples of Major League Baseball attempting to wield overly broad trademarks its obtained to bully others, nor examples of MLB attempting t… [+3375 chars]"
Austin Schroeder,Wheat Strengthens into the Friday Close,"The wheat complex was in rally mode to close out the week, finishing higher in all three exchanges. Chicago SRW contracts were 4 ¾ to 9 ½ cents higher across...",https://www.barchart.com/story/news/3342300/wheat-strengthens-into-the-friday-close,2026-07-17T20:55:03Z,"Harvest machine approaching with foreground of wheat by Jodie777 via iStock
The wheat complex was in rally mode to close out the week, finishing higher in all three exchanges. Chicago SRW contracts … [+1768 chars]"
Reuters,"Grains Markets Hit New Highs on Black Sea Attacks, Crude Oil Rally","Escalating attacks on Black Sea shipping and ports have sent wheat prices soaring to their highest in two years, stoking fresh concerns over food inflation as one of the world's most important grain export routes comes under renewed threat.",https://gcaptain.com/grains-markets-hit-new-highs-on-black-sea-attacks-crude-oil-rally/,2026-07-24T20:40:21Z,"PARIS, July 24 (Reuters) – Escalating attacks on Black Sea shipping and ports have sent wheat prices soaring to their highest in two years, stoking fresh concerns over food inflation as one of the wo… [+3223 chars]"
Austin Schroeder,Wheat Showing Modest Monday Morning Strength,"Wheat is trading with modest 2 to 5 cent gains so far on Monday. The wheat complex was in rally mode to close out the week, finishing higher in all three exc...",https://www.barchart.com/story/news/3363183/wheat-showing-modest-monday-morning-strength,2026-07-20T12:32:02Z,"Harvesting wheat by Bence Balla-Schottner via Unsplash
Wheat is trading with modest 2 to 5 cent gains so far on Monday. The wheat complex was in rally mode to close out the week, finishing higher in… [+2115 chars]"
Brittney Melton,"Iran-backed Houthis announce blockade. And, Cyclospora source remains unknown","Iran-backed Houthis say they will blockade a waterway on the Red Sea. And, the FDA continues to investigate Taylor Farms lettuce as a source of the Cyclospora outbreak despite a retracted test.",https://www.npr.org/2026/07/21/g-s1-134720/up-first-newsletter-yemen-houthi-iran-war-pete-hegseth-pentagon-fda-cyclospora,2026-07-21T11:12:41Z,"Good morning. You're reading the Up First newsletter. Subscribe here to get it delivered to your inbox, and listen to the Up First podcast for all the news you need to start your day.
Today's top st… [+6198 chars]"
Omkar Khandekar,India's Gen Z 'Cockroach People's Party' started as satire but is serious about change,"They call themselves the ""cockroaches"" and they're on the march — demanding action against corruption, amid a shortage of opportunities for young people in India.",https://www.npr.org/2026/07/20/nx-s1-5889515/india-gen-z-cockroach-party-protests,2026-07-20T16:36:04Z,"NEW DELHI Thousands of protesters marched to India's Parliament on Monday, facing a police crackdown as the demonstrators demanded the resignation of the country's education minister, in one of the b… [+10947 chars]"
Lyndsey Matthews,An art and food-filled city escape: The ultimate Baltimore weekend getaway,"How to spend 48 hours in Baltimore, including where to stay, where to eat and drink and what to do.",https://thepointsguy.com/travel/baltimore-maryland-weekend-getaway/,2026-07-20T15:30:15Z,"Of all the major cities along the East Coast, Baltimore's compact size makes it one of the easiest to navigate in one weekend. But just because it is smaller than most of its neighbors doesn't mean t… [+10704 chars]"
SCOTT BAUER,"Wisconsin's capital city cancels signature events, grapples with fallout from police shooting","A police shooting in Wisconsin’s progressive capital city this week put the spotlight on persistent and deep racial divisions, prompting cancellations and ot...",https://www.yahoo.com/news/us/articles/wisconsins-capital-city-cancels-signature-142620185.html,2026-07-25T14:26:20Z,"MADISON, Wis. (AP) A police shooting in Wisconsin's progressive capital city this week put the spotlight on persistent and deep racial divisions, prompting cancellations and other changes to popular … [+4299 chars]"
Lance D Johnson,"Journalist Ben Swann reports on ENGINEERED SCARCITY of global food, fertilizer, and fuel","Conflicts in Ukraine, the Red Sea, and the Strait of Hormuz are converging to threaten global energy, food, and fertilizer supply chains simultaneously. Iran reportedly ordered the Houthis to prepare closing the Red Sea oil route if the U.S. struck Iranian po…",https://www.naturalnews.com/2026-07-24-journalist-ben-swann-reports-on-engineered-scarcity-of-global-food-fertilizer-and-fuel.html,2026-07-24T06:00:00Z,"<ul><li>Conflicts in Ukraine, the Red Sea, and the Strait of Hormuz are converging to threaten global energy, food, and fertilizer supply chains simultaneously.</li><li>Iran reportedly ordered the Ho… [+5126 chars]"
Austin Schroeder,Corn Retreating Early on Monday,"Corn price action is falling 12 to 14 cents early on Monday morning, pressured by an improving weather forecast and $6.07 losses in the crude oil. Futures we...",https://www.barchart.com/story/news/3478437/corn-retreating-early-on-monday,2026-07-27T12:35:02Z,"Corn, blue sky - by Skitterphoto via Pixabay__480x319
Corn price action is falling 12 to 14 cents early on Monday morning, pressured by an improving weather forecast and $6.07 losses in the crude oi… [+1854 chars]"
James Ramsay,Early Addition: The explosive diarrhea parasite hasn't slowed salad orders in NYC,"Because restaurants say customers still want their greens, here are your early links: Mamdani considering having Benjamin Netanyahu arrested, New Jersey's assault rifle ban struck down, slushie bodega still closed and more. [ more › ]",https://gothamist.com/news/early-addition-the-explosive-diarrhea-parasite-hasnt-slowed-salad-orders-in-nyc,2026-07-20T12:58:29Z,"Gothamist
Gothamist is a website about New York City news, arts, events and food, brought to you by New York Public Radio."
Makuochi Okafor,Cocaine worth $317m seized in Liberia's biggest-ever drugs bust,"The seizure follows a long-running investigation into drug-trafficking networks, police say.",https://www.bbc.com/news/articles/cyvl3zgr3v4o?xtor=AL-72-%5Bpartner%5D-%5Byahoo.north.america%5D-%5Bheadline%5D-%5Bnews%5D-%5Bbizdev%5D-%5Bisapi%5D,2026-07-23T08:01:40Z,"A huge quantity of cocaine has been seized during a raid on a suspected illegal storage facility near Liberia's capital, Monrovia, in what authorities say is the biggest drugs bust in the country's h… [+4112 chars]"
Austin Schroeder,"Corn Fades into Monday’s Close, as Crop Ratings Improve",Corn futures slipped into the Monday close as contracts were mostly 1 ½ to 2 ¾ cents higher. July was down ¼ cent. The CmdtyView national average Cash Corn p...,https://www.barchart.com/story/news/3262318/corn-fades-into-mondays-close-as-crop-ratings-improve,2026-07-13T22:22:46Z,"Ear of corn - by Couleur via Pixabay__480x320
Corn futures slipped into the Monday close as contracts were mostly 1 ½ to 2 ¾ cents higher. July was down ¼ cent. The CmdtyView national average Cash C… [+1494 chars]"
Austin Schroeder,Corn Finds Buyers to Close Friday Steady,"Corn futures were weak early on, but pulled more than 8 cents off the lows in the front months to close fractionally mixed. Some deferreds were down as much...",https://www.barchart.com/story/news/3456158/corn-finds-buyers-to-close-friday-steady,2026-07-24T22:12:50Z,"Yellow corn with husks removed by mute-gemini via Pixabay
Corn futures were weak early on, but pulled more than 8 cents off the lows in the front months to close fractionally mixed. Some deferreds w… [+1426 chars]"
Austin Schroeder,Corn Pushes Lower on Wednesday,"Corn futures gave back the bounce from Tuesday, with contracts closing the Wednesday session down 2 to 9 ½ cents, led by the nearbys. The CmdtyView national...",https://www.barchart.com/story/news/3537766/corn-pushes-lower-on-wednesday,2026-07-29T22:15:49Z,"Yellow corn with husks removed by mute-gemini via Pixabay
Corn futures gave back the bounce from Tuesday, with contracts closing the Wednesday session down 2 to 9 ½ cents, led by the nearbys. The Cm… [+1415 chars]"
,Russian attack on corn ship off Ukraine's Odesa kills 10,The Russian missile struck Guinea-Bissau-flagged Golden Leo in the Black Sea.,https://www.channelnewsasia.com/world/russia-ukraine-strike-ship-odesa-black-sea-6266221,2026-07-20T16:34:10Z,The Black Sea was a flashpoint of the Ukraine war in the months following Russia's 2022 full-scale invasion of its neighbour. But under a deal meant to ease global price shocks and allow both countri… [+1188 chars]
Austin Schroeder,Corn Corrects Lower on Wednesday,"Corn futures fell back on Wednesday after rallying nearly 40 cents off the lows last week, with contracts down 3 to 8 ¾ cents at the close. The CmdtyView nat...",https://www.barchart.com/story/news/3193884/corn-corrects-lower-on-wednesday,2026-07-08T22:16:28Z,"Open corn cob with green leaves via Kwangmoozaa via iStock
Corn futures fell back on Wednesday after rallying nearly 40 cents off the lows last week, with contracts down 3 to 8 ¾ cents at the close.… [+1632 chars]"
Abid Hussain,"‘Collapsed’: Roadblocks, internet blackout leave Pakistani Kashmir in limbo","Residents describe mounting hardship, as internet restrictions and road closures stretch into second month before polls.",https://www.aljazeera.com/features/2026/7/24/collapsed-roadblocks-internet-blackout-leave-pakistani-kashmir-in-limbo,2026-07-24T06:01:39Z,"Muzaffarabad, Pakistan-administered Kashmir Zaheer Iqbal remembers exactly how much fuel it took to save his brothers life. First, 2.5 litres to drive from his hilltop village of Keri Kot to the gove… [+10863 chars]"
,Starship delivery robots leave campuses for cities,"Starship Technologies is redeploying 1,200 delivery robots from U.S. college campuses to grocery delivery, but crowded city sidewalks pose new challenges.",https://www.foxnews.com/tech/starship-delivery-robots-leave-campuses-cities,2026-07-06T12:09:44Z,"Those little white robots that once rolled across college sidewalks with lattes, fries and late-night snacks are getting a new assignment. Starship Technologies recently announced that it will wind d… [+9589 chars]"
Austin Schroeder,Corn Slipping Lower at Midday,Corn futures are trading with midday losses of 1 to 2 cents on Friday. Spillover pressure from sharp losses in wheat are weighing on the market. The CmdtyVie...,https://www.barchart.com/story/news/3452086/corn-slipping-lower-at-midday,2026-07-24T17:22:19Z,"Ripe corn on the cob in a field via branex via iStock
Corn futures are trading with midday losses of 1 to 2 cents on Friday. Spillover pressure from sharp losses in wheat are weighing on the market.… [+1126 chars]"
Lightspeed Magazine,A Magical Ritual Keeps a Family’s Past Alive in This Speculative Short Story,"Read 'Waru Waru' by Ruth Joffre right here on io9, courtesy of Lightspeed Magazine.",https://gizmodo.com/a-magical-ritual-keeps-a-familys-past-alive-in-this-speculative-short-story-2000778034,2026-07-09T15:00:54Z,"io9 is proud to present fiction from Lightspeed Magazine. Once a month, we feature a storyfrom Lightspeeds current issue. This months selection is Waru Waru by Ruth Joffre. Enjoy!
Waru Waru
by Ruth… [+37316 chars]"
,QuadRF can spot drones and see WiFi through my wall,"The QuadRF (pictured above) a phased-array radio built around a Raspberry Pi 5 and an FPGA board with picosecond-level timing. It does advanced signal processing and beamforming.
It can see WiFi through walls and track drones in flight.
If the open source com…",https://www.jeffgeerling.com/blog/2026/quadrf-can-spot-drones-and-see-wifi-through-my-wall/,2026-07-10T15:59:53Z,"The QuadRF (pictured above) a phased-array radio built around a Raspberry Pi 5 and an FPGA board with picosecond-level timing. It does advanced signal processing and beamforming.
It can see WiFi thr… [+5470 chars]"
Austin Schroeder,"Wheat Pulls Off Early Friday Lows, Still See Pressure to Close the Week","The wheat complex was under pressure for much of the session from money coming off the table into the weekend, though buyers pulled things off the lows. Chic...",https://www.barchart.com/story/news/3456178/wheat-pulls-off-early-friday-lows-still-see-pressure-to-close-the-week,2026-07-24T22:12:50Z,"Golden wheat field at sunset by ParinPIX via Adobe Stock
The wheat complex was under pressure for much of the session from money coming off the table into the weekend, though buyers pulled things of… [+1915 chars]"
Austin Schroeder,Corn Rallying Out of the Long Weekend,"Corn price action is shooting 11 to 14 ¾ cents higher so far on Monday morning, as the forecasts shift warmer. Futures were mixed on Thursday, with front mon...",https://www.barchart.com/story/news/3141428/corn-rallying-out-of-the-long-weekend,2026-07-06T12:42:44Z,"Corn, soybeans - by 12019 via Pixaba__427x320
Corn price action is shooting 11 to 14 ¾ cents higher so far on Monday morning, as the forecasts shift warmer. Futures were mixed on Thursday, with fron… [+2073 chars]"
David Edwards,'Unethical' Trump admin sting operation starves poor community of food: lawsuit,"A majority-Latino neighborhood in The Bronx was deprived of a food source after a Trump administration sting banned food stamps at a popular bodega over an alleged bottle of Clorox, a new lawsuit contends. Naji Shagera Al Yafai, the sole owner of Black Olive …",https://www.rawstory.com/trump-food-stamps-bleach-sting/,2026-07-24T14:15:38Z,"A majority-Latino neighborhood in The Bronx was deprived of a food source after a Trump administration sting banned food stamps at a popular bodega over an alleged bottle of Clorox, a new lawsuit con… [+2410 chars]"
Austin Schroeder,Corn Showing Fractional Gains Early Turnaround Tuesday,"Corn price action is just fractionally higher on Tuesday morning trade. Futures were in retreat mode on Monday with contracts down 2 ½ to 13 ½ cents, across...",https://www.barchart.com/story/news/3499262/corn-showing-fractional-gains-early-turnaround-tuesday,2026-07-28T12:28:53Z,"Ear of corn - by Couleur via Pixabay__480x320
Corn price action is just fractionally higher on Tuesday morning trade. Futures were in retreat mode on Monday with contracts down 2 ½ to 13 ½ cents, ac… [+1794 chars]"
Karly Tucker,"MAHA Win in Arkansas: ‘Food, Not Junk’ for Food Stamps","Arkansas Gov. Sarah Huckabee Sanders is celebrating a state ban on food stamps being used on candy and soda as part of the Make America Healthy Again effort, despite lawsuits against similar waivers.  “Arkansas is getting soft drinks and candy OFF food stamps…",https://www.dailysignal.com/2026/07/10/maha-win-in-arkansas-food-not-junk/,2026-07-10T14:50:00Z,"Arkansas Gov. Sarah Huckabee Sanders is celebrating a state ban on food stamps being used on candy and soda as part of the Make America Healthy Again effort, despite lawsuits against similar waivers.… [+3062 chars]"
Danielle Han,The Administration Wants More Blank Checks for a War It Already Said Is Over,Pete Hegseth appeared before the Senate Appropriations Committee to ask for nearly double the amount of what the war in Iran has already cost.,https://www.jezebel.com/the-administration-wants-more-blank-checks-for-a-war-it-already-said-is-over,2026-07-22T08:58:08Z,"Somewhere between eking out crappy push-ups and obsessing over the testosterone levels of American soldiers, 
War
 Defense Secretary Pete Hegseth found time in his fudgeling-packed schedule this we… [+3349 chars]"
Subramani Ra Mancombu,"India should opt for need-based grain purchases, allow private sector to buy more: Ramesh Chand","Calling for alternative procurement policy, the former NITI Aayog member says the government should ensure MSP to farmers via price differential payment",https://www.thehindubusinessline.com/economy/agri-business/india-should-opt-for-need-based-grain-purchases-allow-private-sector-to-buy-more-ramesh-chand/article71206352.ece,2026-07-10T13:07:56Z,"The Indian government should opt for need-based procurement of wheat and rice, but ensure minimum support price (MSP) for farmers through price differential payment (DP), former NITI Aayog member Ram… [+3161 chars]"
https://www.facebook.com/bbcnews,Saudi Arabia's dilemma as it tries to stay out of US-Iran war,The kingdom faces a choice of whether to keep hitting back as a deterrent or to try to de-escalate the situation.,https://www.bbc.co.uk/news/articles/clyx83l8jv8o,2026-07-29T18:41:31Z,"In response, the Saudis pumped as much oil as they could around five million barrels per day - through their east-west pipeline to their export terminal on the Red Sea, on its opposite coast, at Yanb… [+1259 chars]"
,BBC reports from the Strait of Hormuz during fragile ceasefire,"Dozens of boats are still anchored in the Strait, while ordinary Iranians try to continue to their lives.",https://www.bbc.co.uk/news/videos/c04yxq2dldpo,2026-07-02T17:56:11Z,"The BBC is the first international broadcaster to report from the Strait of Hormuz, revealing how Iranians at the heart of the crisis are living through a fragile ceasefire. 
An agreement made last … [+354 chars]"
https://www.facebook.com/bbcnews,Nato allies announce £37bn for new missile project,Prime Minister Sir Keir Starmer will convene around a dozen leaders to discuss the programme in Ankara.,https://www.bbc.co.uk/news/articles/ckg4e3lwzqzo,2026-07-08T03:12:00Z,"At the summit, Sir Keir is expected to underline the threat posed by Russia to the UK and Nato. 
The government said Nato had scrambled fighter jets to intercept Russian aircraft approaching allied … [+2165 chars]"
Emily Feng,"Amid U.S.-Iran war, Houthi rebels threaten to blockade another key strait","The Houthis, a Shiite militia in Yemen, which is aligned with Iran, have announced a naval blockade of a key waterway, the Bab Al-Mandeb Strait.",https://www.npr.org/2026/07/21/nx-s1-5901846/us-iran-updates,2026-07-21T10:21:43Z,"TEL AVIV The Houthis, a Yemeni Shiite militia which is aligned with Iran, have announced a naval blockade of a key waterway, the Bab Al-Mandeb Strait.
In a video statement, a Houthi spokesperson sai… [+3648 chars]"
JON GAMBRELL,US strikes bridges and collapses a tower at a key port as its Iran campaign expands,"The United States expanded its airstrike campaign against Iran early Friday by hitting more bridges and collapsing a tower at a key Iranian port, part of U.S...",https://www.yahoo.com/news/world/articles/us-airstrikes-iran-appear-damaged-041126104.html,2026-07-17T04:11:26Z,"DUBAI, United Arab Emirates (AP) The United States expanded its airstrike campaign against Iran early Friday by hitting more bridges and collapsing a tower at a key Iranian port, part of U.S. Preside… [+4280 chars]"
NPR Staff,"U.S. strikes bridges in Iran, Tehran targets U.S. bases in the Gulf","The U.S. and Iran expanded their targets in the latest round of strikes on Friday, as fighting over the control of the Strait of Hormuz reignites fears of an all-out war.",https://www.npr.org/2026/07/17/g-s1-134158/us-iran-war-updates,2026-07-17T11:13:58Z,"The U.S. and Iran expanded their targets in the latest round of strikes on Friday, as fighting over the control of the Strait of Hormuz reignites fears of an all-out war.
The U.S. military said
 it… [+3176 chars]"
https://www.facebook.com/bbcnews,Ryanair profits drop as Iran war puts off passengers and lifts fuel costs,The Irish airline said oil prices had increased costs meanwhile Brent crude surpassed $90.,https://www.bbc.co.uk/news/articles/cn8nldwj12jo,2026-07-20T07:26:56Z,"Ryanair's profits have fallen sharply as war in the Middle East sent jet fuel prices soaring and customers reluctant to book flights.
The Irish airline's pre-tax profits dropped 34% to 593m (£503m) … [+1390 chars]"
CHRISTOPHER RUGABER and QASSIM ABDUL-ZAHRA,US oil firms sign deals with Iraq to develop alternative shipping routes,"U.S. companies signed roughly $60 billion in agreements and partnerships with the Iraqi government Friday, including deals intended to create alternative rou...",https://finance.yahoo.com/energy/articles/us-oil-firms-sign-deals-193623744.html,2026-07-17T19:36:23Z,"WASHINGTON (AP) U.S. companies signed roughly $60 billion in agreements and partnerships with the Iraqi government Friday, including deals intended to create alternative routes for shipping oil out o… [+4111 chars]"
https://www.facebook.com/bbcnews,Tankers make sharp U-turns after Houthi shipping threat,"All of the ships were travelling to or from Saudi ports before changing course, ship-tracking data shows.",https://www.bbc.co.uk/news/articles/cn0n127lpzgo,2026-07-22T14:42:49Z,"Naveen Das, a senior oil analyst from Kpler, told BBC Verify the only option left to the Saudis if the Bab al-Mandab Strait is effectively closed would be to move oil all the way through the Mediterr… [+1183 chars]"
Reuters,Houthi leader threatens Saudi oil facilities if Riyadh escalates in Yemen,July 16 (Reuters) - Yemen's Houthi leader Abdul Malik al-Houthi said on Thursday that all Saudi oil and other vital facilities would be targets for the group...,https://www.yahoo.com/news/world/articles/houthi-leader-threatens-saudi-oil-153113267.html,2026-07-16T15:31:13Z,July 16 (Reuters) - Yemen's Houthi leader Abdul Malik al-Houthi said on Thursday that all Saudi oil and other vital facilities would be targets for the group's missiles and drones if Riyadh escalated… [+1329 chars]
By Maggie Michael and Parisa Hafezi,"Exclusive-Iran flew IRGC commanders, missile gear to Yemen's Houthis, sources say","By Maggie Michael and Parisa Hafezi July 23 (Reuters) - Iran flew Islamic Revolutionary Guard Corps (IRGC) commanders, military advisers and missile- and dro...",https://www.yahoo.com/news/articles/exclusive-iran-flew-irgc-commanders-142235293.html,2026-07-23T17:49:53Z,"By Maggie Michael and Parisa Hafezi
July 23 (Reuters) - Iran flew Islamic Revolutionary Guard Corps (IRGC) commanders, military advisers and missile- and drone-related equipment into Yemen this mont… [+4748 chars]"
Sinéad Baker,Ukraine has gone from accepting just about any old weapon to showing Western militaries how modern war is fought,"Ukraine started Russia's full-scale invasion accepting any help it could get, and now it's helping allies prepare for new ways of war.",https://www.businessinsider.com/ukraine-gone-from-accepting-any-weapons-to-leader-helping-allies-2026-7#article,2026-07-24T11:33:01Z,"Ukraine's allies now see it as a key partner that helps their own future security.Serhii Mykhalchuk/Global Images Ukraine via Getty Images
<ul><li>Ukraine started its fight against Russia's full-sca… [+7537 chars]"
Andrew J. Hawkins,Electric air taxis go to war,"Electric aviation is still in its infancy, but manufacturers are already looking beyond mere air taxi trips across cities. Today, one of the leading air taxi startups, San Jose-based Archer Aviation, unveiled a new aircraft it co-developed with defense techno…",https://www.theverge.com/transportation/967891/archer-evtol-military-anduril-air-taxi-thunder,2026-07-20T13:52:21Z,"<ul><li></li><li></li><li></li></ul>
Archer Aviation revealed the Thunder hybrid vertical takeoff and landing aircraft that it co-developed with Palmer Luckeys Anduril.
Archer Aviation revealed the… [+3387 chars]"
Brent D. Griffiths,Trump says US will reinstate blockade on Strait of Hormuz and impose a 20% fee on all cargo,"President Donald Trump said the 20% fee on cargo was necessary to ""do the job of providing safety and security"" to the region.",https://www.businessinsider.com/trump-strait-hormuz-blockade-cargo-fee-2026-7#article,2026-07-13T15:00:59Z,"Andrew Harnik/Getty Images
<ul><li>Donald Trump said the US will impose a 20% fee on ""all cargo shipped"" through the Strait of Hormuz.</li><li>Trump said that such a fee was needed to cover US costs… [+2061 chars]"
"Amanda Paule,Robert Leslie,Jessica Orwig",Satellite images show how Russia is winning the race for the Arctic as the US plays catch-up,"Russia has expanded its Arctic presence, building bases and icebreakers as the US struggles to rebuild amid geopolitical competition.",https://www.businessinsider.com/satellite-images-how-russia-winning-race-arctic-united-states-behind-2026-7#article,2026-07-17T12:38:08Z,"Russia upgraded its northernmost military base, Nagurskoye, in 2017. The trefoil shape allows soldiers to reach its sprawling facilities without needing to go outside.Google | Vantor
<ul><li>Satelli… [+9863 chars]"
Mike Pearl,"Meta Begins Data Center Invasion of Canada, Which Reminds Me of Some Weird Zuck Trivia",Let’s look at some of Mark Zuckerberg’s bizarre history with the nation of Canada,https://gizmodo.com/meta-begins-data-center-invasion-of-canada-which-reminds-me-of-some-weird-zuck-trivia-2000783304,2026-07-09T09:00:33Z,"Metas data center invasion of Canada has begun. It’s as good a time as any to remember that Mark Zuckerberg and Meta have a very strange history with Canada.
In a blog post, the company says its bre… [+3092 chars]"
"Robert Leslie,Amanda Paule,Marco Secci",Satellites show how America is losing a new cold war in the Arctic,"America has ambitions for the Arctic, but satellite imagery and shipping trackers make it clear there's only one winner in the melting north: Russia.",https://www.businessinsider.com/satellites-show-america-losing-new-cold-war-arctic-2026-7#article,2026-07-17T12:37:23Z,"America has ambitions for the Arctic that may even include invading Greenland. But when you analyze the satellite imagery and shipping trackers, there's only one winner in the melting Far North: Russ… [+476 chars]"
Rob Taub,"US troops on ground, fewer air attacks could lead to end of Iran war: Panel",Two retired Army generals believe the U.S. cannot win the war in Iran until troops are on the ground.,https://www.newsnationnow.com/politics/us-troops-iran-war-impact-panel/,2026-07-24T01:33:41Z,"(NewsNation) As President Donald Trump begins to expand his strategy in the Middle East, a retired Army brigadier general feels that there will only be minimal impact without U.S. troops on the groun… [+2751 chars]"
Shannon K. Kingston,"As diplomacy falters, US-Iran war expands: ANALYSIS",The 14-point deal with Iran signed by President Donald Trump in mid-June was supposed to be a diplomatic offramp.,https://abcnews.com/Politics/diplomacy-falters-us-iran-war-expands-analysis/story?id=135238633,2026-07-31T09:02:14Z,"The 14-point deal with Iran signed by President Donald Trump in mid-June was supposed to be a diplomatic offramp, one the architects of the agreement said would wind down the war and open new pathway… [+4513 chars]"
Tom Bennett; Paul Adams,Russian online retail warehouses hit by deadly Ukrainian strikes,"Drones targeted Wildberries facilities near Moscow and in Tambov. Ukraine's leader called them ""major logistics facilities"" supplying ""sanctioned components""...",https://www.bbc.com/news/articles/clyxlm877p2o?xtor=AL-72-%5Bpartner%5D-%5Byahoo.north.america%5D-%5Bheadline%5D-%5Bnews%5D-%5Bbizdev%5D-%5Bisapi%5D,2026-07-18T16:46:00Z,"Watch: Huge warehouse blaze in Moscow region following Ukrainian strikes
Eight people have been killed and 62 injured after Ukrainian drones struck two warehouses belonging to Russia's biggest onlin… [+4295 chars]"
Terrence O’Brien,White House deletes thousands of web pages about energy conservation as heatwave slams US,"The US Department of Energy reportedly deleted about 6,000 pages related to energy conservation as a historic heatwave tears across the country. The deletion was suspiciously timed, following Republican outrage over Mayor Zohran Mamdani asking New Yorkers to …",https://www.theverge.com/policy/961449/white-house-mamdani-heatwave-deletion,2026-07-04T16:19:06Z,"<ul><li></li><li></li><li></li></ul>
It follows Republican outrage over Mamdani offering the same heatwave advice as everyone else.
It follows Republican outrage over Mamdani offering the same heat… [+2897 chars]"
Emily Feng,U.S. nuclear power deal with Saudi Arabia faces criticism in Israel,"The nuclear power deal between the U.S. and Saudi Arabia was met with alarm in Israel as it deepened concerns that Israel, a major American ally, and Trump are increasingly diverging on foreign policy and security.",https://www.npr.org/2026/07/23/nx-s1-5904327/us-saudi-arabia-iran,2026-07-23T10:55:44Z,"TEL AVIV An agreement for U.S. companies to build and run nuclear energy plants in Saudi Arabia was met with alarm in Israel on Thursday, as the U.S. and Iran continued to trade strikes in the latest… [+5722 chars]"
Jordan Blum,Meet SLB: The $70 billion oil services giant poised to cash in on AI data centers and the post-Strait of Hormuz oil exploration boom,"For nearly a century, SLB has helped energy companies find hard-to-reach reserves. Now the global energy realignment is giving the French-Texan company a fre...",https://finance.yahoo.com/energy/articles/meet-slb-70-billion-oil-070000250.html,2026-07-24T07:00:00Z,"""The thing about SLB is they don't leave,"" said James West, head of energy and power at Melius Research. ""They don't leave countries when there's a coup or a change in government or a conflict.
""Eve… [+12318 chars]"
By Sergiy Karazy and Dan Peleschuk,"From steppe to sea, a Ukrainian drone unit hunts Russian ships","By Sergiy Karazy and Dan Peleschuk UNDISCLOSED LOCATION IN SOUTHERN UKRAINE, July 24 (Reuters) - In a field in southern Ukraine, soldiers scrawled sardonic m...",https://uk.news.yahoo.com/steppe-sea-ukrainian-drone-unit-070217611.html,2026-07-24T07:02:17Z,"By Sergiy Karazy and Dan Peleschuk
UNDISCLOSED LOCATION IN SOUTHERN UKRAINE, July 24 (Reuters) - In a field in southern Ukraine, soldiers scrawled sardonic messages on a sleek grey attack drone that… [+5539 chars]"
https://www.facebook.com/bbcnews,Trump reinstating naval blockade of Iranian ports,The US president also says Washington will charge a 20% toll on all cargo shipped through the Strait of Hormuz.,https://www.bbc.co.uk/news/articles/c8d2vn38dy1o,2026-07-13T17:24:55Z,"In Trump's Truth Social post on Monday, he wrote: ""The U.S.A. will be, from this point forward, known as ""THE GUARDIAN OF THE HORMUZ STRAIT,"" but as such, and as a matter of FAIRNESS, will be reimbur… [+1914 chars]"
https://www.facebook.com/bbcnews,"Saudis must recognise Israel for nuclear deal, says Trump",The US president says the landmark agreement to help Saudis develop nuclear energy is dependent on it joining the Abraham Accords.,https://www.bbc.co.uk/news/articles/cwye71yq8wwo,2026-07-23T13:00:38Z,"The landmark nuclear deal announced between the US and Saudi Arabia is dependent on Riyadh joining the Abraham Accords, in other words recognising the state of Israel, US President Donald Trump has s… [+1045 chars]"
Reuters,Drone threat in Russia's Yekaterinburg disrupts Wildberries operations and athletics championships,"YEKATERINBURG, Russia July 25 (Reuters) - A drone threat prompted leading Russian online retailer Wildberries to evacuate its logistics hub on Saturday in th...",https://www.yahoo.com/news/articles/drone-threat-russias-yekaterinburg-disrupts-113700370.html,2026-07-25T11:37:00Z,"YEKATERINBURG, Russia July 25 (Reuters) - A drone threat prompted leading Russian online retailer Wildberries to evacuate its logistics hub on Saturday in the city of Yekaterinburg, where the nationa… [+2378 chars]"
